## metadata
### sync_timeout 3600
### query_timeout 300
### autocommit false

## test
BEGIN;

CREATE TABLE IF NOT EXISTS regions (
    region_id SERIAL PRIMARY KEY,
    region_name CHARACTER VARYING (25)
);

CREATE TABLE IF NOT EXISTS countries (
    country_id CHARACTER (2) PRIMARY KEY,
    country_name CHARACTER VARYING (40),
    region_id INTEGER NOT NULL,
    FOREIGN KEY (region_id) REFERENCES regions (region_id) ON UPDATE CASCADE ON DELETE CASCADE
);

CREATE TABLE IF NOT EXISTS locations (
    location_id SERIAL PRIMARY KEY,
    street_address CHARACTER VARYING (40),
    postal_code CHARACTER VARYING (12),
    city CHARACTER VARYING (30) NOT NULL,
    state_province CHARACTER VARYING (35),
    country_id CHARACTER (2) NOT NULL,
    FOREIGN KEY (country_id) REFERENCES countries (country_id) ON UPDATE CASCADE ON DELETE CASCADE
);

CREATE TABLE IF NOT EXISTS departments (
    department_id SERIAL PRIMARY KEY,
    department_name CHARACTER VARYING (30) NOT NULL,
    location_id INTEGER,
    FOREIGN KEY (location_id) REFERENCES locations (location_id) ON UPDATE CASCADE ON DELETE CASCADE
);

CREATE TABLE IF NOT EXISTS jobs (
    job_id SERIAL PRIMARY KEY,
    job_title CHARACTER VARYING (35) NOT NULL,
    min_salary NUMERIC (8, 2),
    max_salary NUMERIC (8, 2)
);

CREATE TABLE IF NOT EXISTS employees (
    employee_id SERIAL PRIMARY KEY,
    first_name CHARACTER VARYING (20),
    last_name CHARACTER VARYING (25) NOT NULL,
    email CHARACTER VARYING (100) NOT NULL,
    phone_number CHARACTER VARYING (20),
    hire_date DATE NOT NULL,
    job_id INTEGER NOT NULL,
    salary NUMERIC (15, 2) NOT NULL,
    manager_id INTEGER,
    department_id INTEGER,
    FOREIGN KEY (job_id) REFERENCES jobs (job_id) ON UPDATE CASCADE ON DELETE CASCADE,
    FOREIGN KEY (department_id) REFERENCES departments (department_id) ON UPDATE CASCADE ON DELETE CASCADE,
    FOREIGN KEY (manager_id) REFERENCES employees (employee_id) ON UPDATE CASCADE ON DELETE CASCADE
);

CREATE TABLE IF NOT EXISTS dependents (
    dependent_id SERIAL PRIMARY KEY,
    first_name CHARACTER VARYING (50) NOT NULL,
    last_name CHARACTER VARYING (50) NOT NULL,
    relationship CHARACTER VARYING (25) NOT NULL,
    employee_id INTEGER NOT NULL,
    FOREIGN KEY (employee_id) REFERENCES employees (employee_id) ON DELETE CASCADE ON UPDATE CASCADE
);

COMMIT;

-- INSERTIN REGIONS --
BEGIN;
INSERT INTO regions (region_id, region_name) VALUES (1, 'Europe');
INSERT INTO regions (region_id, region_name) VALUES (2, 'North America');
INSERT INTO regions (region_id, region_name) VALUES (3, 'South America');
INSERT INTO regions (region_id, region_name) VALUES (4, 'Central America');
INSERT INTO regions (region_id, region_name) VALUES (5, 'Asia');
INSERT INTO regions (region_id, region_name) VALUES (6, 'Africa');
INSERT INTO regions (region_id, region_name) VALUES (7, 'Oceania');
INSERT INTO regions (region_id, region_name) VALUES (8, 'The Caribbean');
COMMIT;

-- INSERTING COUNTRIES --
BEGIN;

-- INSERTING COUNTRIES of Europe --
INSERT INTO countries (country_id, country_name, region_id) VALUES ('AL', 'Albania', 1);
INSERT INTO countries (country_id, country_name, region_id) VALUES ('AD', 'Andorra', 1);
INSERT INTO countries (country_id, country_name, region_id) VALUES ('AM', 'Armenia', 1);
INSERT INTO countries (country_id, country_name, region_id) VALUES ('AT', 'Austria', 1);
INSERT INTO countries (country_id, country_name, region_id) VALUES ('BY', 'Belarus', 1);
INSERT INTO countries (country_id, country_name, region_id) VALUES ('BE', 'Belgium', 1);
INSERT INTO countries (country_id, country_name, region_id) VALUES ('BA', 'Bosnia and Herzegovina', 1);
INSERT INTO countries (country_id, country_name, region_id) VALUES ('BG', 'Bulgaria', 1);
INSERT INTO countries (country_id, country_name, region_id) VALUES ('HR', 'Croatia', 1);
INSERT INTO countries (country_id, country_name, region_id) VALUES ('CY', 'Cyprus', 1);
INSERT INTO countries (country_id, country_name, region_id) VALUES ('CZ', 'Czech Republic', 1);
INSERT INTO countries (country_id, country_name, region_id) VALUES ('DK', 'Denmark', 1);
INSERT INTO countries (country_id, country_name, region_id) VALUES ('EE', 'Estonia', 1);
INSERT INTO countries (country_id, country_name, region_id) VALUES ('FI', 'Finland', 1);
INSERT INTO countries (country_id, country_name, region_id) VALUES ('FR', 'France', 1);
INSERT INTO countries (country_id, country_name, region_id) VALUES ('GE', 'Georgia', 1);
INSERT INTO countries (country_id, country_name, region_id) VALUES ('DE', 'Germany', 1);
INSERT INTO countries (country_id, country_name, region_id) VALUES ('GR', 'Greece', 1);
INSERT INTO countries (country_id, country_name, region_id) VALUES ('HU', 'Hungary', 1);
INSERT INTO countries (country_id, country_name, region_id) VALUES ('IS', 'Iceland', 1);
INSERT INTO countries (country_id, country_name, region_id) VALUES ('IE', 'Ireland', 1);
INSERT INTO countries (country_id, country_name, region_id) VALUES ('IT', 'Italy', 1);
INSERT INTO countries (country_id, country_name, region_id) VALUES ('XK', 'Kosovo', 1);
INSERT INTO countries (country_id, country_name, region_id) VALUES ('LV', 'Latvia', 1);
INSERT INTO countries (country_id, country_name, region_id) VALUES ('LI', 'Liechtenstein', 1);
INSERT INTO countries (country_id, country_name, region_id) VALUES ('LT', 'Lithuania', 1);
INSERT INTO countries (country_id, country_name, region_id) VALUES ('LU', 'Luxembourg', 1);
INSERT INTO countries (country_id, country_name, region_id) VALUES ('MT', 'Malta', 1);
INSERT INTO countries (country_id, country_name, region_id) VALUES ('MD', 'Moldova', 1);
INSERT INTO countries (country_id, country_name, region_id) VALUES ('MC', 'Monaco', 1);
INSERT INTO countries (country_id, country_name, region_id) VALUES ('ME', 'Montenegro', 1);
INSERT INTO countries (country_id, country_name, region_id) VALUES ('NL', 'Netherlands', 1);
INSERT INTO countries (country_id, country_name, region_id) VALUES ('MK', 'North Macedonia', 1);
INSERT INTO countries (country_id, country_name, region_id) VALUES ('NO', 'Norway', 1);
INSERT INTO countries (country_id, country_name, region_id) VALUES ('PL', 'Poland', 1);
INSERT INTO countries (country_id, country_name, region_id) VALUES ('PT', 'Portugal', 1);
INSERT INTO countries (country_id, country_name, region_id) VALUES ('RO', 'Romania', 1);
INSERT INTO countries (country_id, country_name, region_id) VALUES ('RU', 'Russia', 1);
INSERT INTO countries (country_id, country_name, region_id) VALUES ('SM', 'San Marino', 1);
INSERT INTO countries (country_id, country_name, region_id) VALUES ('RS', 'Serbia', 1);
INSERT INTO countries (country_id, country_name, region_id) VALUES ('SK', 'Slovakia', 1);
INSERT INTO countries (country_id, country_name, region_id) VALUES ('SI', 'Slovenia', 1);
INSERT INTO countries (country_id, country_name, region_id) VALUES ('ES', 'Spain', 1);
INSERT INTO countries (country_id, country_name, region_id) VALUES ('SE', 'Sweden', 1);
INSERT INTO countries (country_id, country_name, region_id) VALUES ('CH', 'Switzerland', 1);
INSERT INTO countries (country_id, country_name, region_id) VALUES ('UA', 'Ukraine', 1);
INSERT INTO countries (country_id, country_name, region_id) VALUES ('GB', 'United Kingdom', 1);
INSERT INTO countries (country_id, country_name, region_id) VALUES ('VA', 'Vatican City', 1);

-- INSERTING COUNTRIES of North America --
INSERT INTO countries (country_id, country_name, region_id) VALUES ('CA', 'Canada', 2);
INSERT INTO countries (country_id, country_name, region_id) VALUES ('US', 'United States', 2);
INSERT INTO countries (country_id, country_name, region_id) VALUES ('MX', 'Mexico', 2);

-- INSERTING COUNTRIES of South America --
INSERT INTO countries (country_id, country_name, region_id) VALUES ('AR', 'Argentina', 3);
INSERT INTO countries (country_id, country_name, region_id) VALUES ('BO', 'Bolivia', 3);
INSERT INTO countries (country_id, country_name, region_id) VALUES ('BR', 'Brazil', 3);
INSERT INTO countries (country_id, country_name, region_id) VALUES ('CL', 'Chile', 3);
INSERT INTO countries (country_id, country_name, region_id) VALUES ('CO', 'Colombia', 3);
INSERT INTO countries (country_id, country_name, region_id) VALUES ('EC', 'Ecuador', 3);
INSERT INTO countries (country_id, country_name, region_id) VALUES ('GY', 'Guyana', 3);
INSERT INTO countries (country_id, country_name, region_id) VALUES ('PY', 'Paraguay', 3);
INSERT INTO countries (country_id, country_name, region_id) VALUES ('PE', 'Peru', 3);
INSERT INTO countries (country_id, country_name, region_id) VALUES ('SR', 'Suriname', 3);
INSERT INTO countries (country_id, country_name, region_id) VALUES ('UY', 'Uruguay', 3);
INSERT INTO countries (country_id, country_name, region_id) VALUES ('VE', 'Venezuela', 3);

-- INSERTING COUNTRIES of Central America --
INSERT INTO countries (country_id, country_name, region_id) VALUES ('BZ', 'Belize', 4);
INSERT INTO countries (country_id, country_name, region_id) VALUES ('CR', 'Costa Rica', 4);
INSERT INTO countries (country_id, country_name, region_id) VALUES ('SV', 'El Salvador', 4);
INSERT INTO countries (country_id, country_name, region_id) VALUES ('GT', 'Guatemala', 4);
INSERT INTO countries (country_id, country_name, region_id) VALUES ('HN', 'Honduras', 4);
INSERT INTO countries (country_id, country_name, region_id) VALUES ('NI', 'Nicaragua', 4);
INSERT INTO countries (country_id, country_name, region_id) VALUES ('PA', 'Panama', 4);

-- INSERTING COUNTRIES of Asia --
INSERT INTO countries (country_id, country_name, region_id) VALUES ('AF', 'Afghanistan', 5);
INSERT INTO countries (country_id, country_name, region_id) VALUES ('AZ', 'Azerbaijan', 5);
INSERT INTO countries (country_id, country_name, region_id) VALUES ('BH', 'Bahrain', 5);
INSERT INTO countries (country_id, country_name, region_id) VALUES ('BD', 'Bangladesh', 5);
INSERT INTO countries (country_id, country_name, region_id) VALUES ('BT', 'Bhutan', 5);
INSERT INTO countries (country_id, country_name, region_id) VALUES ('BN', 'Brunei', 5);
INSERT INTO countries (country_id, country_name, region_id) VALUES ('KH', 'Cambodia', 5);
INSERT INTO countries (country_id, country_name, region_id) VALUES ('CN', 'China', 5);
INSERT INTO countries (country_id, country_name, region_id) VALUES ('IN', 'India', 5);
INSERT INTO countries (country_id, country_name, region_id) VALUES ('ID', 'Indonesia', 5);
INSERT INTO countries (country_id, country_name, region_id) VALUES ('IR', 'Iran', 5);
INSERT INTO countries (country_id, country_name, region_id) VALUES ('IQ', 'Iraq', 5);
INSERT INTO countries (country_id, country_name, region_id) VALUES ('IL', 'Israel', 5);
INSERT INTO countries (country_id, country_name, region_id) VALUES ('JP', 'Japan', 5);
INSERT INTO countries (country_id, country_name, region_id) VALUES ('JO', 'Jordan', 5);
INSERT INTO countries (country_id, country_name, region_id) VALUES ('KZ', 'Kazakhstan', 5);
INSERT INTO countries (country_id, country_name, region_id) VALUES ('KW', 'Kuwait', 5);
INSERT INTO countries (country_id, country_name, region_id) VALUES ('KG', 'Kyrgyzstan', 5);
INSERT INTO countries (country_id, country_name, region_id) VALUES ('LA', 'Laos', 5);
INSERT INTO countries (country_id, country_name, region_id) VALUES ('LB', 'Lebanon', 5);
INSERT INTO countries (country_id, country_name, region_id) VALUES ('MY', 'Malaysia', 5);
INSERT INTO countries (country_id, country_name, region_id) VALUES ('MV', 'Maldives', 5);
INSERT INTO countries (country_id, country_name, region_id) VALUES ('MN', 'Mongolia', 5);
INSERT INTO countries (country_id, country_name, region_id) VALUES ('MM', 'Myanmar', 5);
INSERT INTO countries (country_id, country_name, region_id) VALUES ('NP', 'Nepal', 5);
INSERT INTO countries (country_id, country_name, region_id) VALUES ('KP', 'North Korea', 5);
INSERT INTO countries (country_id, country_name, region_id) VALUES ('OM', 'Oman', 5);
INSERT INTO countries (country_id, country_name, region_id) VALUES ('PK', 'Pakistan', 5);
INSERT INTO countries (country_id, country_name, region_id) VALUES ('PS', 'Palestine', 5);
INSERT INTO countries (country_id, country_name, region_id) VALUES ('PH', 'Philippines', 5);
INSERT INTO countries (country_id, country_name, region_id) VALUES ('QA', 'Qatar', 5);
INSERT INTO countries (country_id, country_name, region_id) VALUES ('SA', 'Saudi Arabia', 5);
INSERT INTO countries (country_id, country_name, region_id) VALUES ('SG', 'Singapore', 5);
INSERT INTO countries (country_id, country_name, region_id) VALUES ('KR', 'South Korea', 5);
INSERT INTO countries (country_id, country_name, region_id) VALUES ('LK', 'Sri Lanka', 5);
INSERT INTO countries (country_id, country_name, region_id) VALUES ('SY', 'Syria', 5);
INSERT INTO countries (country_id, country_name, region_id) VALUES ('TW', 'Taiwan', 5);
INSERT INTO countries (country_id, country_name, region_id) VALUES ('TJ', 'Tajikistan', 5);
INSERT INTO countries (country_id, country_name, region_id) VALUES ('TH', 'Thailand', 5);
INSERT INTO countries (country_id, country_name, region_id) VALUES ('TL', 'Timor-Leste', 5);
INSERT INTO countries (country_id, country_name, region_id) VALUES ('TR', 'Turkey', 5);
INSERT INTO countries (country_id, country_name, region_id) VALUES ('TM', 'Turkmenistan', 5);
INSERT INTO countries (country_id, country_name, region_id) VALUES ('AE', 'United Arab Emirates', 5);
INSERT INTO countries (country_id, country_name, region_id) VALUES ('UZ', 'Uzbekistan', 5);
INSERT INTO countries (country_id, country_name, region_id) VALUES ('VN', 'Vietnam', 5);
INSERT INTO countries (country_id, country_name, region_id) VALUES ('YE', 'Yemen', 5);

-- INSERTING COUNTRIES of Africa --
INSERT INTO countries (country_id, country_name, region_id) VALUES ('DZ', 'Algeria', 6);
INSERT INTO countries (country_id, country_name, region_id) VALUES ('AO', 'Angola', 6);
INSERT INTO countries (country_id, country_name, region_id) VALUES ('BJ', 'Benin', 6);
INSERT INTO countries (country_id, country_name, region_id) VALUES ('BW', 'Botswana', 6);
INSERT INTO countries (country_id, country_name, region_id) VALUES ('BF', 'Burkina Faso', 6);
INSERT INTO countries (country_id, country_name, region_id) VALUES ('BI', 'Burundi', 6);
INSERT INTO countries (country_id, country_name, region_id) VALUES ('CM', 'Cameroon', 6);
INSERT INTO countries (country_id, country_name, region_id) VALUES ('CV', 'Cape Verde', 6);
INSERT INTO countries (country_id, country_name, region_id) VALUES ('CF', 'Central African Republic', 6);
INSERT INTO countries (country_id, country_name, region_id) VALUES ('TD', 'Chad', 6);
INSERT INTO countries (country_id, country_name, region_id) VALUES ('KM', 'Comoros', 6);
INSERT INTO countries (country_id, country_name, region_id) VALUES ('CG', 'Congo (Brazzaville)', 6);
INSERT INTO countries (country_id, country_name, region_id) VALUES ('CD', 'Congo (Kinshasa)', 6);
INSERT INTO countries (country_id, country_name, region_id) VALUES ('CI', 'Côte d''Ivoire', 6);
INSERT INTO countries (country_id, country_name, region_id) VALUES ('DJ', 'Djibouti', 6);
INSERT INTO countries (country_id, country_name, region_id) VALUES ('EG', 'Egypt', 6);
INSERT INTO countries (country_id, country_name, region_id) VALUES ('GQ', 'Equatorial Guinea', 6);
INSERT INTO countries (country_id, country_name, region_id) VALUES ('ER', 'Eritrea', 6);
INSERT INTO countries (country_id, country_name, region_id) VALUES ('SZ', 'Eswatini', 6);
INSERT INTO countries (country_id, country_name, region_id) VALUES ('ET', 'Ethiopia', 6);
INSERT INTO countries (country_id, country_name, region_id) VALUES ('GA', 'Gabon', 6);
INSERT INTO countries (country_id, country_name, region_id) VALUES ('GM', 'Gambia', 6);
INSERT INTO countries (country_id, country_name, region_id) VALUES ('GH', 'Ghana', 6);
INSERT INTO countries (country_id, country_name, region_id) VALUES ('GN', 'Guinea', 6);
INSERT INTO countries (country_id, country_name, region_id) VALUES ('GW', 'Guinea-Bissau', 6);
INSERT INTO countries (country_id, country_name, region_id) VALUES ('KE', 'Kenya', 6);
INSERT INTO countries (country_id, country_name, region_id) VALUES ('LS', 'Lesotho', 6);
INSERT INTO countries (country_id, country_name, region_id) VALUES ('LR', 'Liberia', 6);
INSERT INTO countries (country_id, country_name, region_id) VALUES ('LY', 'Libya', 6);
INSERT INTO countries (country_id, country_name, region_id) VALUES ('MG', 'Madagascar', 6);
INSERT INTO countries (country_id, country_name, region_id) VALUES ('MW', 'Malawi', 6);
INSERT INTO countries (country_id, country_name, region_id) VALUES ('ML', 'Mali', 6);
INSERT INTO countries (country_id, country_name, region_id) VALUES ('MR', 'Mauritania', 6);
INSERT INTO countries (country_id, country_name, region_id) VALUES ('MU', 'Mauritius', 6);
INSERT INTO countries (country_id, country_name, region_id) VALUES ('MA', 'Morocco', 6);
INSERT INTO countries (country_id, country_name, region_id) VALUES ('MZ', 'Mozambique', 6);
INSERT INTO countries (country_id, country_name, region_id) VALUES ('NA', 'Namibia', 6);
INSERT INTO countries (country_id, country_name, region_id) VALUES ('NE', 'Niger', 6);
INSERT INTO countries (country_id, country_name, region_id) VALUES ('NG', 'Nigeria', 6);
INSERT INTO countries (country_id, country_name, region_id) VALUES ('RW', 'Rwanda', 6);
INSERT INTO countries (country_id, country_name, region_id) VALUES ('ST', 'Sao Tome and Principe', 6);
INSERT INTO countries (country_id, country_name, region_id) VALUES ('SN', 'Senegal', 6);
INSERT INTO countries (country_id, country_name, region_id) VALUES ('SC', 'Seychelles', 6);
INSERT INTO countries (country_id, country_name, region_id) VALUES ('SL', 'Sierra Leone', 6);
INSERT INTO countries (country_id, country_name, region_id) VALUES ('SO', 'Somalia', 6);
INSERT INTO countries (country_id, country_name, region_id) VALUES ('ZA', 'South Africa', 6);
INSERT INTO countries (country_id, country_name, region_id) VALUES ('SS', 'South Sudan', 6);
INSERT INTO countries (country_id, country_name, region_id) VALUES ('SD', 'Sudan', 6);
INSERT INTO countries (country_id, country_name, region_id) VALUES ('TZ', 'Tanzania', 6);
INSERT INTO countries (country_id, country_name, region_id) VALUES ('TG', 'Togo', 6);
INSERT INTO countries (country_id, country_name, region_id) VALUES ('TN', 'Tunisia', 6);
INSERT INTO countries (country_id, country_name, region_id) VALUES ('UG', 'Uganda', 6);
INSERT INTO countries (country_id, country_name, region_id) VALUES ('ZM', 'Zambia', 6);
INSERT INTO countries (country_id, country_name, region_id) VALUES ('ZW', 'Zimbabwe', 6);

-- INSERTING COUNTRIES of Oceania --
INSERT INTO countries (country_id, country_name, region_id) VALUES ('AS', 'American Samoa', 7);
INSERT INTO countries (country_id, country_name, region_id) VALUES ('AU', 'Australia', 7);
INSERT INTO countries (country_id, country_name, region_id) VALUES ('CK', 'Cook Islands', 7);
INSERT INTO countries (country_id, country_name, region_id) VALUES ('FJ', 'Fiji', 7);
INSERT INTO countries (country_id, country_name, region_id) VALUES ('PF', 'French Polynesia', 7);
INSERT INTO countries (country_id, country_name, region_id) VALUES ('GU', 'Guam', 7);
INSERT INTO countries (country_id, country_name, region_id) VALUES ('KI', 'Kiribati', 7);
INSERT INTO countries (country_id, country_name, region_id) VALUES ('MH', 'Marshall Islands', 7);
INSERT INTO countries (country_id, country_name, region_id) VALUES ('FM', 'Micronesia (Federated States of)', 7);
INSERT INTO countries (country_id, country_name, region_id) VALUES ('NR', 'Nauru', 7);
INSERT INTO countries (country_id, country_name, region_id) VALUES ('NC', 'New Caledonia', 7);
INSERT INTO countries (country_id, country_name, region_id) VALUES ('NZ', 'New Zealand', 7);
INSERT INTO countries (country_id, country_name, region_id) VALUES ('NU', 'Niue', 7);
INSERT INTO countries (country_id, country_name, region_id) VALUES ('NF', 'Norfolk Island', 7);
INSERT INTO countries (country_id, country_name, region_id) VALUES ('MP', 'Northern Mariana Islands', 7);
INSERT INTO countries (country_id, country_name, region_id) VALUES ('PW', 'Palau', 7);
INSERT INTO countries (country_id, country_name, region_id) VALUES ('PG', 'Papua New Guinea', 7);
INSERT INTO countries (country_id, country_name, region_id) VALUES ('PN', 'Pitcairn Islands', 7);
INSERT INTO countries (country_id, country_name, region_id) VALUES ('WS', 'Samoa', 7);
INSERT INTO countries (country_id, country_name, region_id) VALUES ('SB', 'Solomon Islands', 7);
INSERT INTO countries (country_id, country_name, region_id) VALUES ('TK', 'Tokelau', 7);
INSERT INTO countries (country_id, country_name, region_id) VALUES ('TO', 'Tonga', 7);
INSERT INTO countries (country_id, country_name, region_id) VALUES ('TV', 'Tuvalu', 7);
INSERT INTO countries (country_id, country_name, region_id) VALUES ('VU', 'Vanuatu', 7);
INSERT INTO countries (country_id, country_name, region_id) VALUES ('WF', 'Wallis and Futuna', 7);

-- INSERTING COUNTRIES of The Caribbean --
INSERT INTO countries (country_id, country_name, region_id) VALUES ('AG', 'Antigua and Barbuda', 8);
INSERT INTO countries (country_id, country_name, region_id) VALUES ('BS', 'Bahamas', 8);
INSERT INTO countries (country_id, country_name, region_id) VALUES ('BB', 'Barbados', 8);
INSERT INTO countries (country_id, country_name, region_id) VALUES ('CU', 'Cuba', 8);
INSERT INTO countries (country_id, country_name, region_id) VALUES ('DM', 'Dominica', 8);
INSERT INTO countries (country_id, country_name, region_id) VALUES ('DO', 'Dominican Republic', 8);
INSERT INTO countries (country_id, country_name, region_id) VALUES ('HT', 'Haiti', 8);
INSERT INTO countries (country_id, country_name, region_id) VALUES ('JM', 'Jamaica', 8);
INSERT INTO countries (country_id, country_name, region_id) VALUES ('KN', 'Saint Kitts and Nevis', 8);
INSERT INTO countries (country_id, country_name, region_id) VALUES ('LC', 'Saint Lucia', 8);
INSERT INTO countries (country_id, country_name, region_id) VALUES ('VC', 'Saint Vincent and the Grenadines', 8);
INSERT INTO countries (country_id, country_name, region_id) VALUES ('GD', 'Grenada', 8);
INSERT INTO countries (country_id, country_name, region_id) VALUES ('TT', 'Trinidad and Tobago', 8);
INSERT INTO countries (country_id, country_name, region_id) VALUES ('AW', 'Aruba', 8);
INSERT INTO countries (country_id, country_name, region_id) VALUES ('BQ', 'Bonaire, Sint Eustatius and Saba', 8);
INSERT INTO countries (country_id, country_name, region_id) VALUES ('GG', 'Guadeloupe', 8);
INSERT INTO countries (country_id, country_name, region_id) VALUES ('MQ', 'Martinique', 8);
INSERT INTO countries (country_id, country_name, region_id) VALUES ('PR', 'Puerto Rico', 8);
INSERT INTO countries (country_id, country_name, region_id) VALUES ('RE', 'Réunion', 8);
INSERT INTO countries (country_id, country_name, region_id) VALUES ('SX', 'Sint Maarten', 8);
INSERT INTO countries (country_id, country_name, region_id) VALUES ('BL', 'Saint Barthélemy', 8);
INSERT INTO countries (country_id, country_name, region_id) VALUES ('MF', 'Saint Martin', 8);
INSERT INTO countries (country_id, country_name, region_id) VALUES ('CW', 'Curaçao', 8);
INSERT INTO countries (country_id, country_name, region_id) VALUES ('VG', 'British Virgin Islands', 8);
INSERT INTO countries (country_id, country_name, region_id) VALUES ('VI', 'United States Virgin Islands', 8);
COMMIT;

-- INSERTING LOCATIONS --
BEGIN;

-- INSERTING LOCATIONS of Europe --
-- INSERTING LOCATION for Albania --
INSERT INTO locations (location_id, street_address, postal_code, city, state_province, country_id) VALUES (1, 'Rruga e Dibrës 45', '1001', 'Tirana', 'Tirana County', 'AL');
-- INSERTING LOCATION for Andorra --
INSERT INTO locations (location_id, street_address, postal_code, city, state_province, country_id) VALUES (2, 'Avinguda Meritxell 15', 'AD500', 'Andorra la Vella', 'Andorra la Vella', 'AD');
-- INSERTING LOCATION for Armenia --
INSERT INTO locations (location_id, street_address, postal_code, city, state_province, country_id) VALUES (3, 'Abovyan St 23', '0001', 'Yerevan', 'Yerevan', 'AM');
-- INSERTING LOCATION for Austria --
INSERT INTO locations (location_id, street_address, postal_code, city, state_province, country_id) VALUES (4, 'Mariahilfer Straße 88', '1070', 'Vienna', 'Vienna', 'AT');
-- INSERTING LOCATION for Belarus --
INSERT INTO locations (location_id, street_address, postal_code, city, state_province, country_id) VALUES (5, 'Nezavisimosti Ave 58', '220005', 'Minsk', 'Minsk Region', 'BY');
-- INSERTING LOCATION for Belgium --
INSERT INTO locations (location_id, street_address, postal_code, city, state_province, country_id) VALUES (6, 'Rue de la Loi 175', '1048', 'Brussels', 'Brussels-Capital', 'BE');
-- INSERTING LOCATION for Bosnia and Herzegovina --
INSERT INTO locations (location_id, street_address, postal_code, city, state_province, country_id) VALUES (7, 'Zmaja od Bosne 33', '71000', 'Sarajevo', 'Sarajevo Canton', 'BA');
-- INSERTING LOCATION for Bulgaria --
INSERT INTO locations (location_id, street_address, postal_code, city, state_province, country_id) VALUES (8, 'Tsarigradsko shose 47', '1784', 'Sofia', 'Sofia City Province', 'BG');
-- INSERTING LOCATION for Croatia --
INSERT INTO locations (location_id, street_address, postal_code, city, state_province, country_id) VALUES (9, 'Ilica 10', '10000', 'Zagreb', 'City of Zagreb', 'HR');
-- INSERTING LOCATION for Cyprus --
INSERT INTO locations (location_id, street_address, postal_code, city, state_province, country_id) VALUES (10, 'Makariou Avenue 19', '1065', 'Nicosia', 'Nicosia District', 'CY');
-- INSERTING LOCATION for Czech Republic --
INSERT INTO locations (location_id, street_address, postal_code, city, state_province, country_id) VALUES (11, 'Václavské náměstí 39', '11000', 'Prague', 'Prague Region', 'CZ');
-- INSERTING LOCATION for Denmark --
INSERT INTO locations (location_id, street_address, postal_code, city, state_province, country_id) VALUES (12, 'Østerbrogade 45', '2100', 'Copenhagen', 'Capital Region', 'DK');
-- INSERTING LOCATION for Estonia --
INSERT INTO locations (location_id, street_address, postal_code, city, state_province, country_id) VALUES (13, 'Pärnu mnt 18', '10141', 'Tallinn', 'Harju County', 'EE');
-- INSERTING LOCATION for Finland --
INSERT INTO locations (location_id, street_address, postal_code, city, state_province, country_id) VALUES (14, 'Mannerheimintie 20', '00100', 'Helsinki', 'Uusimaa', 'FI');
-- INSERTING LOCATION for France --
INSERT INTO locations (location_id, street_address, postal_code, city, state_province, country_id) VALUES (15, 'Champs-Élysées 102', '75008', 'Paris', 'Île-de-France', 'FR');
-- INSERTING LOCATION for Georgia --
INSERT INTO locations (location_id, street_address, postal_code, city, state_province, country_id) VALUES (16, 'Rustaveli Ave 31', '0108', 'Tbilisi', 'Tbilisi', 'GE');
-- INSERTING LOCATION for Germany --
INSERT INTO locations (location_id, street_address, postal_code, city, state_province, country_id) VALUES (17, 'Kurfürstendamm 26', '10719', 'Berlin', 'Berlin', 'DE');
-- INSERTING LOCATION for Greece --
INSERT INTO locations (location_id, street_address, postal_code, city, state_province, country_id) VALUES (18, 'Ermou Street 15', '10563', 'Athens', 'Attica', 'GR');
-- INSERTING LOCATION for Hungary --
INSERT INTO locations (location_id, street_address, postal_code, city, state_province, country_id) VALUES (19, 'Andrássy út 52', '1062', 'Budapest', 'Central Hungary', 'HU');
-- INSERTING LOCATION for Iceland --
INSERT INTO locations (location_id, street_address, postal_code, city, state_province, country_id) VALUES (20, 'Laugavegur 55', '101', 'Reykjavík', 'Capital Region', 'IS');
-- INSERTING LOCATION for Ireland --
INSERT INTO locations (location_id, street_address, postal_code, city, state_province, country_id) VALUES (21, 'Grafton Street 12', 'D02', 'Dublin', 'Leinster', 'IE');
-- INSERTING LOCATION for Italy --
INSERT INTO locations (location_id, street_address, postal_code, city, state_province, country_id) VALUES (22, 'Via del Corso 85', '00186', 'Rome', 'Lazio', 'IT');
-- INSERTING LOCATION for Kosovo --
INSERT INTO locations (location_id, street_address, postal_code, city, state_province, country_id) VALUES (23, 'Nëna Terezë Street 3', '10000', 'Pristina', 'Pristina District', 'XK');
-- INSERTING LOCATION for Latvia --
INSERT INTO locations (location_id, street_address, postal_code, city, state_province, country_id) VALUES (24, 'Brīvības iela 23', 'LV-1050', 'Riga', 'Riga Region', 'LV');
-- INSERTING LOCATION for Liechtenstein --
INSERT INTO locations (location_id, street_address, postal_code, city, state_province, country_id) VALUES (25, 'Städtle 12', '9490', 'Vaduz', 'Oberland', 'LI');
-- INSERTING LOCATION for Lithuania --
INSERT INTO locations (location_id, street_address, postal_code, city, state_province, country_id) VALUES (26, 'Gedimino pr. 9', '01103', 'Vilnius', 'Vilnius County', 'LT');
-- INSERTING LOCATION for Luxembourg --
INSERT INTO locations (location_id, street_address, postal_code, city, state_province, country_id) VALUES (27, 'Boulevard Royal 14', '2449', 'Luxembourg', 'Luxembourg District', 'LU');
-- INSERTING LOCATION for Malta --
INSERT INTO locations (location_id, street_address, postal_code, city, state_province, country_id) VALUES (28, 'Republic Street 45', 'VLT1115', 'Valletta', 'Southern Harbour', 'MT');
-- INSERTING LOCATION for Moldova --
INSERT INTO locations (location_id, street_address, postal_code, city, state_province, country_id) VALUES (29, 'Ștefan cel Mare Blvd 75', '2001', 'Chișinău', 'Chișinău Municipality', 'MD');
-- INSERTING LOCATION for Monaco --
INSERT INTO locations (location_id, street_address, postal_code, city, state_province, country_id) VALUES (30, 'Boulevard des Moulins 18', '98000', 'Monaco', 'Monte Carlo', 'MC');
-- INSERTING LOCATION for Montenegro --
INSERT INTO locations (location_id, street_address, postal_code, city, state_province, country_id) VALUES (31, 'Njegoševa 22', '81000', 'Podgorica', 'Podgorica Municipality', 'ME');
-- INSERTING LOCATION for Netherlands --
INSERT INTO locations (location_id, street_address, postal_code, city, state_province, country_id) VALUES (32, 'Damrak 70', '1012 LM', 'Amsterdam', 'North Holland', 'NL');
-- INSERTING LOCATION for North Macedonia --
INSERT INTO locations (location_id, street_address, postal_code, city, state_province, country_id) VALUES (33, 'Makedonija Street 5', '1000', 'Skopje', 'Skopje Region', 'MK');
-- INSERTING LOCATION for Norway --
INSERT INTO locations (location_id, street_address, postal_code, city, state_province, country_id) VALUES (34, 'Karl Johans gate 22', '0159', 'Oslo', 'Oslo County', 'NO');
-- INSERTING LOCATION for Poland --
INSERT INTO locations (location_id, street_address, postal_code, city, state_province, country_id) VALUES (35, 'Nowy Świat 33', '00-029', 'Warsaw', 'Masovian Voivodeship', 'PL');
-- INSERTING LOCATION for Portugal --
INSERT INTO locations (location_id, street_address, postal_code, city, state_province, country_id) VALUES (36, 'Avenida da Liberdade 190', '1250-147', 'Lisbon', 'Lisbon District', 'PT');
-- INSERTING LOCATION for Romania --
INSERT INTO locations (location_id, street_address, postal_code, city, state_province, country_id) VALUES (37, 'Bulevardul Unirii 10', '030119', 'Bucharest', 'Bucharest', 'RO');
-- INSERTING LOCATION for Russia --
INSERT INTO locations (location_id, street_address, postal_code, city, state_province, country_id) VALUES (38, 'Tverskaya Street 7', '125009', 'Moscow', 'Moscow', 'RU');
-- INSERTING LOCATION for San Marino --
INSERT INTO locations (location_id, street_address, postal_code, city, state_province, country_id) VALUES (39, 'Via Giacomo Matteotti 22', '47890', 'San Marino', 'San Marino', 'SM');
-- INSERTING LOCATION for Serbia --
INSERT INTO locations (location_id, street_address, postal_code, city, state_province, country_id) VALUES (40, 'Knez Mihailova 18', '11000', 'Belgrade', 'Belgrade', 'RS');
-- INSERTING LOCATION for Slovakia --
INSERT INTO locations (location_id, street_address, postal_code, city, state_province, country_id) VALUES (41, 'Obchodná 10', '81106', 'Bratislava', 'Bratislava Region', 'SK');
-- INSERTING LOCATION for Slovenia --
INSERT INTO locations (location_id, street_address, postal_code, city, state_province, country_id) VALUES (42, 'Slovenska cesta 5', '1000', 'Ljubljana', 'Ljubljana', 'SI');
-- INSERTING LOCATION for Spain --
INSERT INTO locations (location_id, street_address, postal_code, city, state_province, country_id) VALUES (43, 'Gran Vía 32', '28013', 'Madrid', 'Madrid', 'ES');
-- INSERTING LOCATION for Sweden --
INSERT INTO locations (location_id, street_address, postal_code, city, state_province, country_id) VALUES (44, 'Drottninggatan 42', '11151', 'Stockholm', 'Stockholm County', 'SE');
-- INSERTING LOCATION for Switzerland --
INSERT INTO locations (location_id, street_address, postal_code, city, state_province, country_id) VALUES (45, 'Bahnhofstrasse 50', '8001', 'Zürich', 'Zürich', 'CH');
-- INSERTING LOCATION for Ukraine --
INSERT INTO locations (location_id, street_address, postal_code, city, state_province, country_id) VALUES (46, 'Khreshchatyk Street 22', '01001', 'Kyiv', 'Kyiv', 'UA');
-- INSERTING LOCATION for United Kingdom --
INSERT INTO locations (location_id, street_address, postal_code, city, state_province, country_id) VALUES (47, 'Oxford Street 120', 'W1D 1LT', 'London', 'England', 'GB');
-- INSERTING LOCATION for Vatican City --
INSERT INTO locations (location_id, street_address, postal_code, city, state_province, country_id) VALUES (48, 'Via della Conciliazione 4', '00120', 'Vatican City', 'Vatican City', 'VA');

-- INSERTING LOCATIONS of North America --
-- INSERTING LOCATION for Canada --
INSERT INTO locations (location_id, street_address, postal_code, city, state_province, country_id) VALUES (49, '123 Maple Leaf Rd', 'M4B 1B3', 'Toronto', 'Ontario', 'CA');
-- INSERTING LOCATION for United States --
INSERT INTO locations (location_id, street_address, postal_code, city, state_province, country_id) VALUES (50, '456 Liberty St', '10001', 'New York', 'New York', 'US');
-- INSERTING LOCATION for Mexico --
INSERT INTO locations (location_id, street_address, postal_code, city, state_province, country_id) VALUES (51, '789 Avenida Reforma', '06000', 'Mexico City', 'Ciudad de México', 'MX');

-- INSERTING LOCATIONS of South America --
-- INSERTING LOCATION for Argentina --
INSERT INTO locations (location_id, street_address, postal_code, city, state_province, country_id) VALUES (52, '742 Avenida de Mayo', 'C1084', 'Buenos Aires', 'Buenos Aires', 'AR');
-- INSERTING LOCATION for Bolivia --
INSERT INTO locations (location_id, street_address, postal_code, city, state_province, country_id) VALUES (53, '123 Calle 21', 'SCZ-001', 'Santa Cruz', 'Santa Cruz', 'BO');
-- INSERTING LOCATION for Brazil --
INSERT INTO locations (location_id, street_address, postal_code, city, state_province, country_id) VALUES (54, '456 Avenida Paulista', '01310-000', 'São Paulo', 'São Paulo', 'BR');
-- INSERTING LOCATION for Chile --
INSERT INTO locations (location_id, street_address, postal_code, city, state_province, country_id) VALUES (55, '789 Avenida Libertador', '8320000', 'Santiago', 'Región Metropolitana', 'CL');
-- INSERTING LOCATION for Colombia --
INSERT INTO locations (location_id, street_address, postal_code, city, state_province, country_id) VALUES (56, '101 Calle 26', '110911', 'Bogotá', 'Bogotá D.C.', 'CO');
-- INSERTING LOCATION for Ecuador --
INSERT INTO locations (location_id, street_address, postal_code, city, state_province, country_id) VALUES (57, '234 Avenida Amazonas', '170150', 'Quito', 'Pichincha', 'EC');
-- INSERTING LOCATION for Guyana --
INSERT INTO locations (location_id, street_address, postal_code, city, state_province, country_id) VALUES (58, '345 Brickdam Street', 'GE-001', 'Georgetown', 'Demerara-Mahaica', 'GY');
-- INSERTING LOCATION for Paraguay --
INSERT INTO locations (location_id, street_address, postal_code, city, state_province, country_id) VALUES (59, '567 Calle Palma', '1209', 'Asunción', 'Asunción', 'PY');
-- INSERTING LOCATION for Peru --
INSERT INTO locations (location_id, street_address, postal_code, city, state_province, country_id) VALUES (60, '678 Avenida Arequipa', '15046', 'Lima', 'Lima', 'PE');
-- INSERTING LOCATION for Suriname --
INSERT INTO locations (location_id, street_address, postal_code, city, state_province, country_id) VALUES (61, '789 Waterkant', 'SR-001', 'Paramaribo', 'Paramaribo', 'SR');
-- INSERTING LOCATION for Uruguay --
INSERT INTO locations (location_id, street_address, postal_code, city, state_province, country_id) VALUES (62, '890 Avenida 18 de Julio', '11200', 'Montevideo', 'Montevideo', 'UY');
-- INSERTING LOCATION for Venezuela --
INSERT INTO locations (location_id, street_address, postal_code, city, state_province, country_id) VALUES (63, '901 Avenida Bolívar', '1010', 'Caracas', 'Distrito Capital', 'VE');

-- INSERTING LOCATIONS of Central America --
-- INSERTING LOCATION for Belize --
INSERT INTO locations (location_id, street_address, postal_code, city, state_province, country_id) VALUES (64, '100 Regent Street', 'BZ-001', 'Belize City', 'Belize District', 'BZ');
-- INSERTING LOCATION for Costa Rica --
INSERT INTO locations (location_id, street_address, postal_code, city, state_province, country_id) VALUES (65, '200 Avenida Central', '10101', 'San José', 'San José Province', 'CR');
-- INSERTING LOCATION for El Salvador --
INSERT INTO locations (location_id, street_address, postal_code, city, state_province, country_id) VALUES (66, '300 Calle Arce', '01101', 'San Salvador', 'San Salvador Department', 'SV');
-- INSERTING LOCATION for Guatemala --
INSERT INTO locations (location_id, street_address, postal_code, city, state_province, country_id) VALUES (67, '400 Avenida Reforma', '01010', 'Guatemala City', 'Guatemala Department', 'GT');
-- INSERTING LOCATION for Honduras --
INSERT INTO locations (location_id, street_address, postal_code, city, state_province, country_id) VALUES (68, '500 Boulevard Morazán', '11101', 'Tegucigalpa', 'Francisco Morazán', 'HN');
-- INSERTING LOCATION for Nicaragua --
INSERT INTO locations (location_id, street_address, postal_code, city, state_province, country_id) VALUES (69, '600 Carretera Masaya', '14001', 'Managua', 'Managua Department', 'NI');
-- INSERTING LOCATION for Panama --
INSERT INTO locations (location_id, street_address, postal_code, city, state_province, country_id) VALUES (70, '700 Calle 50', '0801', 'Panama City', 'Panamá Province', 'PA');

-- INSERTING LOCATIONS of Asia --
-- INSERTING LOCATION for Afghanistan --
INSERT INTO locations (location_id, street_address, postal_code, city, state_province, country_id) VALUES (71, '100 Darulaman Road', '1001', 'Kabul', 'Kabul Province', 'AF');
-- INSERTING LOCATION for Azerbaijan --
INSERT INTO locations (location_id, street_address, postal_code, city, state_province, country_id) VALUES (72, '200 Azadliq Avenue', 'AZ1000', 'Baku', 'Absheron', 'AZ');
-- INSERTING LOCATION for Bahrain --
INSERT INTO locations (location_id, street_address, postal_code, city, state_province, country_id) VALUES (73, '300 Government Avenue', '199', 'Manama', 'Capital Governorate', 'BH');
-- INSERTING LOCATION for Bangladesh --
INSERT INTO locations (location_id, street_address, postal_code, city, state_province, country_id) VALUES (74, '400 Shahbagh Road', '1207', 'Dhaka', 'Dhaka Division', 'BD');
-- INSERTING LOCATION for Bhutan --
INSERT INTO locations (location_id, street_address, postal_code, city, state_province, country_id) VALUES (75, '500 Norzin Lam', '11001', 'Thimphu', 'Thimphu District', 'BT');
-- INSERTING LOCATION for Brunei --
INSERT INTO locations (location_id, street_address, postal_code, city, state_province, country_id) VALUES (76, '600 Jalan Sultan', 'BS8611', 'Bandar Seri Begawan', 'Brunei-Muara', 'BN');
-- INSERTING LOCATION for Cambodia --
INSERT INTO locations (location_id, street_address, postal_code, city, state_province, country_id) VALUES (77, '700 Monivong Blvd', '12000', 'Phnom Penh', 'Phnom Penh Municipality', 'KH');
-- INSERTING LOCATION for China --
INSERT INTO locations (location_id, street_address, postal_code, city, state_province, country_id) VALUES (78, '800 Chang''an Avenue', '100000', 'Beijing', 'Beijing Municipality', 'CN');
-- INSERTING LOCATION for India --
INSERT INTO locations (location_id, street_address, postal_code, city, state_province, country_id) VALUES (79, '900 Sansad Marg', '110001', 'New Delhi', 'Delhi', 'IN');
-- INSERTING LOCATION for Indonesia --
INSERT INTO locations (location_id, street_address, postal_code, city, state_province, country_id) VALUES (80, '1000 Jalan Medan Merdeka', '10110', 'Jakarta', 'DKI Jakarta', 'ID');
-- INSERTING LOCATION for Iran --
INSERT INTO locations (location_id, street_address, postal_code, city, state_province, country_id) VALUES (81, '1100 Azadi Street', '13185', 'Tehran', 'Tehran Province', 'IR');
-- INSERTING LOCATION for Iraq --
INSERT INTO locations (location_id, street_address, postal_code, city, state_province, country_id) VALUES (82, '1200 Karrada Street', '10011', 'Baghdad', 'Baghdad Governorate', 'IQ');
-- INSERTING LOCATION for Israel --
INSERT INTO locations (location_id, street_address, postal_code, city, state_province, country_id) VALUES (83, '1300 Kaplan Street', '61000', 'Tel Aviv', 'Tel Aviv District', 'IL');
-- INSERTING LOCATION for Japan --
INSERT INTO locations (location_id, street_address, postal_code, city, state_province, country_id) VALUES (84, '1400 Chiyoda', '100-0001', 'Tokyo', 'Tokyo Prefecture', 'JP');
-- INSERTING LOCATION for Jordan --
INSERT INTO locations (location_id, street_address, postal_code, city, state_province, country_id) VALUES (85, '1500 Zahran Street', '11118', 'Amman', 'Amman Governorate', 'JO');
-- INSERTING LOCATION for Kazakhstan --
INSERT INTO locations (location_id, street_address, postal_code, city, state_province, country_id) VALUES (86, '1600 Abay Avenue', '010000', 'Astana', 'Akmola Region', 'KZ');
-- INSERTING LOCATION for Kuwait --
INSERT INTO locations (location_id, street_address, postal_code, city, state_province, country_id) VALUES (87, '1700 Gulf Street', '13001', 'Kuwait City', 'Capital Governorate', 'KW');
-- INSERTING LOCATION for Kyrgyzstan --
INSERT INTO locations (location_id, street_address, postal_code, city, state_province, country_id) VALUES (88, '1800 Chuy Avenue', '720001', 'Bishkek', 'Chuy Region', 'KG');
-- INSERTING LOCATION for Laos --
INSERT INTO locations (location_id, street_address, postal_code, city, state_province, country_id) VALUES (89, '1900 Setthathirath Road', '01000', 'Vientiane', 'Vientiane Prefecture', 'LA');
-- INSERTING LOCATION for Lebanon --
INSERT INTO locations (location_id, street_address, postal_code, city, state_province, country_id) VALUES (90, '2000 Hamra Street', '1103', 'Beirut', 'Beirut Governorate', 'LB');
-- INSERTING LOCATION for Malaysia --
INSERT INTO locations (location_id, street_address, postal_code, city, state_province, country_id) VALUES (91, '2100 Jalan Parliament', '50502', 'Kuala Lumpur', 'Federal Territory', 'MY');
-- INSERTING LOCATION for Maldives --
INSERT INTO locations (location_id, street_address, postal_code, city, state_province, country_id) VALUES (92, '2200 Ameenee Magu', '20026', 'Malé', 'Kaafu Atoll', 'MV');
-- INSERTING LOCATION for Mongolia --
INSERT INTO locations (location_id, street_address, postal_code, city, state_province, country_id) VALUES (93, '2300 Peace Avenue', '14210', 'Ulaanbaatar', 'Ulaanbaatar Municipality', 'MN');
-- INSERTING LOCATION for Myanmar --
INSERT INTO locations (location_id, street_address, postal_code, city, state_province, country_id) VALUES (94, '2400 Pyay Road', '11041', 'Naypyidaw', 'Naypyidaw Union Territory', 'MM');
-- INSERTING LOCATION for Nepal --
INSERT INTO locations (location_id, street_address, postal_code, city, state_province, country_id) VALUES (95, '2500 Singh Durbar', '44600', 'Kathmandu', 'Bagmati Province', 'NP');
-- INSERTING LOCATION for North Korea --
INSERT INTO locations (location_id, street_address, postal_code, city, state_province, country_id) VALUES (96, '2600 Kwangbok Street', '999093', 'Pyongyang', 'Pyongyang Direct Admin', 'KP');
-- INSERTING LOCATION for Oman --
INSERT INTO locations (location_id, street_address, postal_code, city, state_province, country_id) VALUES (97, '2700 Al Kharjiyah Street', '112', 'Muscat', 'Muscat Governorate', 'OM');
-- INSERTING LOCATION for Pakistan --
INSERT INTO locations (location_id, street_address, postal_code, city, state_province, country_id) VALUES (98, '2800 Constitution Avenue', '44000', 'Islamabad', 'Islamabad Capital Territory', 'PK');
-- INSERTING LOCATION for Palestine --
INSERT INTO locations (location_id, street_address, postal_code, city, state_province, country_id) VALUES (99, '2900 Al Ersal Street', '00970', 'Ramallah', 'West Bank', 'PS');
-- INSERTING LOCATION for Philippines --
INSERT INTO locations (location_id, street_address, postal_code, city, state_province, country_id) VALUES (100, '3000 Roxas Boulevard', '1000', 'Manila', 'National Capital Region', 'PH');
-- INSERTING LOCATION for Qatar --
INSERT INTO locations (location_id, street_address, postal_code, city, state_province, country_id) VALUES (101, '3100 Corniche Road', '122104', 'Doha', 'Doha Municipality', 'QA');
-- INSERTING LOCATION for Saudi Arabia --
INSERT INTO locations (location_id, street_address, postal_code, city, state_province, country_id) VALUES (102, '3200 Olaya Street', '11564', 'Riyadh', 'Riyadh Province', 'SA');
-- INSERTING LOCATION for Singapore --
INSERT INTO locations (location_id, street_address, postal_code, city, state_province, country_id) VALUES (103, '3300 Orchard Road', '238896', 'Singapore', 'Central Region', 'SG');
-- INSERTING LOCATION for South Korea --
INSERT INTO locations (location_id, street_address, postal_code, city, state_province, country_id) VALUES (104, '3400 Sejong-daero', '04524', 'Seoul', 'Seoul Capital Area', 'KR');
-- INSERTING LOCATION for Sri Lanka --
INSERT INTO locations (location_id, street_address, postal_code, city, state_province, country_id) VALUES (105, '3500 Galle Road', '00300', 'Colombo', 'Western Province', 'LK');
-- INSERTING LOCATION for Syria --
INSERT INTO locations (location_id, street_address, postal_code, city, state_province, country_id) VALUES (106, '3600 Mezzeh Autostrade', '11000', 'Damascus', 'Damascus Governorate', 'SY');
-- INSERTING LOCATION for Taiwan --
INSERT INTO locations (location_id, street_address, postal_code, city, state_province, country_id) VALUES (107, '3700 Ren’ai Road', '100', 'Taipei', 'Taipei City', 'TW');
-- INSERTING LOCATION for Tajikistan --
INSERT INTO locations (location_id, street_address, postal_code, city, state_province, country_id) VALUES (108, '3800 Rudaki Avenue', '734025', 'Dushanbe', 'Dushanbe City', 'TJ');
-- INSERTING LOCATION for Thailand --
INSERT INTO locations (location_id, street_address, postal_code, city, state_province, country_id) VALUES (109, '3900 Ratchadamnoen Avenue', '10200', 'Bangkok', 'Bangkok Metropolitan', 'TH');
-- INSERTING LOCATION for Timor-Leste --
INSERT INTO locations (location_id, street_address, postal_code, city, state_province, country_id) VALUES (110, '4000 Avenida Presidente Nicolau Lobato', '67000', 'Dili', 'Dili District', 'TL');
-- INSERTING LOCATION for Turkey --
INSERT INTO locations (location_id, street_address, postal_code, city, state_province, country_id) VALUES (111, '4100 Atatürk Boulevard', '06570', 'Ankara', 'Ankara Province', 'TR');
-- INSERTING LOCATION for Turkmenistan --
INSERT INTO locations (location_id, street_address, postal_code, city, state_province, country_id) VALUES (112, '4200 Archabil Avenue', '744000', 'Ashgabat', 'Ashgabat City', 'TM');
-- INSERTING LOCATION for United Arab Emirates --
INSERT INTO locations (location_id, street_address, postal_code, city, state_province, country_id) VALUES (113, '4300 Sheikh Zayed Road', '00000', 'Abu Dhabi', 'Abu Dhabi Emirate', 'AE');
-- INSERTING LOCATION for Uzbekistan --
INSERT INTO locations (location_id, street_address, postal_code, city, state_province, country_id) VALUES (114, '4400 Amir Temur Avenue', '100000', 'Tashkent', 'Tashkent City', 'UZ');
-- INSERTING LOCATION for Vietnam --
INSERT INTO locations (location_id, street_address, postal_code, city, state_province, country_id) VALUES (115, '4500 Le Duan Boulevard', '100000', 'Hanoi', 'Hanoi Municipality', 'VN');
-- INSERTING LOCATION for Yemen --
INSERT INTO locations (location_id, street_address, postal_code, city, state_province, country_id) VALUES (116, '4600 Zubayri Street', '00967', 'Sana''a', 'Sana''a Governorate', 'YE');

-- INSERTING LOCATIONS of Africa --
-- INSERTING LOCATION for Algeria --
INSERT INTO locations (location_id, street_address, postal_code, city, state_province, country_id) VALUES (117, '100 Didouche Mourad St', '16000', 'Algiers', 'Algiers Province', 'DZ');
-- INSERTING LOCATION for Angola --
INSERT INTO locations (location_id, street_address, postal_code, city, state_province, country_id) VALUES (118, '200 Rua Major Kanhangulo', '1000', 'Luanda', 'Luanda Province', 'AO');
-- INSERTING LOCATION for Benin --
INSERT INTO locations (location_id, street_address, postal_code, city, state_province, country_id) VALUES (119, '300 Boulevard de la Marina', '01BP', 'Porto-Novo', 'Ouémé Department', 'BJ');
-- INSERTING LOCATION for Botswana --
INSERT INTO locations (location_id, street_address, postal_code, city, state_province, country_id) VALUES (120, '400 Independence Avenue', '0000', 'Gaborone', 'South-East District', 'BW');
-- INSERTING LOCATION for Burkina Faso --
INSERT INTO locations (location_id, street_address, postal_code, city, state_province, country_id) VALUES (121, '500 Avenue de l’Indépendance', '01BP', 'Ouagadougou', 'Centre Region', 'BF');
-- INSERTING LOCATION for Burundi --
INSERT INTO locations (location_id, street_address, postal_code, city, state_province, country_id) VALUES (122, '600 Boulevard de l’Uprona', 'B.P.', 'Gitega', 'Gitega Province', 'BI');
-- INSERTING LOCATION for Cameroon --
INSERT INTO locations (location_id, street_address, postal_code, city, state_province, country_id) VALUES (123, '700 Rue de la République', 'BP', 'Yaoundé', 'Centre Region', 'CM');
-- INSERTING LOCATION for Cape Verde --
INSERT INTO locations (location_id, street_address, postal_code, city, state_province, country_id) VALUES (124, '800 Avenida Amílcar Cabral', '7600', 'Praia', 'Santiago Island', 'CV');
-- INSERTING LOCATION for Central African Republic --
INSERT INTO locations (location_id, street_address, postal_code, city, state_province, country_id) VALUES (125, '900 Rue Boganda', 'BP', 'Bangui', 'Ombella-M''Poko', 'CF');
-- INSERTING LOCATION for Chad --
INSERT INTO locations (location_id, street_address, postal_code, city, state_province, country_id) VALUES (126, '1000 Avenue Charles de Gaulle', 'BP', 'N''Djamena', 'Chari-Baguirmi', 'TD');
-- INSERTING LOCATION for Comoros --
INSERT INTO locations (location_id, street_address, postal_code, city, state_province, country_id) VALUES (127, '1100 Avenue de la République', 'BP', 'Moroni', 'Grande Comore', 'KM');
-- INSERTING LOCATION for Congo (Brazzaville) --
INSERT INTO locations (location_id, street_address, postal_code, city, state_province, country_id) VALUES (128, '1200 Avenue des Trois Martyrs', 'BP', 'Brazzaville', 'Brazzaville District', 'CG');
-- INSERTING LOCATION for Congo (Kinshasa) --
INSERT INTO locations (location_id, street_address, postal_code, city, state_province, country_id) VALUES (129, '1300 Boulevard du 30 Juin', 'BP', 'Kinshasa', 'Kinshasa City-Province', 'CD');
-- INSERTING LOCATION for Côte d''Ivoire --
INSERT INTO locations (location_id, street_address, postal_code, city, state_province, country_id) VALUES (130, '1400 Rue Lepic', '01BP', 'Yamoussoukro', 'Lacs District', 'CI');
-- INSERTING LOCATION for Djibouti --
INSERT INTO locations (location_id, street_address, postal_code, city, state_province, country_id) VALUES (131, '1500 Rue de Bender', 'BP', 'Djibouti', 'Djibouti Region', 'DJ');
-- INSERTING LOCATION for Egypt --
INSERT INTO locations (location_id, street_address, postal_code, city, state_province, country_id) VALUES (132, '1600 Tahrir Square', '11511', 'Cairo', 'Cairo Governorate', 'EG');
-- INSERTING LOCATION for Equatorial Guinea --
INSERT INTO locations (location_id, street_address, postal_code, city, state_province, country_id) VALUES (133, '1700 Avenida Hassan II', 'BP', 'Malabo', 'Bioko Norte', 'GQ');
-- INSERTING LOCATION for Eritrea --
INSERT INTO locations (location_id, street_address, postal_code, city, state_province, country_id) VALUES (134, '1800 Sematat Avenue', 'P.O. Box', 'Asmara', 'Central Region', 'ER');
-- INSERTING LOCATION for Eswatini --
INSERT INTO locations (location_id, street_address, postal_code, city, state_province, country_id) VALUES (135, '1900 Gwamile Street', 'H100', 'Mbabane', 'Hhohho Region', 'SZ');
-- INSERTING LOCATION for Ethiopia --
INSERT INTO locations (location_id, street_address, postal_code, city, state_province, country_id) VALUES (136, '2000 Churchill Avenue', '1000', 'Addis Ababa', 'Addis Ababa City', 'ET');
-- INSERTING LOCATION for Gabon --
INSERT INTO locations (location_id, street_address, postal_code, city, state_province, country_id) VALUES (137, '2100 Boulevard Triomphal', 'BP', 'Libreville', 'Estuaire Province', 'GA');
-- INSERTING LOCATION for Gambia --
INSERT INTO locations (location_id, street_address, postal_code, city, state_province, country_id) VALUES (138, '2200 Independence Drive', 'Banjul', 'Banjul', 'Banjul Region', 'GM');
-- INSERTING LOCATION for Ghana --
INSERT INTO locations (location_id, street_address, postal_code, city, state_province, country_id) VALUES (139, '2300 Castle Road', 'GA000', 'Accra', 'Greater Accra Region', 'GH');
-- INSERTING LOCATION for Guinea --
INSERT INTO locations (location_id, street_address, postal_code, city, state_province, country_id) VALUES (140, '2400 8th Boulevard', 'BP', 'Conakry', 'Conakry Region', 'GN');
-- INSERTING LOCATION for Guinea-Bissau --
INSERT INTO locations (location_id, street_address, postal_code, city, state_province, country_id) VALUES (141, '2500 Avenida Amílcar Cabral', 'BP', 'Bissau', 'Bissau Autonomous Sector', 'GW');
-- INSERTING LOCATION for Kenya --
INSERT INTO locations (location_id, street_address, postal_code, city, state_province, country_id) VALUES (142, '2600 Harambee Avenue', '00100', 'Nairobi', 'Nairobi County', 'KE');
-- INSERTING LOCATION for Lesotho --
INSERT INTO locations (location_id, street_address, postal_code, city, state_province, country_id) VALUES (143, '2700 Kingsway Street', '100', 'Maseru', 'Maseru District', 'LS');
-- INSERTING LOCATION for Liberia --
INSERT INTO locations (location_id, street_address, postal_code, city, state_province, country_id) VALUES (144, '2800 Broad Street', '1000', 'Monrovia', 'Montserrado County', 'LR');
-- INSERTING LOCATION for Libya --
INSERT INTO locations (location_id, street_address, postal_code, city, state_province, country_id) VALUES (145, '2900 Shara Zawiyat Dahmani', '12345', 'Tripoli', 'Tripoli District', 'LY');
-- INSERTING LOCATION for Madagascar --
INSERT INTO locations (location_id, street_address, postal_code, city, state_province, country_id) VALUES (146, '3000 Avenue de l’Indépendance', '101', 'Antananarivo', 'Analamanga Region', 'MG');
-- INSERTING LOCATION for Malawi --
INSERT INTO locations (location_id, street_address, postal_code, city, state_province, country_id) VALUES (147, '3100 Presidential Way', '101', 'Lilongwe', 'Central Region', 'MW');
-- INSERTING LOCATION for Mali --
INSERT INTO locations (location_id, street_address, postal_code, city, state_province, country_id) VALUES (148, '3200 Avenue de l’OUA', 'BP', 'Bamako', 'Bamako District', 'ML');
-- INSERTING LOCATION for Mauritania --
INSERT INTO locations (location_id, street_address, postal_code, city, state_province, country_id) VALUES (149, '3300 Rue Mamadou Konaté', 'BP', 'Nouakchott', 'Nouakchott-Ouest', 'MR');
-- INSERTING LOCATION for Mauritius --
INSERT INTO locations (location_id, street_address, postal_code, city, state_province, country_id) VALUES (150, '3400 Government House St', '0000', 'Port Louis', 'Port Louis District', 'MU');
-- INSERTING LOCATION for Morocco --
INSERT INTO locations (location_id, street_address, postal_code, city, state_province, country_id) VALUES (151, '3500 Avenue Hassan II', '10000', 'Rabat', 'Rabat-Salé-Kénitra', 'MA');
-- INSERTING LOCATION for Mozambique --
INSERT INTO locations (location_id, street_address, postal_code, city, state_province, country_id) VALUES (152, '3600 Avenida 25 de Setembro', '1100', 'Maputo', 'Maputo City', 'MZ');
-- INSERTING LOCATION for Namibia --
INSERT INTO locations (location_id, street_address, postal_code, city, state_province, country_id) VALUES (153, '3700 Robert Mugabe Ave', '9000', 'Windhoek', 'Khomas Region', 'NA');
-- INSERTING LOCATION for Niger --
INSERT INTO locations (location_id, street_address, postal_code, city, state_province, country_id) VALUES (154, '3800 Rue de la Liberté', 'BP', 'Niamey', 'Niamey Urban Community', 'NE');
-- INSERTING LOCATION for Nigeria --
INSERT INTO locations (location_id, street_address, postal_code, city, state_province, country_id) VALUES (155, '3900 Tafawa Balewa Way', '900001', 'Abuja', 'Federal Capital Territory', 'NG');
-- INSERTING LOCATION for Rwanda --
INSERT INTO locations (location_id, street_address, postal_code, city, state_province, country_id) VALUES (156, '4000 Boulevard de l’Armée', 'PO Box', 'Kigali', 'Kigali City', 'RW');
-- INSERTING LOCATION for Sao Tome and Principe --
INSERT INTO locations (location_id, street_address, postal_code, city, state_province, country_id) VALUES (157, '4100 Avenida Marginal 12 de Julho', 'BP', 'São Tomé', 'Água Grande District', 'ST');
-- INSERTING LOCATION for Senegal --
INSERT INTO locations (location_id, street_address, postal_code, city, state_province, country_id) VALUES (158, '4200 Avenue Léopold Sédar Senghor', 'BP', 'Dakar', 'Dakar Region', 'SN');
-- INSERTING LOCATION for Seychelles --
INSERT INTO locations (location_id, street_address, postal_code, city, state_province, country_id) VALUES (159, '4300 Independence Avenue', '000', 'Victoria', 'Mahé Island', 'SC');
-- INSERTING LOCATION for Sierra Leone --
INSERT INTO locations (location_id, street_address, postal_code, city, state_province, country_id) VALUES (160, '4400 State Avenue', 'Freetown', 'Freetown', 'Western Area', 'SL');
-- INSERTING LOCATION for Somalia --
INSERT INTO locations (location_id, street_address, postal_code, city, state_province, country_id) VALUES (161, '4500 Maka Al Mukarama Rd', '252', 'Mogadishu', 'Banaadir Region', 'SO');
-- INSERTING LOCATION for South Africa --
INSERT INTO locations (location_id, street_address, postal_code, city, state_province, country_id) VALUES (162, '4600 Government Avenue', '0002', 'Pretoria', 'Gauteng Province', 'ZA');
-- INSERTING LOCATION for South Sudan --
INSERT INTO locations (location_id, street_address, postal_code, city, state_province, country_id) VALUES (163, '4700 Ministries Road', '21100', 'Juba', 'Central Equatoria', 'SS');
-- INSERTING LOCATION for Sudan --
INSERT INTO locations (location_id, street_address, postal_code, city, state_province, country_id) VALUES (164, '4800 Nile Street', '11111', 'Khartoum', 'Khartoum State', 'SD');
-- INSERTING LOCATION for Tanzania --
INSERT INTO locations (location_id, street_address, postal_code, city, state_province, country_id) VALUES (165, '4900 Ohio Street', '11101', 'Dodoma', 'Dodoma Region', 'TZ');
-- INSERTING LOCATION for Togo --
INSERT INTO locations (location_id, street_address, postal_code, city, state_province, country_id) VALUES (166, '5000 Rue de l’Indépendance', 'BP', 'Lomé', 'Maritime Region', 'TG');
-- INSERTING LOCATION for Tunisia --
INSERT INTO locations (location_id, street_address, postal_code, city, state_province, country_id) VALUES (167, '5100 Avenue Habib Bourguiba', '1000', 'Tunis', 'Tunis Governorate', 'TN');
-- INSERTING LOCATION for Uganda --
INSERT INTO locations (location_id, street_address, postal_code, city, state_province, country_id) VALUES (168, '5200 Parliamentary Avenue', '256', 'Kampala', 'Central Region', 'UG');
-- INSERTING LOCATION for Zambia --
INSERT INTO locations (location_id, street_address, postal_code, city, state_province, country_id) VALUES (169, '5300 Independence Avenue', '10101', 'Lusaka', 'Lusaka Province', 'ZM');
-- INSERTING LOCATION for Zimbabwe --
INSERT INTO locations (location_id, street_address, postal_code, city, state_province, country_id) VALUES (170, '5400 Samora Machel Avenue', '00263', 'Harare', 'Harare Province', 'ZW');

-- INSERTING LOCATIONS of Oceania --
-- INSERTING LOCATION for American Samoa --
INSERT INTO locations (location_id, street_address, postal_code, city, state_province, country_id) VALUES (171, '1000 Pago Pago Harbor Rd', '96799', 'Pago Pago', 'Tutuila', 'AS');
-- INSERTING LOCATION for Australia --
INSERT INTO locations (location_id, street_address, postal_code, city, state_province, country_id) VALUES (172, '2000 George St', '2000', 'Sydney', 'New South Wales', 'AU');
-- INSERTING LOCATION for Cook Islands --
INSERT INTO locations (location_id, street_address, postal_code, city, state_province, country_id) VALUES (173, '3000 Avarua Main Rd', 'K3', 'Avarua', 'Rarotonga', 'CK');
-- INSERTING LOCATION for Fiji --
INSERT INTO locations (location_id, street_address, postal_code, city, state_province, country_id) VALUES (174, '4000 Victoria Parade', '0100', 'Suva', 'Central Division', 'FJ');
-- INSERTING LOCATION for French Polynesia --
INSERT INTO locations (location_id, street_address, postal_code, city, state_province, country_id) VALUES (175, '5000 Rue de l’Aéroport', '98713', 'Papeete', 'Tahiti', 'PF');
-- INSERTING LOCATION for Guam --
INSERT INTO locations (location_id, street_address, postal_code, city, state_province, country_id) VALUES (176, '6000 Marine Corps Dr', '96910', 'Hagåtña', 'Guam', 'GU');
-- INSERTING LOCATION for Kiribati --
INSERT INTO locations (location_id, street_address, postal_code, city, state_province, country_id) VALUES (177, '7000 Bairiki Rd', 'KH200', 'Tarawa', 'Gilbert Islands', 'KI');
-- INSERTING LOCATION for Marshall Islands --
INSERT INTO locations (location_id, street_address, postal_code, city, state_province, country_id) VALUES (178, '8000 Delap Rd', '96960', 'Majuro', 'Majuro Atoll', 'MH');
-- INSERTING LOCATION for Micronesia (Federated States of) --
INSERT INTO locations (location_id, street_address, postal_code, city, state_province, country_id) VALUES (179, '9000 Pohnpei Ave', '96941', 'Palikir', 'Pohnpei State', 'FM');
-- INSERTING LOCATION for Nauru --
INSERT INTO locations (location_id, street_address, postal_code, city, state_province, country_id) VALUES (180, '10000 Yaren St', 'NA001', 'Yaren', 'Yaren District', 'NR');
-- INSERTING LOCATION for New Caledonia --
INSERT INTO locations (location_id, street_address, postal_code, city, state_province, country_id) VALUES (181, '11000 Rue de la République', '98800', 'Nouméa', 'South Province', 'NC');
-- INSERTING LOCATION for New Zealand --
INSERT INTO locations (location_id, street_address, postal_code, city, state_province, country_id) VALUES (182, '12000 Victoria St', '6011', 'Wellington', 'Wellington Region', 'NZ');
-- INSERTING LOCATION for Niue --
INSERT INTO locations (location_id, street_address, postal_code, city, state_province, country_id) VALUES (183, '13000 Alofi North Rd', 'NIU', 'Alofi', 'Niue', 'NU');
-- INSERTING LOCATION for Norfolk Island --
INSERT INTO locations (location_id, street_address, postal_code, city, state_province, country_id) VALUES (184, '14000 New Cascade Rd', '2899', 'Kingston', 'Norfolk Island', 'NF');
-- INSERTING LOCATION for Northern Mariana Islands --
INSERT INTO locations (location_id, street_address, postal_code, city, state_province, country_id) VALUES (185, '15000 Beach Rd', '96950', 'Saipan', 'Saipan', 'MP');
-- INSERTING LOCATION for Palau --
INSERT INTO locations (location_id, street_address, postal_code, city, state_province, country_id) VALUES (186, '16000 Malakal Dr', '96940', 'Ngerulmud', 'Melekeok', 'PW');
-- INSERTING LOCATION for Papua New Guinea --
INSERT INTO locations (location_id, street_address, postal_code, city, state_province, country_id) VALUES (187, '17000 Waigani Dr', '121', 'Port Moresby', 'National Capital District', 'PG');
-- INSERTING LOCATION for Pitcairn Islands --
INSERT INTO locations (location_id, street_address, postal_code, city, state_province, country_id) VALUES (188, '18000 Adamstown Rd', 'PN01', 'Adamstown', 'Pitcairn Island', 'PN');
-- INSERTING LOCATION for Samoa --
INSERT INTO locations (location_id, street_address, postal_code, city, state_province, country_id) VALUES (189, '19000 Apia Park Rd', '1100', 'Apia', 'Upolu', 'WS');
-- INSERTING LOCATION for Solomon Islands --
INSERT INTO locations (location_id, street_address, postal_code, city, state_province, country_id) VALUES (190, '20000 Honiara St', 'SBI100', 'Honiara', 'Guadalcanal', 'SB');
-- INSERTING LOCATION for Tokelau --
INSERT INTO locations (location_id, street_address, postal_code, city, state_province, country_id) VALUES (191, '21000 Atafu Rd', 'TK100', 'Atafu', 'Atafu Atoll', 'TK');
-- INSERTING LOCATION for Tonga --
INSERT INTO locations (location_id, street_address, postal_code, city, state_province, country_id) VALUES (192, '22000 Queen Salote Rd', 'TGA', 'Nuku’alofa', 'Tongatapu', 'TO');
-- INSERTING LOCATION for Tuvalu --
INSERT INTO locations (location_id, street_address, postal_code, city, state_province, country_id) VALUES (193, '23000 Funafuti St', 'TV01', 'Funafuti', 'Funafuti Atoll', 'TV');
-- INSERTING LOCATION for Vanuatu --
INSERT INTO locations (location_id, street_address, postal_code, city, state_province, country_id) VALUES (194, '24000 Lini Hwy', '100', 'Port Vila', 'Shefa', 'VU');
-- INSERTING LOCATION for Wallis and Futuna --
INSERT INTO locations (location_id, street_address, postal_code, city, state_province, country_id) VALUES (195, '25000 Rue de l''Administration', '98600', 'Mata-Utu', 'Wallis Island', 'WF');

-- INSERTING LOCATIONS of The Caribbean --
-- INSERTING LOCATION for Antigua and Barbuda --
INSERT INTO locations (location_id, street_address, postal_code, city, state_province, country_id) VALUES (196, '1000 St. John''s Rd', '001', 'St. John''s', 'Saint John', 'AG');
-- INSERTING LOCATION for Bahamas --
INSERT INTO locations (location_id, street_address, postal_code, city, state_province, country_id) VALUES (197, '2000 Bay St', 'N/A', 'Nassau', 'New Providence', 'BS');
-- INSERTING LOCATION for Barbados --
INSERT INTO locations (location_id, street_address, postal_code, city, state_province, country_id) VALUES (198, '3000 Broad St', 'BB12345', 'Bridgetown', 'Saint Michael', 'BB');
-- INSERTING LOCATION for Cuba --
INSERT INTO locations (location_id, street_address, postal_code, city, state_province, country_id) VALUES (199, '4000 Calle 23', '10400', 'Havana', 'Havana', 'CU');
-- INSERTING LOCATION for Dominica --
INSERT INTO locations (location_id, street_address, postal_code, city, state_province, country_id) VALUES (200, '5000 Victoria St', 'DM1', 'Roseau', 'Saint George', 'DM');
-- INSERTING LOCATION for Dominican Republic --
INSERT INTO locations (location_id, street_address, postal_code, city, state_province, country_id) VALUES (201, '6000 Av. Winston Churchill', '10100', 'Santo Domingo', 'Distrito Nacional', 'DO');
-- INSERTING LOCATION for Haiti --
INSERT INTO locations (location_id, street_address, postal_code, city, state_province, country_id) VALUES (202, '7000 Rue des Fronts Forts', 'HT6110', 'Port-au-Prince', 'Ouest', 'HT');
-- INSERTING LOCATION for Jamaica --
INSERT INTO locations (location_id, street_address, postal_code, city, state_province, country_id) VALUES (203, '8000 Half Way Tree Rd', 'JAM001', 'Kingston', 'Kingston Parish', 'JM');
-- INSERTING LOCATION for Saint Kitts and Nevis --
INSERT INTO locations (location_id, street_address, postal_code, city, state_province, country_id) VALUES (204, '9000 Fort Street', 'VC6', 'Basseterre', 'Saint George', 'KN');
-- INSERTING LOCATION for Saint Lucia --
INSERT INTO locations (location_id, street_address, postal_code, city, state_province, country_id) VALUES (205, '10000 Micoud St', 'LC123', 'Castries', 'Castries', 'LC');
-- INSERTING LOCATION for Saint Vincent and the Grenadines --
INSERT INTO locations (location_id, street_address, postal_code, city, state_province, country_id) VALUES (206, '11000 Main St', 'VC1', 'Kingstown', 'Saint George', 'VC');
-- INSERTING LOCATION for Grenada --
INSERT INTO locations (location_id, street_address, postal_code, city, state_province, country_id) VALUES (207, '12000 Grand Anse Rd', 'GRD01', 'St. George''s', 'Saint George', 'GD');
-- INSERTING LOCATION for Trinidad and Tobago --
INSERT INTO locations (location_id, street_address, postal_code, city, state_province, country_id) VALUES (208, '13000 Charlotte St', 'TTO100', 'Port of Spain', 'Trinidad', 'TT');
-- INSERTING LOCATION for Aruba --
INSERT INTO locations (location_id, street_address, postal_code, city, state_province, country_id) VALUES (209, '14000 Wilhelminastraat', 'AW01', 'Oranjestad', 'Aruba', 'AW');
-- INSERTING LOCATION for Bonaire, Sint Eustatius and Saba --
INSERT INTO locations (location_id, street_address, postal_code, city, state_province, country_id) VALUES (210, '15000 Kralendijk', 'BES100', 'Kralendijk', 'Bonaire', 'BQ');
-- INSERTING LOCATION for Guadeloupe --
INSERT INTO locations (location_id, street_address, postal_code, city, state_province, country_id) VALUES (211, '16000 Rue de la République', '97100', 'Basse-Terre', 'Guadeloupe', 'GG');
-- INSERTING LOCATION for Martinique --
INSERT INTO locations (location_id, street_address, postal_code, city, state_province, country_id) VALUES (212, '17000 Rue Schœlcher', '97200', 'Fort-de-France', 'Martinique', 'MQ');
-- INSERTING LOCATION for Puerto Rico --
INSERT INTO locations (location_id, street_address, postal_code, city, state_province, country_id) VALUES (213, '18000 Ave. Constitution', '00901', 'San Juan', 'San Juan', 'PR');
-- INSERTING LOCATION for Réunion --
INSERT INTO locations (location_id, street_address, postal_code, city, state_province, country_id) VALUES (214, '19000 Rue de la Victoire', '97400', 'Saint-Denis', 'Réunion', 'RE');
-- INSERTING LOCATION for Sint Maarten --
INSERT INTO locations (location_id, street_address, postal_code, city, state_province, country_id) VALUES (215, '20000 Front St', 'SX100', 'Philipsburg', 'Sint Maarten', 'SX');
-- INSERTING LOCATION for Saint Barthélemy --
INSERT INTO locations (location_id, street_address, postal_code, city, state_province, country_id) VALUES (216, '21000 Rue de Lorient', '97133', 'Gustavia', 'Saint Barthélemy', 'BL');
-- INSERTING LOCATION for Saint Martin --
INSERT INTO locations (location_id, street_address, postal_code, city, state_province, country_id) VALUES (217, '22000 Rue de la République', '97150', 'Marigot', 'Saint Martin', 'MF');
-- INSERTING LOCATION for Curaçao --
INSERT INTO locations (location_id, street_address, postal_code, city, state_province, country_id) VALUES (218, '23000 Willemstad Rd', 'CW100', 'Willemstad', 'Curaçao', 'CW');
-- INSERTING LOCATION for British Virgin Islands --
INSERT INTO locations (location_id, street_address, postal_code, city, state_province, country_id) VALUES (219, '24000 Road Town', 'VGB100', 'Road Town', 'Tortola', 'VG');
-- INSERTING LOCATION for United States Virgin Islands --
INSERT INTO locations (location_id, street_address, postal_code, city, state_province, country_id) VALUES (220, '25000 St. Thomas Rd', '00802', 'Charlotte Amalie', 'Saint Thomas', 'VI');
COMMIT;

-- INSERTING DEPARTMENTS --
BEGIN;
INSERT INTO departments (department_id, department_name, location_id) VALUES (1, 'Executive', 1);
INSERT INTO departments (department_id, department_name, location_id) VALUES (2, 'Administration', 1);
INSERT INTO departments (department_id, department_name, location_id) VALUES (3, 'Marketing', 1);
INSERT INTO departments (department_id, department_name, location_id) VALUES (4, 'Purchasing', 2);
INSERT INTO departments (department_id, department_name, location_id) VALUES (5, 'Human Resources', 2);
INSERT INTO departments (department_id, department_name, location_id) VALUES (6, 'Shipping', 2);
INSERT INTO departments (department_id, department_name, location_id) VALUES (7, 'IT', 3);
INSERT INTO departments (department_id, department_name, location_id) VALUES (8, 'Public Relations', 3);
INSERT INTO departments (department_id, department_name, location_id) VALUES (9, 'Sales', 3);
INSERT INTO departments (department_id, department_name, location_id) VALUES (10, 'Finance', 4);
INSERT INTO departments (department_id, department_name, location_id) VALUES (11, 'Accounting', 4);
INSERT INTO departments (department_id, department_name, location_id) VALUES (12, 'Manufacturing', 4);
INSERT INTO departments (department_id, department_name, location_id) VALUES (13, 'Research', 5);
INSERT INTO departments (department_id, department_name, location_id) VALUES (14, 'Customer Service', 5);
INSERT INTO departments (department_id, department_name, location_id) VALUES (15, 'Legal', 5);
INSERT INTO departments (department_id, department_name, location_id) VALUES (16, 'Quality Assurance', 6);
INSERT INTO departments (department_id, department_name, location_id) VALUES (17, 'Support', 6);
INSERT INTO departments (department_id, department_name, location_id) VALUES (18, 'Training', 6);
INSERT INTO departments (department_id, department_name, location_id) VALUES (19, 'Logistics', 7);
INSERT INTO departments (department_id, department_name, location_id) VALUES (20, 'Security', 7);
INSERT INTO departments (department_id, department_name, location_id) VALUES (21, 'Facilities', 7);
INSERT INTO departments (department_id, department_name, location_id) VALUES (22, 'Maintenance', 8);
INSERT INTO departments (department_id, department_name, location_id) VALUES (23, 'Engineering', 8);
INSERT INTO departments (department_id, department_name, location_id) VALUES (24, 'Design', 8);
INSERT INTO departments (department_id, department_name, location_id) VALUES (25, 'Product Development', 9);
INSERT INTO departments (department_id, department_name, location_id) VALUES (26, 'Executive', 9);
INSERT INTO departments (department_id, department_name, location_id) VALUES (27, 'Administration', 9);
INSERT INTO departments (department_id, department_name, location_id) VALUES (28, 'Marketing', 10);
INSERT INTO departments (department_id, department_name, location_id) VALUES (29, 'Purchasing', 10);
INSERT INTO departments (department_id, department_name, location_id) VALUES (30, 'Human Resources', 10);
INSERT INTO departments (department_id, department_name, location_id) VALUES (31, 'Shipping', 11);
INSERT INTO departments (department_id, department_name, location_id) VALUES (32, 'IT', 11);
INSERT INTO departments (department_id, department_name, location_id) VALUES (33, 'Public Relations', 11);
INSERT INTO departments (department_id, department_name, location_id) VALUES (34, 'Sales', 12);
INSERT INTO departments (department_id, department_name, location_id) VALUES (35, 'Finance', 12);
INSERT INTO departments (department_id, department_name, location_id) VALUES (36, 'Accounting', 12);
INSERT INTO departments (department_id, department_name, location_id) VALUES (37, 'Manufacturing', 13);
INSERT INTO departments (department_id, department_name, location_id) VALUES (38, 'Research', 13);
INSERT INTO departments (department_id, department_name, location_id) VALUES (39, 'Customer Service', 13);
INSERT INTO departments (department_id, department_name, location_id) VALUES (40, 'Legal', 14);
INSERT INTO departments (department_id, department_name, location_id) VALUES (41, 'Quality Assurance', 14);
INSERT INTO departments (department_id, department_name, location_id) VALUES (42, 'Support', 14);
INSERT INTO departments (department_id, department_name, location_id) VALUES (43, 'Training', 15);
INSERT INTO departments (department_id, department_name, location_id) VALUES (44, 'Logistics', 15);
INSERT INTO departments (department_id, department_name, location_id) VALUES (45, 'Security', 15);
INSERT INTO departments (department_id, department_name, location_id) VALUES (46, 'Facilities', 16);
INSERT INTO departments (department_id, department_name, location_id) VALUES (47, 'Maintenance', 16);
INSERT INTO departments (department_id, department_name, location_id) VALUES (48, 'Engineering', 16);
INSERT INTO departments (department_id, department_name, location_id) VALUES (49, 'Design', 17);
INSERT INTO departments (department_id, department_name, location_id) VALUES (50, 'Product Development', 17);
INSERT INTO departments (department_id, department_name, location_id) VALUES (51, 'Executive', 17);
INSERT INTO departments (department_id, department_name, location_id) VALUES (52, 'Administration', 18);
INSERT INTO departments (department_id, department_name, location_id) VALUES (53, 'Marketing', 18);
INSERT INTO departments (department_id, department_name, location_id) VALUES (54, 'Purchasing', 18);
INSERT INTO departments (department_id, department_name, location_id) VALUES (55, 'Human Resources', 19);
INSERT INTO departments (department_id, department_name, location_id) VALUES (56, 'Shipping', 19);
INSERT INTO departments (department_id, department_name, location_id) VALUES (57, 'IT', 19);
INSERT INTO departments (department_id, department_name, location_id) VALUES (58, 'Public Relations', 20);
INSERT INTO departments (department_id, department_name, location_id) VALUES (59, 'Sales', 20);
INSERT INTO departments (department_id, department_name, location_id) VALUES (60, 'Finance', 20);
INSERT INTO departments (department_id, department_name, location_id) VALUES (61, 'Accounting', 21);
INSERT INTO departments (department_id, department_name, location_id) VALUES (62, 'Manufacturing', 21);
INSERT INTO departments (department_id, department_name, location_id) VALUES (63, 'Research', 21);
INSERT INTO departments (department_id, department_name, location_id) VALUES (64, 'Customer Service', 22);
INSERT INTO departments (department_id, department_name, location_id) VALUES (65, 'Legal', 22);
INSERT INTO departments (department_id, department_name, location_id) VALUES (66, 'Quality Assurance', 22);
INSERT INTO departments (department_id, department_name, location_id) VALUES (67, 'Support', 23);
INSERT INTO departments (department_id, department_name, location_id) VALUES (68, 'Training', 23);
INSERT INTO departments (department_id, department_name, location_id) VALUES (69, 'Logistics', 23);
INSERT INTO departments (department_id, department_name, location_id) VALUES (70, 'Security', 24);
INSERT INTO departments (department_id, department_name, location_id) VALUES (71, 'Facilities', 24);
INSERT INTO departments (department_id, department_name, location_id) VALUES (72, 'Maintenance', 24);
INSERT INTO departments (department_id, department_name, location_id) VALUES (73, 'Engineering', 25);
INSERT INTO departments (department_id, department_name, location_id) VALUES (74, 'Design', 25);
INSERT INTO departments (department_id, department_name, location_id) VALUES (75, 'Product Development', 25);
INSERT INTO departments (department_id, department_name, location_id) VALUES (76, 'Executive', 26);
INSERT INTO departments (department_id, department_name, location_id) VALUES (77, 'Administration', 26);
INSERT INTO departments (department_id, department_name, location_id) VALUES (78, 'Marketing', 26);
INSERT INTO departments (department_id, department_name, location_id) VALUES (79, 'Purchasing', 27);
INSERT INTO departments (department_id, department_name, location_id) VALUES (80, 'Human Resources', 27);
INSERT INTO departments (department_id, department_name, location_id) VALUES (81, 'Shipping', 27);
INSERT INTO departments (department_id, department_name, location_id) VALUES (82, 'IT', 28);
INSERT INTO departments (department_id, department_name, location_id) VALUES (83, 'Public Relations', 28);
INSERT INTO departments (department_id, department_name, location_id) VALUES (84, 'Sales', 28);
INSERT INTO departments (department_id, department_name, location_id) VALUES (85, 'Finance', 29);
INSERT INTO departments (department_id, department_name, location_id) VALUES (86, 'Accounting', 29);
INSERT INTO departments (department_id, department_name, location_id) VALUES (87, 'Manufacturing', 29);
INSERT INTO departments (department_id, department_name, location_id) VALUES (88, 'Research', 30);
INSERT INTO departments (department_id, department_name, location_id) VALUES (89, 'Customer Service', 30);
INSERT INTO departments (department_id, department_name, location_id) VALUES (90, 'Legal', 30);
INSERT INTO departments (department_id, department_name, location_id) VALUES (91, 'Quality Assurance', 31);
INSERT INTO departments (department_id, department_name, location_id) VALUES (92, 'Support', 31);
INSERT INTO departments (department_id, department_name, location_id) VALUES (93, 'Training', 31);
INSERT INTO departments (department_id, department_name, location_id) VALUES (94, 'Logistics', 32);
INSERT INTO departments (department_id, department_name, location_id) VALUES (95, 'Security', 32);
INSERT INTO departments (department_id, department_name, location_id) VALUES (96, 'Facilities', 32);
INSERT INTO departments (department_id, department_name, location_id) VALUES (97, 'Maintenance', 33);
INSERT INTO departments (department_id, department_name, location_id) VALUES (98, 'Engineering', 33);
INSERT INTO departments (department_id, department_name, location_id) VALUES (99, 'Design', 33);
INSERT INTO departments (department_id, department_name, location_id) VALUES (100, 'Product Development', 34);
INSERT INTO departments (department_id, department_name, location_id) VALUES (101, 'Executive', 34);
INSERT INTO departments (department_id, department_name, location_id) VALUES (102, 'Administration', 34);
INSERT INTO departments (department_id, department_name, location_id) VALUES (103, 'Marketing', 35);
INSERT INTO departments (department_id, department_name, location_id) VALUES (104, 'Purchasing', 35);
INSERT INTO departments (department_id, department_name, location_id) VALUES (105, 'Human Resources', 35);
INSERT INTO departments (department_id, department_name, location_id) VALUES (106, 'Shipping', 36);
INSERT INTO departments (department_id, department_name, location_id) VALUES (107, 'IT', 36);
INSERT INTO departments (department_id, department_name, location_id) VALUES (108, 'Public Relations', 36);
INSERT INTO departments (department_id, department_name, location_id) VALUES (109, 'Sales', 37);
INSERT INTO departments (department_id, department_name, location_id) VALUES (110, 'Finance', 37);
INSERT INTO departments (department_id, department_name, location_id) VALUES (111, 'Accounting', 37);
INSERT INTO departments (department_id, department_name, location_id) VALUES (112, 'Manufacturing', 38);
INSERT INTO departments (department_id, department_name, location_id) VALUES (113, 'Research', 38);
INSERT INTO departments (department_id, department_name, location_id) VALUES (114, 'Customer Service', 38);
INSERT INTO departments (department_id, department_name, location_id) VALUES (115, 'Legal', 39);
INSERT INTO departments (department_id, department_name, location_id) VALUES (116, 'Quality Assurance', 39);
INSERT INTO departments (department_id, department_name, location_id) VALUES (117, 'Support', 39);
INSERT INTO departments (department_id, department_name, location_id) VALUES (118, 'Training', 40);
INSERT INTO departments (department_id, department_name, location_id) VALUES (119, 'Logistics', 40);
INSERT INTO departments (department_id, department_name, location_id) VALUES (120, 'Security', 40);
INSERT INTO departments (department_id, department_name, location_id) VALUES (121, 'Facilities', 41);
INSERT INTO departments (department_id, department_name, location_id) VALUES (122, 'Maintenance', 41);
INSERT INTO departments (department_id, department_name, location_id) VALUES (123, 'Engineering', 41);
INSERT INTO departments (department_id, department_name, location_id) VALUES (124, 'Design', 42);
INSERT INTO departments (department_id, department_name, location_id) VALUES (125, 'Product Development', 42);
INSERT INTO departments (department_id, department_name, location_id) VALUES (126, 'Executive', 42);
INSERT INTO departments (department_id, department_name, location_id) VALUES (127, 'Administration', 43);
INSERT INTO departments (department_id, department_name, location_id) VALUES (128, 'Marketing', 43);
INSERT INTO departments (department_id, department_name, location_id) VALUES (129, 'Purchasing', 43);
INSERT INTO departments (department_id, department_name, location_id) VALUES (130, 'Human Resources', 44);
INSERT INTO departments (department_id, department_name, location_id) VALUES (131, 'Shipping', 44);
INSERT INTO departments (department_id, department_name, location_id) VALUES (132, 'IT', 44);
INSERT INTO departments (department_id, department_name, location_id) VALUES (133, 'Public Relations', 45);
INSERT INTO departments (department_id, department_name, location_id) VALUES (134, 'Sales', 45);
INSERT INTO departments (department_id, department_name, location_id) VALUES (135, 'Finance', 45);
INSERT INTO departments (department_id, department_name, location_id) VALUES (136, 'Accounting', 46);
INSERT INTO departments (department_id, department_name, location_id) VALUES (137, 'Manufacturing', 46);
INSERT INTO departments (department_id, department_name, location_id) VALUES (138, 'Research', 46);
INSERT INTO departments (department_id, department_name, location_id) VALUES (139, 'Customer Service', 47);
INSERT INTO departments (department_id, department_name, location_id) VALUES (140, 'Legal', 47);
INSERT INTO departments (department_id, department_name, location_id) VALUES (141, 'Quality Assurance', 47);
INSERT INTO departments (department_id, department_name, location_id) VALUES (142, 'Support', 48);
INSERT INTO departments (department_id, department_name, location_id) VALUES (143, 'Training', 48);
INSERT INTO departments (department_id, department_name, location_id) VALUES (144, 'Logistics', 48);
INSERT INTO departments (department_id, department_name, location_id) VALUES (145, 'Security', 49);
INSERT INTO departments (department_id, department_name, location_id) VALUES (146, 'Facilities', 49);
INSERT INTO departments (department_id, department_name, location_id) VALUES (147, 'Maintenance', 49);
INSERT INTO departments (department_id, department_name, location_id) VALUES (148, 'Engineering', 50);
INSERT INTO departments (department_id, department_name, location_id) VALUES (149, 'Design', 50);
INSERT INTO departments (department_id, department_name, location_id) VALUES (150, 'Product Development', 50);
INSERT INTO departments (department_id, department_name, location_id) VALUES (151, 'Executive', 51);
INSERT INTO departments (department_id, department_name, location_id) VALUES (152, 'Administration', 51);
INSERT INTO departments (department_id, department_name, location_id) VALUES (153, 'Marketing', 51);
INSERT INTO departments (department_id, department_name, location_id) VALUES (154, 'Purchasing', 52);
INSERT INTO departments (department_id, department_name, location_id) VALUES (155, 'Human Resources', 52);
INSERT INTO departments (department_id, department_name, location_id) VALUES (156, 'Shipping', 52);
INSERT INTO departments (department_id, department_name, location_id) VALUES (157, 'IT', 53);
INSERT INTO departments (department_id, department_name, location_id) VALUES (158, 'Public Relations', 53);
INSERT INTO departments (department_id, department_name, location_id) VALUES (159, 'Sales', 53);
INSERT INTO departments (department_id, department_name, location_id) VALUES (160, 'Finance', 54);
INSERT INTO departments (department_id, department_name, location_id) VALUES (161, 'Accounting', 54);
INSERT INTO departments (department_id, department_name, location_id) VALUES (162, 'Manufacturing', 54);
INSERT INTO departments (department_id, department_name, location_id) VALUES (163, 'Research', 55);
INSERT INTO departments (department_id, department_name, location_id) VALUES (164, 'Customer Service', 55);
INSERT INTO departments (department_id, department_name, location_id) VALUES (165, 'Legal', 55);
INSERT INTO departments (department_id, department_name, location_id) VALUES (166, 'Quality Assurance', 56);
INSERT INTO departments (department_id, department_name, location_id) VALUES (167, 'Support', 56);
INSERT INTO departments (department_id, department_name, location_id) VALUES (168, 'Training', 56);
INSERT INTO departments (department_id, department_name, location_id) VALUES (169, 'Logistics', 57);
INSERT INTO departments (department_id, department_name, location_id) VALUES (170, 'Security', 57);
INSERT INTO departments (department_id, department_name, location_id) VALUES (171, 'Facilities', 57);
INSERT INTO departments (department_id, department_name, location_id) VALUES (172, 'Maintenance', 58);
INSERT INTO departments (department_id, department_name, location_id) VALUES (173, 'Engineering', 58);
INSERT INTO departments (department_id, department_name, location_id) VALUES (174, 'Design', 58);
INSERT INTO departments (department_id, department_name, location_id) VALUES (175, 'Product Development', 59);
INSERT INTO departments (department_id, department_name, location_id) VALUES (176, 'Executive', 59);
INSERT INTO departments (department_id, department_name, location_id) VALUES (177, 'Administration', 59);
INSERT INTO departments (department_id, department_name, location_id) VALUES (178, 'Marketing', 60);
INSERT INTO departments (department_id, department_name, location_id) VALUES (179, 'Purchasing', 60);
INSERT INTO departments (department_id, department_name, location_id) VALUES (180, 'Human Resources', 60);
INSERT INTO departments (department_id, department_name, location_id) VALUES (181, 'Shipping', 61);
INSERT INTO departments (department_id, department_name, location_id) VALUES (182, 'IT', 61);
INSERT INTO departments (department_id, department_name, location_id) VALUES (183, 'Public Relations', 61);
INSERT INTO departments (department_id, department_name, location_id) VALUES (184, 'Sales', 62);
INSERT INTO departments (department_id, department_name, location_id) VALUES (185, 'Finance', 62);
INSERT INTO departments (department_id, department_name, location_id) VALUES (186, 'Accounting', 62);
INSERT INTO departments (department_id, department_name, location_id) VALUES (187, 'Manufacturing', 63);
INSERT INTO departments (department_id, department_name, location_id) VALUES (188, 'Research', 63);
INSERT INTO departments (department_id, department_name, location_id) VALUES (189, 'Customer Service', 63);
INSERT INTO departments (department_id, department_name, location_id) VALUES (190, 'Legal', 64);
INSERT INTO departments (department_id, department_name, location_id) VALUES (191, 'Quality Assurance', 64);
INSERT INTO departments (department_id, department_name, location_id) VALUES (192, 'Support', 64);
INSERT INTO departments (department_id, department_name, location_id) VALUES (193, 'Training', 65);
INSERT INTO departments (department_id, department_name, location_id) VALUES (194, 'Logistics', 65);
INSERT INTO departments (department_id, department_name, location_id) VALUES (195, 'Security', 65);
INSERT INTO departments (department_id, department_name, location_id) VALUES (196, 'Facilities', 66);
INSERT INTO departments (department_id, department_name, location_id) VALUES (197, 'Maintenance', 66);
INSERT INTO departments (department_id, department_name, location_id) VALUES (198, 'Engineering', 66);
INSERT INTO departments (department_id, department_name, location_id) VALUES (199, 'Design', 67);
INSERT INTO departments (department_id, department_name, location_id) VALUES (200, 'Product Development', 67);
INSERT INTO departments (department_id, department_name, location_id) VALUES (201, 'Executive', 67);
INSERT INTO departments (department_id, department_name, location_id) VALUES (202, 'Administration', 68);
INSERT INTO departments (department_id, department_name, location_id) VALUES (203, 'Marketing', 68);
INSERT INTO departments (department_id, department_name, location_id) VALUES (204, 'Purchasing', 68);
INSERT INTO departments (department_id, department_name, location_id) VALUES (205, 'Human Resources', 69);
INSERT INTO departments (department_id, department_name, location_id) VALUES (206, 'Shipping', 69);
INSERT INTO departments (department_id, department_name, location_id) VALUES (207, 'IT', 69);
INSERT INTO departments (department_id, department_name, location_id) VALUES (208, 'Public Relations', 70);
INSERT INTO departments (department_id, department_name, location_id) VALUES (209, 'Sales', 70);
INSERT INTO departments (department_id, department_name, location_id) VALUES (210, 'Finance', 70);
INSERT INTO departments (department_id, department_name, location_id) VALUES (211, 'Accounting', 71);
INSERT INTO departments (department_id, department_name, location_id) VALUES (212, 'Manufacturing', 71);
INSERT INTO departments (department_id, department_name, location_id) VALUES (213, 'Research', 71);
INSERT INTO departments (department_id, department_name, location_id) VALUES (214, 'Customer Service', 72);
INSERT INTO departments (department_id, department_name, location_id) VALUES (215, 'Legal', 72);
INSERT INTO departments (department_id, department_name, location_id) VALUES (216, 'Quality Assurance', 72);
INSERT INTO departments (department_id, department_name, location_id) VALUES (217, 'Support', 73);
INSERT INTO departments (department_id, department_name, location_id) VALUES (218, 'Training', 73);
INSERT INTO departments (department_id, department_name, location_id) VALUES (219, 'Logistics', 73);
INSERT INTO departments (department_id, department_name, location_id) VALUES (220, 'Security', 74);
INSERT INTO departments (department_id, department_name, location_id) VALUES (221, 'Facilities', 74);
INSERT INTO departments (department_id, department_name, location_id) VALUES (222, 'Maintenance', 74);
INSERT INTO departments (department_id, department_name, location_id) VALUES (223, 'Engineering', 75);
INSERT INTO departments (department_id, department_name, location_id) VALUES (224, 'Design', 75);
INSERT INTO departments (department_id, department_name, location_id) VALUES (225, 'Product Development', 75);
INSERT INTO departments (department_id, department_name, location_id) VALUES (226, 'Executive', 76);
INSERT INTO departments (department_id, department_name, location_id) VALUES (227, 'Administration', 76);
INSERT INTO departments (department_id, department_name, location_id) VALUES (228, 'Marketing', 76);
INSERT INTO departments (department_id, department_name, location_id) VALUES (229, 'Purchasing', 77);
INSERT INTO departments (department_id, department_name, location_id) VALUES (230, 'Human Resources', 77);
INSERT INTO departments (department_id, department_name, location_id) VALUES (231, 'Shipping', 77);
INSERT INTO departments (department_id, department_name, location_id) VALUES (232, 'IT', 78);
INSERT INTO departments (department_id, department_name, location_id) VALUES (233, 'Public Relations', 78);
INSERT INTO departments (department_id, department_name, location_id) VALUES (234, 'Sales', 78);
INSERT INTO departments (department_id, department_name, location_id) VALUES (235, 'Finance', 79);
INSERT INTO departments (department_id, department_name, location_id) VALUES (236, 'Accounting', 79);
INSERT INTO departments (department_id, department_name, location_id) VALUES (237, 'Manufacturing', 79);
INSERT INTO departments (department_id, department_name, location_id) VALUES (238, 'Research', 80);
INSERT INTO departments (department_id, department_name, location_id) VALUES (239, 'Customer Service', 80);
INSERT INTO departments (department_id, department_name, location_id) VALUES (240, 'Legal', 80);
INSERT INTO departments (department_id, department_name, location_id) VALUES (241, 'Quality Assurance', 81);
INSERT INTO departments (department_id, department_name, location_id) VALUES (242, 'Support', 81);
INSERT INTO departments (department_id, department_name, location_id) VALUES (243, 'Training', 81);
INSERT INTO departments (department_id, department_name, location_id) VALUES (244, 'Logistics', 82);
INSERT INTO departments (department_id, department_name, location_id) VALUES (245, 'Security', 82);
INSERT INTO departments (department_id, department_name, location_id) VALUES (246, 'Facilities', 82);
INSERT INTO departments (department_id, department_name, location_id) VALUES (247, 'Maintenance', 83);
INSERT INTO departments (department_id, department_name, location_id) VALUES (248, 'Engineering', 83);
INSERT INTO departments (department_id, department_name, location_id) VALUES (249, 'Design', 83);
INSERT INTO departments (department_id, department_name, location_id) VALUES (250, 'Product Development', 84);
INSERT INTO departments (department_id, department_name, location_id) VALUES (251, 'Executive', 84);
INSERT INTO departments (department_id, department_name, location_id) VALUES (252, 'Administration', 84);
INSERT INTO departments (department_id, department_name, location_id) VALUES (253, 'Marketing', 85);
INSERT INTO departments (department_id, department_name, location_id) VALUES (254, 'Purchasing', 85);
INSERT INTO departments (department_id, department_name, location_id) VALUES (255, 'Human Resources', 85);
INSERT INTO departments (department_id, department_name, location_id) VALUES (256, 'Shipping', 86);
INSERT INTO departments (department_id, department_name, location_id) VALUES (257, 'IT', 86);
INSERT INTO departments (department_id, department_name, location_id) VALUES (258, 'Public Relations', 86);
INSERT INTO departments (department_id, department_name, location_id) VALUES (259, 'Sales', 87);
INSERT INTO departments (department_id, department_name, location_id) VALUES (260, 'Finance', 87);
INSERT INTO departments (department_id, department_name, location_id) VALUES (261, 'Accounting', 87);
INSERT INTO departments (department_id, department_name, location_id) VALUES (262, 'Manufacturing', 88);
INSERT INTO departments (department_id, department_name, location_id) VALUES (263, 'Research', 88);
INSERT INTO departments (department_id, department_name, location_id) VALUES (264, 'Customer Service', 88);
INSERT INTO departments (department_id, department_name, location_id) VALUES (265, 'Legal', 89);
INSERT INTO departments (department_id, department_name, location_id) VALUES (266, 'Quality Assurance', 89);
INSERT INTO departments (department_id, department_name, location_id) VALUES (267, 'Support', 89);
INSERT INTO departments (department_id, department_name, location_id) VALUES (268, 'Training', 90);
INSERT INTO departments (department_id, department_name, location_id) VALUES (269, 'Logistics', 90);
INSERT INTO departments (department_id, department_name, location_id) VALUES (270, 'Security', 90);
INSERT INTO departments (department_id, department_name, location_id) VALUES (271, 'Facilities', 91);
INSERT INTO departments (department_id, department_name, location_id) VALUES (272, 'Maintenance', 91);
INSERT INTO departments (department_id, department_name, location_id) VALUES (273, 'Engineering', 91);
INSERT INTO departments (department_id, department_name, location_id) VALUES (274, 'Design', 92);
INSERT INTO departments (department_id, department_name, location_id) VALUES (275, 'Product Development', 92);
INSERT INTO departments (department_id, department_name, location_id) VALUES (276, 'Executive', 92);
INSERT INTO departments (department_id, department_name, location_id) VALUES (277, 'Administration', 93);
INSERT INTO departments (department_id, department_name, location_id) VALUES (278, 'Marketing', 93);
INSERT INTO departments (department_id, department_name, location_id) VALUES (279, 'Purchasing', 93);
INSERT INTO departments (department_id, department_name, location_id) VALUES (280, 'Human Resources', 94);
INSERT INTO departments (department_id, department_name, location_id) VALUES (281, 'Shipping', 94);
INSERT INTO departments (department_id, department_name, location_id) VALUES (282, 'IT', 94);
INSERT INTO departments (department_id, department_name, location_id) VALUES (283, 'Public Relations', 95);
INSERT INTO departments (department_id, department_name, location_id) VALUES (284, 'Sales', 95);
INSERT INTO departments (department_id, department_name, location_id) VALUES (285, 'Finance', 95);
INSERT INTO departments (department_id, department_name, location_id) VALUES (286, 'Accounting', 96);
INSERT INTO departments (department_id, department_name, location_id) VALUES (287, 'Manufacturing', 96);
INSERT INTO departments (department_id, department_name, location_id) VALUES (288, 'Research', 96);
INSERT INTO departments (department_id, department_name, location_id) VALUES (289, 'Customer Service', 97);
INSERT INTO departments (department_id, department_name, location_id) VALUES (290, 'Legal', 97);
INSERT INTO departments (department_id, department_name, location_id) VALUES (291, 'Quality Assurance', 97);
INSERT INTO departments (department_id, department_name, location_id) VALUES (292, 'Support', 98);
INSERT INTO departments (department_id, department_name, location_id) VALUES (293, 'Training', 98);
INSERT INTO departments (department_id, department_name, location_id) VALUES (294, 'Logistics', 98);
INSERT INTO departments (department_id, department_name, location_id) VALUES (295, 'Security', 99);
INSERT INTO departments (department_id, department_name, location_id) VALUES (296, 'Facilities', 99);
INSERT INTO departments (department_id, department_name, location_id) VALUES (297, 'Maintenance', 99);
INSERT INTO departments (department_id, department_name, location_id) VALUES (298, 'Engineering', 100);
INSERT INTO departments (department_id, department_name, location_id) VALUES (299, 'Design', 100);
INSERT INTO departments (department_id, department_name, location_id) VALUES (300, 'Product Development', 100);
INSERT INTO departments (department_id, department_name, location_id) VALUES (301, 'Executive', 101);
INSERT INTO departments (department_id, department_name, location_id) VALUES (302, 'Administration', 101);
INSERT INTO departments (department_id, department_name, location_id) VALUES (303, 'Marketing', 101);
INSERT INTO departments (department_id, department_name, location_id) VALUES (304, 'Purchasing', 102);
INSERT INTO departments (department_id, department_name, location_id) VALUES (305, 'Human Resources', 102);
INSERT INTO departments (department_id, department_name, location_id) VALUES (306, 'Shipping', 102);
INSERT INTO departments (department_id, department_name, location_id) VALUES (307, 'IT', 103);
INSERT INTO departments (department_id, department_name, location_id) VALUES (308, 'Public Relations', 103);
INSERT INTO departments (department_id, department_name, location_id) VALUES (309, 'Sales', 103);
INSERT INTO departments (department_id, department_name, location_id) VALUES (310, 'Finance', 104);
INSERT INTO departments (department_id, department_name, location_id) VALUES (311, 'Accounting', 104);
INSERT INTO departments (department_id, department_name, location_id) VALUES (312, 'Manufacturing', 104);
INSERT INTO departments (department_id, department_name, location_id) VALUES (313, 'Research', 105);
INSERT INTO departments (department_id, department_name, location_id) VALUES (314, 'Customer Service', 105);
INSERT INTO departments (department_id, department_name, location_id) VALUES (315, 'Legal', 105);
INSERT INTO departments (department_id, department_name, location_id) VALUES (316, 'Quality Assurance', 106);
INSERT INTO departments (department_id, department_name, location_id) VALUES (317, 'Support', 106);
INSERT INTO departments (department_id, department_name, location_id) VALUES (318, 'Training', 106);
INSERT INTO departments (department_id, department_name, location_id) VALUES (319, 'Logistics', 107);
INSERT INTO departments (department_id, department_name, location_id) VALUES (320, 'Security', 107);
INSERT INTO departments (department_id, department_name, location_id) VALUES (321, 'Facilities', 107);
INSERT INTO departments (department_id, department_name, location_id) VALUES (322, 'Maintenance', 108);
INSERT INTO departments (department_id, department_name, location_id) VALUES (323, 'Engineering', 108);
INSERT INTO departments (department_id, department_name, location_id) VALUES (324, 'Design', 108);
INSERT INTO departments (department_id, department_name, location_id) VALUES (325, 'Product Development', 109);
INSERT INTO departments (department_id, department_name, location_id) VALUES (326, 'Executive', 109);
INSERT INTO departments (department_id, department_name, location_id) VALUES (327, 'Administration', 109);
INSERT INTO departments (department_id, department_name, location_id) VALUES (328, 'Marketing', 110);
INSERT INTO departments (department_id, department_name, location_id) VALUES (329, 'Purchasing', 110);
INSERT INTO departments (department_id, department_name, location_id) VALUES (330, 'Human Resources', 110);
INSERT INTO departments (department_id, department_name, location_id) VALUES (331, 'Shipping', 111);
INSERT INTO departments (department_id, department_name, location_id) VALUES (332, 'IT', 111);
INSERT INTO departments (department_id, department_name, location_id) VALUES (333, 'Public Relations', 111);
INSERT INTO departments (department_id, department_name, location_id) VALUES (334, 'Sales', 112);
INSERT INTO departments (department_id, department_name, location_id) VALUES (335, 'Finance', 112);
INSERT INTO departments (department_id, department_name, location_id) VALUES (336, 'Accounting', 112);
INSERT INTO departments (department_id, department_name, location_id) VALUES (337, 'Manufacturing', 113);
INSERT INTO departments (department_id, department_name, location_id) VALUES (338, 'Research', 113);
INSERT INTO departments (department_id, department_name, location_id) VALUES (339, 'Customer Service', 113);
INSERT INTO departments (department_id, department_name, location_id) VALUES (340, 'Legal', 114);
INSERT INTO departments (department_id, department_name, location_id) VALUES (341, 'Quality Assurance', 114);
INSERT INTO departments (department_id, department_name, location_id) VALUES (342, 'Support', 114);
INSERT INTO departments (department_id, department_name, location_id) VALUES (343, 'Training', 115);
INSERT INTO departments (department_id, department_name, location_id) VALUES (344, 'Logistics', 115);
INSERT INTO departments (department_id, department_name, location_id) VALUES (345, 'Security', 115);
INSERT INTO departments (department_id, department_name, location_id) VALUES (346, 'Facilities', 116);
INSERT INTO departments (department_id, department_name, location_id) VALUES (347, 'Maintenance', 116);
INSERT INTO departments (department_id, department_name, location_id) VALUES (348, 'Engineering', 116);
INSERT INTO departments (department_id, department_name, location_id) VALUES (349, 'Design', 117);
INSERT INTO departments (department_id, department_name, location_id) VALUES (350, 'Product Development', 117);
INSERT INTO departments (department_id, department_name, location_id) VALUES (351, 'Executive', 117);
INSERT INTO departments (department_id, department_name, location_id) VALUES (352, 'Administration', 118);
INSERT INTO departments (department_id, department_name, location_id) VALUES (353, 'Marketing', 118);
INSERT INTO departments (department_id, department_name, location_id) VALUES (354, 'Purchasing', 118);
INSERT INTO departments (department_id, department_name, location_id) VALUES (355, 'Human Resources', 119);
INSERT INTO departments (department_id, department_name, location_id) VALUES (356, 'Shipping', 119);
INSERT INTO departments (department_id, department_name, location_id) VALUES (357, 'IT', 119);
INSERT INTO departments (department_id, department_name, location_id) VALUES (358, 'Public Relations', 120);
INSERT INTO departments (department_id, department_name, location_id) VALUES (359, 'Sales', 120);
INSERT INTO departments (department_id, department_name, location_id) VALUES (360, 'Finance', 120);
INSERT INTO departments (department_id, department_name, location_id) VALUES (361, 'Accounting', 121);
INSERT INTO departments (department_id, department_name, location_id) VALUES (362, 'Manufacturing', 121);
INSERT INTO departments (department_id, department_name, location_id) VALUES (363, 'Research', 121);
INSERT INTO departments (department_id, department_name, location_id) VALUES (364, 'Customer Service', 122);
INSERT INTO departments (department_id, department_name, location_id) VALUES (365, 'Legal', 122);
INSERT INTO departments (department_id, department_name, location_id) VALUES (366, 'Quality Assurance', 122);
INSERT INTO departments (department_id, department_name, location_id) VALUES (367, 'Support', 123);
INSERT INTO departments (department_id, department_name, location_id) VALUES (368, 'Training', 123);
INSERT INTO departments (department_id, department_name, location_id) VALUES (369, 'Logistics', 123);
INSERT INTO departments (department_id, department_name, location_id) VALUES (370, 'Security', 124);
INSERT INTO departments (department_id, department_name, location_id) VALUES (371, 'Facilities', 124);
INSERT INTO departments (department_id, department_name, location_id) VALUES (372, 'Maintenance', 124);
INSERT INTO departments (department_id, department_name, location_id) VALUES (373, 'Engineering', 125);
INSERT INTO departments (department_id, department_name, location_id) VALUES (374, 'Design', 125);
INSERT INTO departments (department_id, department_name, location_id) VALUES (375, 'Product Development', 125);
INSERT INTO departments (department_id, department_name, location_id) VALUES (376, 'Executive', 126);
INSERT INTO departments (department_id, department_name, location_id) VALUES (377, 'Administration', 126);
INSERT INTO departments (department_id, department_name, location_id) VALUES (378, 'Marketing', 126);
INSERT INTO departments (department_id, department_name, location_id) VALUES (379, 'Purchasing', 127);
INSERT INTO departments (department_id, department_name, location_id) VALUES (380, 'Human Resources', 127);
INSERT INTO departments (department_id, department_name, location_id) VALUES (381, 'Shipping', 127);
INSERT INTO departments (department_id, department_name, location_id) VALUES (382, 'IT', 128);
INSERT INTO departments (department_id, department_name, location_id) VALUES (383, 'Public Relations', 128);
INSERT INTO departments (department_id, department_name, location_id) VALUES (384, 'Sales', 128);
INSERT INTO departments (department_id, department_name, location_id) VALUES (385, 'Finance', 129);
INSERT INTO departments (department_id, department_name, location_id) VALUES (386, 'Accounting', 129);
INSERT INTO departments (department_id, department_name, location_id) VALUES (387, 'Manufacturing', 129);
INSERT INTO departments (department_id, department_name, location_id) VALUES (388, 'Research', 130);
INSERT INTO departments (department_id, department_name, location_id) VALUES (389, 'Customer Service', 130);
INSERT INTO departments (department_id, department_name, location_id) VALUES (390, 'Legal', 130);
INSERT INTO departments (department_id, department_name, location_id) VALUES (391, 'Quality Assurance', 131);
INSERT INTO departments (department_id, department_name, location_id) VALUES (392, 'Support', 131);
INSERT INTO departments (department_id, department_name, location_id) VALUES (393, 'Training', 131);
INSERT INTO departments (department_id, department_name, location_id) VALUES (394, 'Logistics', 132);
INSERT INTO departments (department_id, department_name, location_id) VALUES (395, 'Security', 132);
INSERT INTO departments (department_id, department_name, location_id) VALUES (396, 'Facilities', 132);
INSERT INTO departments (department_id, department_name, location_id) VALUES (397, 'Maintenance', 133);
INSERT INTO departments (department_id, department_name, location_id) VALUES (398, 'Engineering', 133);
INSERT INTO departments (department_id, department_name, location_id) VALUES (399, 'Design', 133);
INSERT INTO departments (department_id, department_name, location_id) VALUES (400, 'Product Development', 134);
INSERT INTO departments (department_id, department_name, location_id) VALUES (401, 'Executive', 134);
INSERT INTO departments (department_id, department_name, location_id) VALUES (402, 'Administration', 134);
INSERT INTO departments (department_id, department_name, location_id) VALUES (403, 'Marketing', 135);
INSERT INTO departments (department_id, department_name, location_id) VALUES (404, 'Purchasing', 135);
INSERT INTO departments (department_id, department_name, location_id) VALUES (405, 'Human Resources', 135);
INSERT INTO departments (department_id, department_name, location_id) VALUES (406, 'Shipping', 136);
INSERT INTO departments (department_id, department_name, location_id) VALUES (407, 'IT', 136);
INSERT INTO departments (department_id, department_name, location_id) VALUES (408, 'Public Relations', 136);
INSERT INTO departments (department_id, department_name, location_id) VALUES (409, 'Sales', 137);
INSERT INTO departments (department_id, department_name, location_id) VALUES (410, 'Finance', 137);
INSERT INTO departments (department_id, department_name, location_id) VALUES (411, 'Accounting', 137);
INSERT INTO departments (department_id, department_name, location_id) VALUES (412, 'Manufacturing', 138);
INSERT INTO departments (department_id, department_name, location_id) VALUES (413, 'Research', 138);
INSERT INTO departments (department_id, department_name, location_id) VALUES (414, 'Customer Service', 138);
INSERT INTO departments (department_id, department_name, location_id) VALUES (415, 'Legal', 139);
INSERT INTO departments (department_id, department_name, location_id) VALUES (416, 'Quality Assurance', 139);
INSERT INTO departments (department_id, department_name, location_id) VALUES (417, 'Support', 139);
INSERT INTO departments (department_id, department_name, location_id) VALUES (418, 'Training', 140);
INSERT INTO departments (department_id, department_name, location_id) VALUES (419, 'Logistics', 140);
INSERT INTO departments (department_id, department_name, location_id) VALUES (420, 'Security', 140);
INSERT INTO departments (department_id, department_name, location_id) VALUES (421, 'Facilities', 141);
INSERT INTO departments (department_id, department_name, location_id) VALUES (422, 'Maintenance', 141);
INSERT INTO departments (department_id, department_name, location_id) VALUES (423, 'Engineering', 141);
INSERT INTO departments (department_id, department_name, location_id) VALUES (424, 'Design', 142);
INSERT INTO departments (department_id, department_name, location_id) VALUES (425, 'Product Development', 142);
INSERT INTO departments (department_id, department_name, location_id) VALUES (426, 'Executive', 142);
INSERT INTO departments (department_id, department_name, location_id) VALUES (427, 'Administration', 143);
INSERT INTO departments (department_id, department_name, location_id) VALUES (428, 'Marketing', 143);
INSERT INTO departments (department_id, department_name, location_id) VALUES (429, 'Purchasing', 143);
INSERT INTO departments (department_id, department_name, location_id) VALUES (430, 'Human Resources', 144);
INSERT INTO departments (department_id, department_name, location_id) VALUES (431, 'Shipping', 144);
INSERT INTO departments (department_id, department_name, location_id) VALUES (432, 'IT', 144);
INSERT INTO departments (department_id, department_name, location_id) VALUES (433, 'Public Relations', 145);
INSERT INTO departments (department_id, department_name, location_id) VALUES (434, 'Sales', 145);
INSERT INTO departments (department_id, department_name, location_id) VALUES (435, 'Finance', 145);
INSERT INTO departments (department_id, department_name, location_id) VALUES (436, 'Accounting', 146);
INSERT INTO departments (department_id, department_name, location_id) VALUES (437, 'Manufacturing', 146);
INSERT INTO departments (department_id, department_name, location_id) VALUES (438, 'Research', 146);
INSERT INTO departments (department_id, department_name, location_id) VALUES (439, 'Customer Service', 147);
INSERT INTO departments (department_id, department_name, location_id) VALUES (440, 'Legal', 147);
INSERT INTO departments (department_id, department_name, location_id) VALUES (441, 'Quality Assurance', 147);
INSERT INTO departments (department_id, department_name, location_id) VALUES (442, 'Support', 148);
INSERT INTO departments (department_id, department_name, location_id) VALUES (443, 'Training', 148);
INSERT INTO departments (department_id, department_name, location_id) VALUES (444, 'Logistics', 148);
INSERT INTO departments (department_id, department_name, location_id) VALUES (445, 'Security', 149);
INSERT INTO departments (department_id, department_name, location_id) VALUES (446, 'Facilities', 149);
INSERT INTO departments (department_id, department_name, location_id) VALUES (447, 'Maintenance', 149);
INSERT INTO departments (department_id, department_name, location_id) VALUES (448, 'Engineering', 150);
INSERT INTO departments (department_id, department_name, location_id) VALUES (449, 'Design', 150);
INSERT INTO departments (department_id, department_name, location_id) VALUES (450, 'Product Development', 150);
INSERT INTO departments (department_id, department_name, location_id) VALUES (451, 'Executive', 151);
INSERT INTO departments (department_id, department_name, location_id) VALUES (452, 'Administration', 151);
INSERT INTO departments (department_id, department_name, location_id) VALUES (453, 'Marketing', 151);
INSERT INTO departments (department_id, department_name, location_id) VALUES (454, 'Purchasing', 152);
INSERT INTO departments (department_id, department_name, location_id) VALUES (455, 'Human Resources', 152);
INSERT INTO departments (department_id, department_name, location_id) VALUES (456, 'Shipping', 152);
INSERT INTO departments (department_id, department_name, location_id) VALUES (457, 'IT', 153);
INSERT INTO departments (department_id, department_name, location_id) VALUES (458, 'Public Relations', 153);
INSERT INTO departments (department_id, department_name, location_id) VALUES (459, 'Sales', 153);
INSERT INTO departments (department_id, department_name, location_id) VALUES (460, 'Finance', 154);
INSERT INTO departments (department_id, department_name, location_id) VALUES (461, 'Accounting', 154);
INSERT INTO departments (department_id, department_name, location_id) VALUES (462, 'Manufacturing', 154);
INSERT INTO departments (department_id, department_name, location_id) VALUES (463, 'Research', 155);
INSERT INTO departments (department_id, department_name, location_id) VALUES (464, 'Customer Service', 155);
INSERT INTO departments (department_id, department_name, location_id) VALUES (465, 'Legal', 155);
INSERT INTO departments (department_id, department_name, location_id) VALUES (466, 'Quality Assurance', 156);
INSERT INTO departments (department_id, department_name, location_id) VALUES (467, 'Support', 156);
INSERT INTO departments (department_id, department_name, location_id) VALUES (468, 'Training', 156);
INSERT INTO departments (department_id, department_name, location_id) VALUES (469, 'Logistics', 157);
INSERT INTO departments (department_id, department_name, location_id) VALUES (470, 'Security', 157);
INSERT INTO departments (department_id, department_name, location_id) VALUES (471, 'Facilities', 157);
INSERT INTO departments (department_id, department_name, location_id) VALUES (472, 'Maintenance', 158);
INSERT INTO departments (department_id, department_name, location_id) VALUES (473, 'Engineering', 158);
INSERT INTO departments (department_id, department_name, location_id) VALUES (474, 'Design', 158);
INSERT INTO departments (department_id, department_name, location_id) VALUES (475, 'Product Development', 159);
INSERT INTO departments (department_id, department_name, location_id) VALUES (476, 'Executive', 159);
INSERT INTO departments (department_id, department_name, location_id) VALUES (477, 'Administration', 159);
INSERT INTO departments (department_id, department_name, location_id) VALUES (478, 'Marketing', 160);
INSERT INTO departments (department_id, department_name, location_id) VALUES (479, 'Purchasing', 160);
INSERT INTO departments (department_id, department_name, location_id) VALUES (480, 'Human Resources', 160);
INSERT INTO departments (department_id, department_name, location_id) VALUES (481, 'Shipping', 161);
INSERT INTO departments (department_id, department_name, location_id) VALUES (482, 'IT', 161);
INSERT INTO departments (department_id, department_name, location_id) VALUES (483, 'Public Relations', 161);
INSERT INTO departments (department_id, department_name, location_id) VALUES (484, 'Sales', 162);
INSERT INTO departments (department_id, department_name, location_id) VALUES (485, 'Finance', 162);
INSERT INTO departments (department_id, department_name, location_id) VALUES (486, 'Accounting', 162);
INSERT INTO departments (department_id, department_name, location_id) VALUES (487, 'Manufacturing', 163);
INSERT INTO departments (department_id, department_name, location_id) VALUES (488, 'Research', 163);
INSERT INTO departments (department_id, department_name, location_id) VALUES (489, 'Customer Service', 163);
INSERT INTO departments (department_id, department_name, location_id) VALUES (490, 'Legal', 164);
INSERT INTO departments (department_id, department_name, location_id) VALUES (491, 'Quality Assurance', 164);
INSERT INTO departments (department_id, department_name, location_id) VALUES (492, 'Support', 164);
INSERT INTO departments (department_id, department_name, location_id) VALUES (493, 'Training', 165);
INSERT INTO departments (department_id, department_name, location_id) VALUES (494, 'Logistics', 165);
INSERT INTO departments (department_id, department_name, location_id) VALUES (495, 'Security', 165);
INSERT INTO departments (department_id, department_name, location_id) VALUES (496, 'Facilities', 166);
INSERT INTO departments (department_id, department_name, location_id) VALUES (497, 'Maintenance', 166);
INSERT INTO departments (department_id, department_name, location_id) VALUES (498, 'Engineering', 166);
INSERT INTO departments (department_id, department_name, location_id) VALUES (499, 'Design', 167);
INSERT INTO departments (department_id, department_name, location_id) VALUES (500, 'Product Development', 167);
INSERT INTO departments (department_id, department_name, location_id) VALUES (501, 'Executive', 167);
INSERT INTO departments (department_id, department_name, location_id) VALUES (502, 'Administration', 168);
INSERT INTO departments (department_id, department_name, location_id) VALUES (503, 'Marketing', 168);
INSERT INTO departments (department_id, department_name, location_id) VALUES (504, 'Purchasing', 168);
INSERT INTO departments (department_id, department_name, location_id) VALUES (505, 'Human Resources', 169);
INSERT INTO departments (department_id, department_name, location_id) VALUES (506, 'Shipping', 169);
INSERT INTO departments (department_id, department_name, location_id) VALUES (507, 'IT', 169);
INSERT INTO departments (department_id, department_name, location_id) VALUES (508, 'Public Relations', 170);
INSERT INTO departments (department_id, department_name, location_id) VALUES (509, 'Sales', 170);
INSERT INTO departments (department_id, department_name, location_id) VALUES (510, 'Finance', 170);
INSERT INTO departments (department_id, department_name, location_id) VALUES (511, 'Accounting', 171);
INSERT INTO departments (department_id, department_name, location_id) VALUES (512, 'Manufacturing', 171);
INSERT INTO departments (department_id, department_name, location_id) VALUES (513, 'Research', 171);
INSERT INTO departments (department_id, department_name, location_id) VALUES (514, 'Customer Service', 172);
INSERT INTO departments (department_id, department_name, location_id) VALUES (515, 'Legal', 172);
INSERT INTO departments (department_id, department_name, location_id) VALUES (516, 'Quality Assurance', 172);
INSERT INTO departments (department_id, department_name, location_id) VALUES (517, 'Support', 173);
INSERT INTO departments (department_id, department_name, location_id) VALUES (518, 'Training', 173);
INSERT INTO departments (department_id, department_name, location_id) VALUES (519, 'Logistics', 173);
INSERT INTO departments (department_id, department_name, location_id) VALUES (520, 'Security', 174);
INSERT INTO departments (department_id, department_name, location_id) VALUES (521, 'Facilities', 174);
INSERT INTO departments (department_id, department_name, location_id) VALUES (522, 'Maintenance', 174);
INSERT INTO departments (department_id, department_name, location_id) VALUES (523, 'Engineering', 175);
INSERT INTO departments (department_id, department_name, location_id) VALUES (524, 'Design', 175);
INSERT INTO departments (department_id, department_name, location_id) VALUES (525, 'Product Development', 175);
INSERT INTO departments (department_id, department_name, location_id) VALUES (526, 'Executive', 176);
INSERT INTO departments (department_id, department_name, location_id) VALUES (527, 'Administration', 176);
INSERT INTO departments (department_id, department_name, location_id) VALUES (528, 'Marketing', 176);
INSERT INTO departments (department_id, department_name, location_id) VALUES (529, 'Purchasing', 177);
INSERT INTO departments (department_id, department_name, location_id) VALUES (530, 'Human Resources', 177);
INSERT INTO departments (department_id, department_name, location_id) VALUES (531, 'Shipping', 177);
INSERT INTO departments (department_id, department_name, location_id) VALUES (532, 'IT', 178);
INSERT INTO departments (department_id, department_name, location_id) VALUES (533, 'Public Relations', 178);
INSERT INTO departments (department_id, department_name, location_id) VALUES (534, 'Sales', 178);
INSERT INTO departments (department_id, department_name, location_id) VALUES (535, 'Finance', 179);
INSERT INTO departments (department_id, department_name, location_id) VALUES (536, 'Accounting', 179);
INSERT INTO departments (department_id, department_name, location_id) VALUES (537, 'Manufacturing', 179);
INSERT INTO departments (department_id, department_name, location_id) VALUES (538, 'Research', 180);
INSERT INTO departments (department_id, department_name, location_id) VALUES (539, 'Customer Service', 180);
INSERT INTO departments (department_id, department_name, location_id) VALUES (540, 'Legal', 180);
INSERT INTO departments (department_id, department_name, location_id) VALUES (541, 'Quality Assurance', 181);
INSERT INTO departments (department_id, department_name, location_id) VALUES (542, 'Support', 181);
INSERT INTO departments (department_id, department_name, location_id) VALUES (543, 'Training', 181);
INSERT INTO departments (department_id, department_name, location_id) VALUES (544, 'Logistics', 182);
INSERT INTO departments (department_id, department_name, location_id) VALUES (545, 'Security', 182);
INSERT INTO departments (department_id, department_name, location_id) VALUES (546, 'Facilities', 182);
INSERT INTO departments (department_id, department_name, location_id) VALUES (547, 'Maintenance', 183);
INSERT INTO departments (department_id, department_name, location_id) VALUES (548, 'Engineering', 183);
INSERT INTO departments (department_id, department_name, location_id) VALUES (549, 'Design', 183);
INSERT INTO departments (department_id, department_name, location_id) VALUES (550, 'Product Development', 184);
INSERT INTO departments (department_id, department_name, location_id) VALUES (551, 'Executive', 184);
INSERT INTO departments (department_id, department_name, location_id) VALUES (552, 'Administration', 184);
INSERT INTO departments (department_id, department_name, location_id) VALUES (553, 'Marketing', 185);
INSERT INTO departments (department_id, department_name, location_id) VALUES (554, 'Purchasing', 185);
INSERT INTO departments (department_id, department_name, location_id) VALUES (555, 'Human Resources', 185);
INSERT INTO departments (department_id, department_name, location_id) VALUES (556, 'Shipping', 186);
INSERT INTO departments (department_id, department_name, location_id) VALUES (557, 'IT', 186);
INSERT INTO departments (department_id, department_name, location_id) VALUES (558, 'Public Relations', 186);
INSERT INTO departments (department_id, department_name, location_id) VALUES (559, 'Sales', 187);
INSERT INTO departments (department_id, department_name, location_id) VALUES (560, 'Finance', 187);
INSERT INTO departments (department_id, department_name, location_id) VALUES (561, 'Accounting', 187);
INSERT INTO departments (department_id, department_name, location_id) VALUES (562, 'Manufacturing', 188);
INSERT INTO departments (department_id, department_name, location_id) VALUES (563, 'Research', 188);
INSERT INTO departments (department_id, department_name, location_id) VALUES (564, 'Customer Service', 188);
INSERT INTO departments (department_id, department_name, location_id) VALUES (565, 'Legal', 189);
INSERT INTO departments (department_id, department_name, location_id) VALUES (566, 'Quality Assurance', 189);
INSERT INTO departments (department_id, department_name, location_id) VALUES (567, 'Support', 189);
INSERT INTO departments (department_id, department_name, location_id) VALUES (568, 'Training', 190);
INSERT INTO departments (department_id, department_name, location_id) VALUES (569, 'Logistics', 190);
INSERT INTO departments (department_id, department_name, location_id) VALUES (570, 'Security', 190);
INSERT INTO departments (department_id, department_name, location_id) VALUES (571, 'Facilities', 191);
INSERT INTO departments (department_id, department_name, location_id) VALUES (572, 'Maintenance', 191);
INSERT INTO departments (department_id, department_name, location_id) VALUES (573, 'Engineering', 191);
INSERT INTO departments (department_id, department_name, location_id) VALUES (574, 'Design', 192);
INSERT INTO departments (department_id, department_name, location_id) VALUES (575, 'Product Development', 192);
INSERT INTO departments (department_id, department_name, location_id) VALUES (576, 'Executive', 192);
INSERT INTO departments (department_id, department_name, location_id) VALUES (577, 'Administration', 193);
INSERT INTO departments (department_id, department_name, location_id) VALUES (578, 'Marketing', 193);
INSERT INTO departments (department_id, department_name, location_id) VALUES (579, 'Purchasing', 193);
INSERT INTO departments (department_id, department_name, location_id) VALUES (580, 'Human Resources', 194);
INSERT INTO departments (department_id, department_name, location_id) VALUES (581, 'Shipping', 194);
INSERT INTO departments (department_id, department_name, location_id) VALUES (582, 'IT', 194);
INSERT INTO departments (department_id, department_name, location_id) VALUES (583, 'Public Relations', 195);
INSERT INTO departments (department_id, department_name, location_id) VALUES (584, 'Sales', 195);
INSERT INTO departments (department_id, department_name, location_id) VALUES (585, 'Finance', 195);
INSERT INTO departments (department_id, department_name, location_id) VALUES (586, 'Accounting', 196);
INSERT INTO departments (department_id, department_name, location_id) VALUES (587, 'Manufacturing', 196);
INSERT INTO departments (department_id, department_name, location_id) VALUES (588, 'Research', 196);
INSERT INTO departments (department_id, department_name, location_id) VALUES (589, 'Customer Service', 197);
INSERT INTO departments (department_id, department_name, location_id) VALUES (590, 'Legal', 197);
INSERT INTO departments (department_id, department_name, location_id) VALUES (591, 'Quality Assurance', 197);
INSERT INTO departments (department_id, department_name, location_id) VALUES (592, 'Support', 198);
INSERT INTO departments (department_id, department_name, location_id) VALUES (593, 'Training', 198);
INSERT INTO departments (department_id, department_name, location_id) VALUES (594, 'Logistics', 198);
INSERT INTO departments (department_id, department_name, location_id) VALUES (595, 'Security', 199);
INSERT INTO departments (department_id, department_name, location_id) VALUES (596, 'Facilities', 199);
INSERT INTO departments (department_id, department_name, location_id) VALUES (597, 'Maintenance', 199);
INSERT INTO departments (department_id, department_name, location_id) VALUES (598, 'Engineering', 200);
INSERT INTO departments (department_id, department_name, location_id) VALUES (599, 'Design', 200);
INSERT INTO departments (department_id, department_name, location_id) VALUES (600, 'Product Development', 200);
INSERT INTO departments (department_id, department_name, location_id) VALUES (601, 'Executive', 201);
INSERT INTO departments (department_id, department_name, location_id) VALUES (602, 'Administration', 201);
INSERT INTO departments (department_id, department_name, location_id) VALUES (603, 'Marketing', 201);
INSERT INTO departments (department_id, department_name, location_id) VALUES (604, 'Purchasing', 202);
INSERT INTO departments (department_id, department_name, location_id) VALUES (605, 'Human Resources', 202);
INSERT INTO departments (department_id, department_name, location_id) VALUES (606, 'Shipping', 202);
INSERT INTO departments (department_id, department_name, location_id) VALUES (607, 'IT', 203);
INSERT INTO departments (department_id, department_name, location_id) VALUES (608, 'Public Relations', 203);
INSERT INTO departments (department_id, department_name, location_id) VALUES (609, 'Sales', 203);
INSERT INTO departments (department_id, department_name, location_id) VALUES (610, 'Finance', 204);
INSERT INTO departments (department_id, department_name, location_id) VALUES (611, 'Accounting', 204);
INSERT INTO departments (department_id, department_name, location_id) VALUES (612, 'Manufacturing', 204);
INSERT INTO departments (department_id, department_name, location_id) VALUES (613, 'Research', 205);
INSERT INTO departments (department_id, department_name, location_id) VALUES (614, 'Customer Service', 205);
INSERT INTO departments (department_id, department_name, location_id) VALUES (615, 'Legal', 205);
INSERT INTO departments (department_id, department_name, location_id) VALUES (616, 'Quality Assurance', 206);
INSERT INTO departments (department_id, department_name, location_id) VALUES (617, 'Support', 206);
INSERT INTO departments (department_id, department_name, location_id) VALUES (618, 'Training', 206);
INSERT INTO departments (department_id, department_name, location_id) VALUES (619, 'Logistics', 207);
INSERT INTO departments (department_id, department_name, location_id) VALUES (620, 'Security', 207);
INSERT INTO departments (department_id, department_name, location_id) VALUES (621, 'Facilities', 207);
INSERT INTO departments (department_id, department_name, location_id) VALUES (622, 'Maintenance', 208);
INSERT INTO departments (department_id, department_name, location_id) VALUES (623, 'Engineering', 208);
INSERT INTO departments (department_id, department_name, location_id) VALUES (624, 'Design', 208);
INSERT INTO departments (department_id, department_name, location_id) VALUES (625, 'Product Development', 209);
INSERT INTO departments (department_id, department_name, location_id) VALUES (626, 'Executive', 209);
INSERT INTO departments (department_id, department_name, location_id) VALUES (627, 'Administration', 209);
INSERT INTO departments (department_id, department_name, location_id) VALUES (628, 'Marketing', 210);
INSERT INTO departments (department_id, department_name, location_id) VALUES (629, 'Purchasing', 210);
INSERT INTO departments (department_id, department_name, location_id) VALUES (630, 'Human Resources', 210);
INSERT INTO departments (department_id, department_name, location_id) VALUES (631, 'Shipping', 211);
INSERT INTO departments (department_id, department_name, location_id) VALUES (632, 'IT', 211);
INSERT INTO departments (department_id, department_name, location_id) VALUES (633, 'Public Relations', 211);
INSERT INTO departments (department_id, department_name, location_id) VALUES (634, 'Sales', 212);
INSERT INTO departments (department_id, department_name, location_id) VALUES (635, 'Finance', 212);
INSERT INTO departments (department_id, department_name, location_id) VALUES (636, 'Accounting', 212);
INSERT INTO departments (department_id, department_name, location_id) VALUES (637, 'Manufacturing', 213);
INSERT INTO departments (department_id, department_name, location_id) VALUES (638, 'Research', 213);
INSERT INTO departments (department_id, department_name, location_id) VALUES (639, 'Customer Service', 213);
INSERT INTO departments (department_id, department_name, location_id) VALUES (640, 'Legal', 214);
INSERT INTO departments (department_id, department_name, location_id) VALUES (641, 'Quality Assurance', 214);
INSERT INTO departments (department_id, department_name, location_id) VALUES (642, 'Support', 214);
INSERT INTO departments (department_id, department_name, location_id) VALUES (643, 'Training', 215);
INSERT INTO departments (department_id, department_name, location_id) VALUES (644, 'Logistics', 215);
INSERT INTO departments (department_id, department_name, location_id) VALUES (645, 'Security', 215);
INSERT INTO departments (department_id, department_name, location_id) VALUES (646, 'Facilities', 216);
INSERT INTO departments (department_id, department_name, location_id) VALUES (647, 'Maintenance', 216);
INSERT INTO departments (department_id, department_name, location_id) VALUES (648, 'Engineering', 216);
INSERT INTO departments (department_id, department_name, location_id) VALUES (649, 'Design', 217);
INSERT INTO departments (department_id, department_name, location_id) VALUES (650, 'Product Development', 217);
INSERT INTO departments (department_id, department_name, location_id) VALUES (651, 'Executive', 217);
INSERT INTO departments (department_id, department_name, location_id) VALUES (652, 'Administration', 218);
INSERT INTO departments (department_id, department_name, location_id) VALUES (653, 'Marketing', 218);
INSERT INTO departments (department_id, department_name, location_id) VALUES (654, 'Purchasing', 218);
INSERT INTO departments (department_id, department_name, location_id) VALUES (655, 'Human Resources', 219);
INSERT INTO departments (department_id, department_name, location_id) VALUES (656, 'Shipping', 219);
INSERT INTO departments (department_id, department_name, location_id) VALUES (657, 'IT', 219);
INSERT INTO departments (department_id, department_name, location_id) VALUES (658, 'Public Relations', 220);
INSERT INTO departments (department_id, department_name, location_id) VALUES (659, 'Sales', 220);
INSERT INTO departments (department_id, department_name, location_id) VALUES (660, 'Finance', 220);
COMMIT;

-- INSERTING JOBS --
BEGIN;
INSERT INTO jobs (job_id, job_title, min_salary, max_salary) VALUES (1, 'President', 20000.00, 40000.00);
INSERT INTO jobs (job_id, job_title, min_salary, max_salary) VALUES (2, 'Vice President', 15000.00, 30000.00);
INSERT INTO jobs (job_id, job_title, min_salary, max_salary) VALUES (3, 'Assistant Vice President', 10000.00, 20000.00);
INSERT INTO jobs (job_id, job_title, min_salary, max_salary) VALUES (4, 'Manager', 8000.00, 15000.00);
INSERT INTO jobs (job_id, job_title, min_salary, max_salary) VALUES (5, 'Assistant Manager', 6000.00, 12000.00);
INSERT INTO jobs (job_id, job_title, min_salary, max_salary) VALUES (6, 'Supervisor', 5000.00, 10000.00);
INSERT INTO jobs (job_id, job_title, min_salary, max_salary) VALUES (7, 'Team Leader', 4500.00, 9000.00);
INSERT INTO jobs (job_id, job_title, min_salary, max_salary) VALUES (8, 'Senior Software Engineer', 6000.00, 12000.00);
INSERT INTO jobs (job_id, job_title, min_salary, max_salary) VALUES (9, 'Software Engineer', 4000.00, 8000.00);
INSERT INTO jobs (job_id, job_title, min_salary, max_salary) VALUES (10, 'Junior Software Engineer', 2500.00, 5000.00);
INSERT INTO jobs (job_id, job_title, min_salary, max_salary) VALUES (11, 'Senior Systems Analyst', 5500.00, 11000.00);
INSERT INTO jobs (job_id, job_title, min_salary, max_salary) VALUES (12, 'Systems Analyst', 3500.00, 7000.00);
INSERT INTO jobs (job_id, job_title, min_salary, max_salary) VALUES (13, 'Senior Accountant', 4500.00, 9000.00);
INSERT INTO jobs (job_id, job_title, min_salary, max_salary) VALUES (14, 'Accountant', 3000.00, 6000.00);
INSERT INTO jobs (job_id, job_title, min_salary, max_salary) VALUES (15, 'Marketing Director', 8000.00, 16000.00);
INSERT INTO jobs (job_id, job_title, min_salary, max_salary) VALUES (16, 'Marketing Manager', 6000.00, 12000.00);
INSERT INTO jobs (job_id, job_title, min_salary, max_salary) VALUES (17, 'Marketing Specialist', 3500.00, 7000.00);
INSERT INTO jobs (job_id, job_title, min_salary, max_salary) VALUES (18, 'Sales Director', 8000.00, 16000.00);
INSERT INTO jobs (job_id, job_title, min_salary, max_salary) VALUES (19, 'Sales Manager', 6000.00, 12000.00);
INSERT INTO jobs (job_id, job_title, min_salary, max_salary) VALUES (20, 'Sales Representative', 2500.00, 5000.00);
INSERT INTO jobs (job_id, job_title, min_salary, max_salary) VALUES (21, 'HR Director', 8000.00, 16000.00);
INSERT INTO jobs (job_id, job_title, min_salary, max_salary) VALUES (22, 'HR Manager', 6000.00, 12000.00);
INSERT INTO jobs (job_id, job_title, min_salary, max_salary) VALUES (23, 'HR Specialist', 3500.00, 7000.00);
INSERT INTO jobs (job_id, job_title, min_salary, max_salary) VALUES (24, 'Administrative Assistant', 2000.00, 4000.00);
INSERT INTO jobs (job_id, job_title, min_salary, max_salary) VALUES (25, 'Executive Assistant', 3000.00, 6000.00);
INSERT INTO jobs (job_id, job_title, min_salary, max_salary) VALUES (26, 'Receptionist', 1500.00, 3000.00);
INSERT INTO jobs (job_id, job_title, min_salary, max_salary) VALUES (27, 'Customer Service Manager', 4000.00, 8000.00);
INSERT INTO jobs (job_id, job_title, min_salary, max_salary) VALUES (28, 'Customer Service Representative', 2000.00, 4000.00);
INSERT INTO jobs (job_id, job_title, min_salary, max_salary) VALUES (29, 'IT Manager', 6000.00, 12000.00);
INSERT INTO jobs (job_id, job_title, min_salary, max_salary) VALUES (30, 'Network Administrator', 4000.00, 8000.00);
INSERT INTO jobs (job_id, job_title, min_salary, max_salary) VALUES (31, 'Database Administrator', 4500.00, 9000.00);
INSERT INTO jobs (job_id, job_title, min_salary, max_salary) VALUES (32, 'Web Developer', 3500.00, 7000.00);
INSERT INTO jobs (job_id, job_title, min_salary, max_salary) VALUES (33, 'Graphic Designer', 3000.00, 6000.00);
INSERT INTO jobs (job_id, job_title, min_salary, max_salary) VALUES (34, 'Content Writer', 2500.00, 5000.00);
INSERT INTO jobs (job_id, job_title, min_salary, max_salary) VALUES (35, 'SEO Specialist', 3000.00, 6000.00);
INSERT INTO jobs (job_id, job_title, min_salary, max_salary) VALUES (36, 'Data Analyst', 4000.00, 8000.00);
INSERT INTO jobs (job_id, job_title, min_salary, max_salary) VALUES (37, 'Business Analyst', 4500.00, 9000.00);
INSERT INTO jobs (job_id, job_title, min_salary, max_salary) VALUES (38, 'Project Manager', 6000.00, 12000.00);
INSERT INTO jobs (job_id, job_title, min_salary, max_salary) VALUES (39, 'Quality Assurance Engineer', 3500.00, 7000.00);
INSERT INTO jobs (job_id, job_title, min_salary, max_salary) VALUES (40, 'Technical Support Specialist', 2500.00, 5000.00);
INSERT INTO jobs (job_id, job_title, min_salary, max_salary) VALUES (41, 'Training Coordinator', 3000.00, 6000.00);
INSERT INTO jobs (job_id, job_title, min_salary, max_salary) VALUES (42, 'Logistics Coordinator', 3500.00, 7000.00);
INSERT INTO jobs (job_id, job_title, min_salary, max_salary) VALUES (43, 'Security Officer', 2000.00, 4000.00);
INSERT INTO jobs (job_id, job_title, min_salary, max_salary) VALUES (44, 'Facilities Manager', 5000.00, 10000.00);
INSERT INTO jobs (job_id, job_title, min_salary, max_salary) VALUES (45, 'Maintenance Technician', 2500.00, 5000.00);
INSERT INTO jobs (job_id, job_title, min_salary, max_salary) VALUES (46, 'Engineering Manager', 7000.00, 14000.00);
INSERT INTO jobs (job_id, job_title, min_salary, max_salary) VALUES (47, 'Design Engineer', 4000.00, 8000.00);
INSERT INTO jobs (job_id, job_title, min_salary, max_salary) VALUES (48, 'Product Manager', 6000.00, 12000.00);
INSERT INTO jobs (job_id, job_title, min_salary, max_salary) VALUES (49, 'Research Scientist', 5000.00, 10000.00);
INSERT INTO jobs (job_id, job_title, min_salary, max_salary) VALUES (50, 'Legal Counsel', 6000.00, 12000.00);
INSERT INTO jobs (job_id, job_title, min_salary, max_salary) VALUES (51, 'Paralegal', 3000.00, 6000.00);
INSERT INTO jobs (job_id, job_title, min_salary, max_salary) VALUES (52, 'Compliance Officer', 4000.00, 8000.00);
INSERT INTO jobs (job_id, job_title, min_salary, max_salary) VALUES (53, 'Risk Manager', 5000.00, 10000.00);
INSERT INTO jobs (job_id, job_title, min_salary, max_salary) VALUES (54, 'Insurance Underwriter', 3500.00, 7000.00);
INSERT INTO jobs (job_id, job_title, min_salary, max_salary) VALUES (55, 'Claims Adjuster', 3000.00, 6000.00);
INSERT INTO jobs (job_id, job_title, min_salary, max_salary) VALUES (56, 'Financial Analyst', 4000.00, 8000.00);
INSERT INTO jobs (job_id, job_title, min_salary, max_salary) VALUES (57, 'Investment Analyst', 5000.00, 10000.00);
INSERT INTO jobs (job_id, job_title, min_salary, max_salary) VALUES (58, 'Tax Specialist', 3500.00, 7000.00);
INSERT INTO jobs (job_id, job_title, min_salary, max_salary) VALUES (59, 'Payroll Specialist', 3000.00, 6000.00);
INSERT INTO jobs (job_id, job_title, min_salary, max_salary) VALUES (60, 'Cost Accountant', 3500.00, 7000.00);
INSERT INTO jobs (job_id, job_title, min_salary, max_salary) VALUES (61, 'Budget Analyst', 4000.00, 8000.00);
INSERT INTO jobs (job_id, job_title, min_salary, max_salary) VALUES (62, 'Internal Auditor', 4500.00, 9000.00);
INSERT INTO jobs (job_id, job_title, min_salary, max_salary) VALUES (63, 'External Auditor', 5000.00, 10000.00);
INSERT INTO jobs (job_id, job_title, min_salary, max_salary) VALUES (64, 'Financial Controller', 6000.00, 12000.00);
INSERT INTO jobs (job_id, job_title, min_salary, max_salary) VALUES (65, 'Chief Financial Officer', 8000.00, 16000.00);
COMMIT;

-- INSERTING EMPLOYEE 1 --
BEGIN;
INSERT INTO employees (employee_id, first_name, last_name, email, phone_number, hire_date, job_id, salary,manager_id,department_id) VALUES (1, 'Ian', 'Malcolm', 'ian.malcolm@gmail.com', '555-3210', '1996-01-30', 23, 150000.00, NULL, 276);
INSERT INTO dependents (dependent_id, first_name, last_name, relationship, employee_id) VALUES (1, 'Alan', 'Turing', 'child', 1);
INSERT INTO dependents (dependent_id, first_name, last_name, relationship, employee_id) VALUES (2, 'Kate', 'Winslet', 'child', 1);
INSERT INTO dependents (dependent_id, first_name, last_name, relationship, employee_id) VALUES (3, 'Betty', 'White', 'child', 1);
INSERT INTO dependents (dependent_id, first_name, last_name, relationship, employee_id) VALUES (4, 'James', 'Maxwell', 'spouse', 1);
COMMIT;

-- INSERTING DEPENDENT 1 --
BEGIN;
INSERT INTO dependents (dependent_id, first_name, last_name, relationship, employee_id) VALUES (5, 'Queen', 'Latifah', 'parent', 1);
END;

-- UPDATING EMPLOYEE SALARY 1 --
BEGIN;
UPDATE employees SET salary = salary + 4304 WHERE employee_id = 1;
COMMIT;

-- INSERTING EMPLOYEE 2 --
BEGIN;
INSERT INTO employees (employee_id, first_name, last_name, email, phone_number, hire_date, job_id, salary,manager_id,department_id) VALUES (2, 'Xander', 'Cage', 'xander.cage@gmail.com', '555-7892', '1998-05-26', 25, 300000.00, 1, 641);
INSERT INTO dependents (dependent_id, first_name, last_name, relationship, employee_id) VALUES (6, 'Neil', 'Armstrong', 'child', 2);
INSERT INTO dependents (dependent_id, first_name, last_name, relationship, employee_id) VALUES (7, 'Betty', 'White', 'child', 2);
INSERT INTO dependents (dependent_id, first_name, last_name, relationship, employee_id) VALUES (8, 'Robert', 'Redford', 'spouse', 2);
COMMIT;

-- INSERTING EMPLOYEE 3 --
BEGIN;
INSERT INTO employees (employee_id, first_name, last_name, email, phone_number, hire_date, job_id, salary,manager_id,department_id) VALUES (3, 'Paul', 'Rudd', 'paul.rudd@gmail.com', '555-1236', '1996-12-05', 61, 540000.00, 1, 201);
COMMIT;

-- INSERTING EMPLOYEE 4 --
BEGIN;
INSERT INTO employees (employee_id, first_name, last_name, email, phone_number, hire_date, job_id, salary,manager_id,department_id) VALUES (4, 'Uma', 'Thurman', 'uma.thurman@gmail.com', '555-4569', '1993-05-03', 22, 270000.00, 3, 308);
INSERT INTO dependents (dependent_id, first_name, last_name, relationship, employee_id) VALUES (9, 'Paul', 'Newman', 'parent', 4);
COMMIT;

-- INSERTING DEPENDENT 3 --
BEGIN;
INSERT INTO dependents (dependent_id, first_name, last_name, relationship, employee_id) VALUES (10, 'Paul', 'Newman', 'parent', 3);
END;

-- INSERTING DEPENDENT 2 --
BEGIN;
INSERT INTO dependents (dependent_id, first_name, last_name, relationship, employee_id) VALUES (11, 'Rosalind', 'Franklin', 'child', 2);
END;

-- INSERTING DEPENDENT 2 --
BEGIN;
INSERT INTO dependents (dependent_id, first_name, last_name, relationship, employee_id) VALUES (12, 'Werner', 'Heisenberg', 'child', 2);
END;

-- UPDATING EMPLOYEE SALARY 3 --
BEGIN;
UPDATE employees SET salary = salary + 8089 WHERE employee_id = 3;
COMMIT;

-- UPDATING EMPLOYEE SALARY 3 --
BEGIN;
UPDATE employees SET salary = salary + 1509 WHERE employee_id = 3;
COMMIT;

-- UPDATING EMPLOYEE SALARY 3 --
BEGIN;
UPDATE employees SET salary = salary + 646 WHERE employee_id = 3;
COMMIT;

-- UPDATING EMPLOYEE SALARY 1 --
BEGIN;
UPDATE employees SET salary = salary + 3075 WHERE employee_id = 1;
COMMIT;

-- INSERTING EMPLOYEE 5 --
BEGIN;
INSERT INTO employees (employee_id, first_name, last_name, email, phone_number, hire_date, job_id, salary,manager_id,department_id) VALUES (5, 'Mia', 'Wallace', 'mia.wallace@gmail.com', '555-6780', '2009-12-11', 60, 190000.00, 4, 157);
INSERT INTO dependents (dependent_id, first_name, last_name, relationship, employee_id) VALUES (13, 'Louis', 'Pasteur', 'spouse', 5);
COMMIT;

-- INSERTING EMPLOYEE 6 --
BEGIN;
INSERT INTO employees (employee_id, first_name, last_name, email, phone_number, hire_date, job_id, salary,manager_id,department_id) VALUES (6, 'George', 'Clooney', 'george.clooney@gmail.com', '555-0987', '2015-10-07', 40, 130000.00, 2, 644);
INSERT INTO dependents (dependent_id, first_name, last_name, relationship, employee_id) VALUES (14, 'Oprah', 'Winfrey', 'child', 6);
INSERT INTO dependents (dependent_id, first_name, last_name, relationship, employee_id) VALUES (15, 'Alex', 'Rodriguez', 'spouse', 6);
COMMIT;

-- INSERTING DEPENDENT 1 --
BEGIN;
INSERT INTO dependents (dependent_id, first_name, last_name, relationship, employee_id) VALUES (16, 'Werner', 'Heisenberg', 'spouse', 1);
END;

-- INSERTING DEPENDENT 4 --
BEGIN;
INSERT INTO dependents (dependent_id, first_name, last_name, relationship, employee_id) VALUES (17, 'Oprah', 'Winfrey', 'parent', 4);
END;

-- UPDATING EMPLOYEE SALARY 4 --
BEGIN;
UPDATE employees SET salary = salary + 427 WHERE employee_id = 4;
COMMIT;

-- UPDATING EMPLOYEE SALARY 2 --
BEGIN;
UPDATE employees SET salary = salary + 3895 WHERE employee_id = 2;
COMMIT;

-- INSERTING EMPLOYEE 7 --
BEGIN;
INSERT INTO employees (employee_id, first_name, last_name, email, phone_number, hire_date, job_id, salary,manager_id,department_id) VALUES (7, 'Tom', 'Hardy', 'tom.hardy@gmail.com', '555-5670', '1996-05-17', 37, 580000.00, 5, 76);
INSERT INTO dependents (dependent_id, first_name, last_name, relationship, employee_id) VALUES (18, 'Kate', 'Winslet', 'child', 7);
INSERT INTO dependents (dependent_id, first_name, last_name, relationship, employee_id) VALUES (19, 'Max', 'Planck', 'parent', 7);
COMMIT;

-- INSERTING EMPLOYEE 8 --
BEGIN;
INSERT INTO employees (employee_id, first_name, last_name, email, phone_number, hire_date, job_id, salary,manager_id,department_id) VALUES (8, 'George', 'Clooney', 'george.clooney@gmail.com', '555-0987', '2011-12-10', 3, 130000.00, 6, 643);
INSERT INTO dependents (dependent_id, first_name, last_name, relationship, employee_id) VALUES (20, 'Grace', 'Kelly', 'child', 8);
COMMIT;

-- INSERTING EMPLOYEE 9 --
BEGIN;
INSERT INTO employees (employee_id, first_name, last_name, email, phone_number, hire_date, job_id, salary,manager_id,department_id) VALUES (9, 'Rihanna', 'Black', 'rihanna.black@gmail.com', '555-1235', '2021-08-31', 25, 240000.00, 2, 292);
INSERT INTO dependents (dependent_id, first_name, last_name, relationship, employee_id) VALUES (21, 'Oprah', 'Winfrey', 'spouse', 9);
INSERT INTO dependents (dependent_id, first_name, last_name, relationship, employee_id) VALUES (22, 'Nikola', 'Tesla', 'parent', 9);
COMMIT;

-- INSERTING EMPLOYEE 10 --
BEGIN;
INSERT INTO employees (employee_id, first_name, last_name, email, phone_number, hire_date, job_id, salary,manager_id,department_id) VALUES (10, 'Charlie', 'Davis', 'charlie.davis@gmail.com', '555-6789', '2013-08-11', 55, 90000.00, 9, 212);
INSERT INTO dependents (dependent_id, first_name, last_name, relationship, employee_id) VALUES (23, 'Frank', 'Sinatra', 'parent', 10);
INSERT INTO dependents (dependent_id, first_name, last_name, relationship, employee_id) VALUES (24, 'Marie', 'Curie', 'spouse', 10);
INSERT INTO dependents (dependent_id, first_name, last_name, relationship, employee_id) VALUES (25, 'Queen', 'Latifah', 'child', 10);
INSERT INTO dependents (dependent_id, first_name, last_name, relationship, employee_id) VALUES (26, 'Hugh', 'Jackman', 'child', 10);
COMMIT;

-- INSERTING DEPENDENT 6 --
BEGIN;
INSERT INTO dependents (dependent_id, first_name, last_name, relationship, employee_id) VALUES (27, 'Charles', 'Darwin', 'child', 6);
END;

-- INSERTING DEPENDENT 3 --
BEGIN;
INSERT INTO dependents (dependent_id, first_name, last_name, relationship, employee_id) VALUES (28, 'James', 'Maxwell', 'parent', 3);
END;

-- INSERTING DEPENDENT 4 --
BEGIN;
INSERT INTO dependents (dependent_id, first_name, last_name, relationship, employee_id) VALUES (29, 'Emma', 'Stone', 'parent', 4);
END;

-- INSERTING DEPENDENT 1 --
BEGIN;
INSERT INTO dependents (dependent_id, first_name, last_name, relationship, employee_id) VALUES (30, 'Alan', 'Turing', 'parent', 1);
END;

-- UPDATING EMPLOYEE SALARY 2 --
BEGIN;
UPDATE employees SET salary = salary + 1977 WHERE employee_id = 2;
COMMIT;

-- UPDATING EMPLOYEE SALARY 3 --
BEGIN;
UPDATE employees SET salary = salary + 1118 WHERE employee_id = 3;
COMMIT;

-- UPDATING EMPLOYEE SALARY 10 --
BEGIN;
UPDATE employees SET salary = salary + 6916 WHERE employee_id = 10;
COMMIT;

-- UPDATING EMPLOYEE SALARY 5 --
BEGIN;
UPDATE employees SET salary = salary + 7352 WHERE employee_id = 5;
COMMIT;

-- UPDATING EMPLOYEE SALARY 2 --
BEGIN;
UPDATE employees SET salary = salary + 5130 WHERE employee_id = 2;
COMMIT;

-- UPDATING EMPLOYEE SALARY 8 --
BEGIN;
UPDATE employees SET salary = salary + 2749 WHERE employee_id = 8;
COMMIT;

-- UPDATING EMPLOYEE SALARY 10 --
BEGIN;
UPDATE employees SET salary = salary + 9901 WHERE employee_id = 10;
COMMIT;

-- UPDATING EMPLOYEE SALARY 7 --
BEGIN;
UPDATE employees SET salary = salary + 7902 WHERE employee_id = 7;
COMMIT;

-- UPDATING EMPLOYEE SALARY 10 --
BEGIN;
UPDATE employees SET salary = salary + 8921 WHERE employee_id = 10;
COMMIT;

-- UPDATING EMPLOYEE SALARY 10 --
BEGIN;
UPDATE employees SET salary = salary + 7104 WHERE employee_id = 10;
COMMIT;

-- INSERTING EMPLOYEE 11 --
BEGIN;
INSERT INTO employees (employee_id, first_name, last_name, email, phone_number, hire_date, job_id, salary,manager_id,department_id) VALUES (11, 'Xander', 'Cage', 'xander.cage@gmail.com', '555-7892', '1990-05-27', 57, 300000.00, 4, 10);
INSERT INTO dependents (dependent_id, first_name, last_name, relationship, employee_id) VALUES (31, 'Kate', 'Winslet', 'child', 11);
INSERT INTO dependents (dependent_id, first_name, last_name, relationship, employee_id) VALUES (32, 'Oprah', 'Winfrey', 'child', 11);
INSERT INTO dependents (dependent_id, first_name, last_name, relationship, employee_id) VALUES (33, 'Maria', 'Mayer', 'child', 11);
COMMIT;

-- INSERTING EMPLOYEE 12 --
BEGIN;
INSERT INTO employees (employee_id, first_name, last_name, email, phone_number, hire_date, job_id, salary,manager_id,department_id) VALUES (12, 'Will', 'Smith', 'will.smith@gmail.com', '555-2347', '2020-05-23', 33, 350000.00, 2, 286);
INSERT INTO dependents (dependent_id, first_name, last_name, relationship, employee_id) VALUES (34, 'Maria', 'Mayer', 'spouse', 12);
COMMIT;

-- DELETING EMPLOYEE 2 --
BEGIN;
UPDATE employees SET manager_id = 8 WHERE employee_id = 6;
UPDATE employees SET manager_id = 8 WHERE employee_id = 9;
UPDATE employees SET manager_id = 8 WHERE employee_id = 12;
DELETE FROM dependents WHERE employee_id = 2;
DELETE FROM employees WHERE employee_id = 2;
COMMIT;

-- INSERTING DEPENDENT 12 --
BEGIN;
INSERT INTO dependents (dependent_id, first_name, last_name, relationship, employee_id) VALUES (35, 'Rachel', 'Carson', 'spouse', 12);
END;

-- INSERTING DEPENDENT 4 --
BEGIN;
INSERT INTO dependents (dependent_id, first_name, last_name, relationship, employee_id) VALUES (36, 'David', 'Hilbert', 'child', 4);
END;

-- DELETING DEPENDENT 19 --
BEGIN;
DELETE FROM dependents WHERE dependent_id = 19;
COMMIT;

-- UPDATING EMPLOYEE SALARY 9 --
BEGIN;
UPDATE employees SET salary = salary + 8863 WHERE employee_id = 9;
COMMIT;

-- UPDATING EMPLOYEE SALARY 4 --
BEGIN;
UPDATE employees SET salary = salary + 9258 WHERE employee_id = 4;
COMMIT;

-- UPDATING EMPLOYEE SALARY 8 --
BEGIN;
UPDATE employees SET salary = salary + 1710 WHERE employee_id = 8;
COMMIT;

-- UPDATING EMPLOYEE SALARY 11 --
BEGIN;
UPDATE employees SET salary = salary + 8591 WHERE employee_id = 11;
COMMIT;

-- UPDATING EMPLOYEE SALARY 1 --
BEGIN;
UPDATE employees SET salary = salary + 8192 WHERE employee_id = 1;
COMMIT;

-- UPDATING EMPLOYEE SALARY 8 --
BEGIN;
UPDATE employees SET salary = salary + 9090 WHERE employee_id = 8;
COMMIT;

-- UPDATING EMPLOYEE SALARY 7 --
BEGIN;
UPDATE employees SET salary = salary + 3961 WHERE employee_id = 7;
COMMIT;

-- UPDATING EMPLOYEE SALARY 5 --
BEGIN;
UPDATE employees SET salary = salary + 783 WHERE employee_id = 5;
COMMIT;

-- INSERTING EMPLOYEE 13 --
BEGIN;
INSERT INTO employees (employee_id, first_name, last_name, email, phone_number, hire_date, job_id, salary,manager_id,department_id) VALUES (13, 'Matthew', 'McConaughey', 'matthew.mcconaughey@gmail.com', '555-8903', '2015-09-03', 42, 510000.00, 4, 541);
INSERT INTO dependents (dependent_id, first_name, last_name, relationship, employee_id) VALUES (37, 'David', 'Hilbert', 'child', 13);
COMMIT;

-- INSERTING EMPLOYEE 14 --
BEGIN;
INSERT INTO employees (employee_id, first_name, last_name, email, phone_number, hire_date, job_id, salary,manager_id,department_id) VALUES (14, 'Katherine', 'Johnson', 'katherine.johnson@gmail.com', '555-8901', '2024-12-03', 22, 170000.00, 1, 216);
INSERT INTO dependents (dependent_id, first_name, last_name, relationship, employee_id) VALUES (38, 'Maria', 'Mayer', 'spouse', 14);
COMMIT;

-- INSERTING EMPLOYEE 15 --
BEGIN;
INSERT INTO employees (employee_id, first_name, last_name, email, phone_number, hire_date, job_id, salary,manager_id,department_id) VALUES (15, 'Ryan', 'Reynolds', 'ryan.reynolds@gmail.com', '555-3458', '1997-03-27', 12, 560000.00, 6, 181);
COMMIT;

-- DELETING EMPLOYEE 13 --
BEGIN;
DELETE FROM dependents WHERE employee_id = 13;
DELETE FROM employees WHERE employee_id = 13;
COMMIT;

-- INSERTING DEPENDENT 3 --
BEGIN;
INSERT INTO dependents (dependent_id, first_name, last_name, relationship, employee_id) VALUES (39, 'Michael', 'Faraday', 'parent', 3);
END;

-- INSERTING DEPENDENT 9 --
BEGIN;
INSERT INTO dependents (dependent_id, first_name, last_name, relationship, employee_id) VALUES (40, 'James', 'Dean', 'parent', 9);
END;

-- INSERTING DEPENDENT 14 --
BEGIN;
INSERT INTO dependents (dependent_id, first_name, last_name, relationship, employee_id) VALUES (41, 'James', 'Dean', 'parent', 14);
END;

-- DELETING DEPENDENT 29 --
BEGIN;
DELETE FROM dependents WHERE dependent_id = 29;
COMMIT;

-- UPDATING EMPLOYEE SALARY 7 --
BEGIN;
UPDATE employees SET salary = salary + 1855 WHERE employee_id = 7;
COMMIT;

-- UPDATING EMPLOYEE SALARY 9 --
BEGIN;
UPDATE employees SET salary = salary + 5775 WHERE employee_id = 9;
COMMIT;

-- UPDATING EMPLOYEE SALARY 14 --
BEGIN;
UPDATE employees SET salary = salary + 4031 WHERE employee_id = 14;
COMMIT;

-- UPDATING EMPLOYEE SALARY 6 --
BEGIN;
UPDATE employees SET salary = salary + 4797 WHERE employee_id = 6;
COMMIT;

-- UPDATING EMPLOYEE SALARY 10 --
BEGIN;
UPDATE employees SET salary = salary + 5085 WHERE employee_id = 10;
COMMIT;

-- UPDATING EMPLOYEE SALARY 12 --
BEGIN;
UPDATE employees SET salary = salary + 1482 WHERE employee_id = 12;
COMMIT;

-- UPDATING EMPLOYEE SALARY 10 --
BEGIN;
UPDATE employees SET salary = salary + 4690 WHERE employee_id = 10;
COMMIT;

-- UPDATING EMPLOYEE SALARY 11 --
BEGIN;
UPDATE employees SET salary = salary + 5624 WHERE employee_id = 11;
COMMIT;

-- UPDATING EMPLOYEE SALARY 5 --
BEGIN;
UPDATE employees SET salary = salary + 1911 WHERE employee_id = 5;
COMMIT;

-- UPDATING EMPLOYEE SALARY 12 --
BEGIN;
UPDATE employees SET salary = salary + 3281 WHERE employee_id = 12;
COMMIT;

-- INSERTING EMPLOYEE 16 --
BEGIN;
INSERT INTO employees (employee_id, first_name, last_name, email, phone_number, hire_date, job_id, salary,manager_id,department_id) VALUES (16, 'Steve', 'Jobs', 'steve.jobs@gmail.com', '555-2347', '1997-10-31', 23, 250000.00, 11, 443);
INSERT INTO dependents (dependent_id, first_name, last_name, relationship, employee_id) VALUES (42, 'Betty', 'White', 'spouse', 16);
INSERT INTO dependents (dependent_id, first_name, last_name, relationship, employee_id) VALUES (43, 'Grace', 'Hopper', 'child', 16);
COMMIT;

-- INSERTING EMPLOYEE 17 --
BEGIN;
INSERT INTO employees (employee_id, first_name, last_name, email, phone_number, hire_date, job_id, salary,manager_id,department_id) VALUES (17, 'Jane', 'Smith', 'jane.smith@gmail.com', '555-5678', '2001-05-24', 44, 60000.00, 5, 168);
INSERT INTO dependents (dependent_id, first_name, last_name, relationship, employee_id) VALUES (44, 'Grace', 'Kelly', 'spouse', 17);
INSERT INTO dependents (dependent_id, first_name, last_name, relationship, employee_id) VALUES (45, 'Carl', 'Sagan', 'parent', 17);
COMMIT;

-- INSERTING EMPLOYEE 18 --
BEGIN;
INSERT INTO employees (employee_id, first_name, last_name, email, phone_number, hire_date, job_id, salary,manager_id,department_id) VALUES (18, 'Leonardo', 'DiCaprio', 'leonardo.dicaprio@gmail.com', '555-2346', '2014-01-01', 23, 180000.00, 1, 257);
INSERT INTO dependents (dependent_id, first_name, last_name, relationship, employee_id) VALUES (46, 'David', 'Attenborough', 'child', 18);
INSERT INTO dependents (dependent_id, first_name, last_name, relationship, employee_id) VALUES (47, 'Betty', 'White', 'parent', 18);
INSERT INTO dependents (dependent_id, first_name, last_name, relationship, employee_id) VALUES (48, 'Tom', 'Cruise', 'child', 18);
COMMIT;

-- INSERTING EMPLOYEE 19 --
BEGIN;
INSERT INTO employees (employee_id, first_name, last_name, email, phone_number, hire_date, job_id, salary,manager_id,department_id) VALUES (19, 'Ian', 'Malcolm', 'ian.malcolm@gmail.com', '555-3210', '2010-06-22', 16, 150000.00, 16, 446);
INSERT INTO dependents (dependent_id, first_name, last_name, relationship, employee_id) VALUES (49, 'Katherine', 'Johnson', 'child', 19);
COMMIT;

-- DELETING EMPLOYEE 3 --
BEGIN;
UPDATE employees SET manager_id = 12 WHERE employee_id = 4;
DELETE FROM dependents WHERE employee_id = 3;
DELETE FROM employees WHERE employee_id = 3;
COMMIT;

-- DELETING EMPLOYEE 8 --
BEGIN;
UPDATE employees SET manager_id = 18 WHERE employee_id = 6;
UPDATE employees SET manager_id = 18 WHERE employee_id = 9;
UPDATE employees SET manager_id = 18 WHERE employee_id = 12;
DELETE FROM dependents WHERE employee_id = 8;
DELETE FROM employees WHERE employee_id = 8;
COMMIT;

-- INSERTING DEPENDENT 9 --
BEGIN;
INSERT INTO dependents (dependent_id, first_name, last_name, relationship, employee_id) VALUES (50, 'Niels', 'Bohr', 'child', 9);
END;

-- INSERTING DEPENDENT 5 --
BEGIN;
INSERT INTO dependents (dependent_id, first_name, last_name, relationship, employee_id) VALUES (51, 'Galileo', 'Galilei', 'spouse', 5);
END;

-- INSERTING DEPENDENT 10 --
BEGIN;
INSERT INTO dependents (dependent_id, first_name, last_name, relationship, employee_id) VALUES (52, 'Hugh', 'Jackman', 'spouse', 10);
END;

-- INSERTING DEPENDENT 12 --
BEGIN;
INSERT INTO dependents (dependent_id, first_name, last_name, relationship, employee_id) VALUES (53, 'Dorothy', 'Hodgkin', 'child', 12);
END;

-- DELETING DEPENDENT 4 --
BEGIN;
DELETE FROM dependents WHERE dependent_id = 4;
COMMIT;

-- DELETING DEPENDENT 42 --
BEGIN;
DELETE FROM dependents WHERE dependent_id = 42;
COMMIT;

-- UPDATING EMPLOYEE SALARY 16 --
BEGIN;
UPDATE employees SET salary = salary + 702 WHERE employee_id = 16;
COMMIT;

-- UPDATING EMPLOYEE SALARY 4 --
BEGIN;
UPDATE employees SET salary = salary + 1579 WHERE employee_id = 4;
COMMIT;

-- UPDATING EMPLOYEE SALARY 1 --
BEGIN;
UPDATE employees SET salary = salary + 5598 WHERE employee_id = 1;
COMMIT;

-- UPDATING EMPLOYEE SALARY 15 --
BEGIN;
UPDATE employees SET salary = salary + 8793 WHERE employee_id = 15;
COMMIT;

-- INSERTING EMPLOYEE 20 --
BEGIN;
INSERT INTO employees (employee_id, first_name, last_name, email, phone_number, hire_date, job_id, salary,manager_id,department_id) VALUES (20, 'Leonardo', 'DiCaprio', 'leonardo.dicaprio@gmail.com', '555-2346', '2021-10-02', 14, 180000.00, 15, 345);
INSERT INTO dependents (dependent_id, first_name, last_name, relationship, employee_id) VALUES (54, 'Niels', 'Bohr', 'spouse', 20);
INSERT INTO dependents (dependent_id, first_name, last_name, relationship, employee_id) VALUES (55, 'Paul', 'Newman', 'spouse', 20);
INSERT INTO dependents (dependent_id, first_name, last_name, relationship, employee_id) VALUES (56, 'Maria', 'Mayer', 'spouse', 20);
INSERT INTO dependents (dependent_id, first_name, last_name, relationship, employee_id) VALUES (57, 'Chris', 'Evans', 'spouse', 20);
COMMIT;

-- INSERTING EMPLOYEE 21 --
BEGIN;
INSERT INTO employees (employee_id, first_name, last_name, email, phone_number, hire_date, job_id, salary,manager_id,department_id) VALUES (21, 'Brad', 'Pitt', 'brad.pitt@gmail.com', '555-7892', '1990-04-26', 20, 400000.00, 9, 342);
INSERT INTO dependents (dependent_id, first_name, last_name, relationship, employee_id) VALUES (58, 'David', 'Attenborough', 'spouse', 21);
INSERT INTO dependents (dependent_id, first_name, last_name, relationship, employee_id) VALUES (59, 'Queen', 'Latifah', 'parent', 21);
COMMIT;

-- INSERTING EMPLOYEE 22 --
BEGIN;
INSERT INTO employees (employee_id, first_name, last_name, email, phone_number, hire_date, job_id, salary,manager_id,department_id) VALUES (22, 'Yoda', 'Skywalker', 'yoda.skywalker@gmail.com', '555-4569', '1991-08-18', 32, 370000.00, 16, 148);
INSERT INTO dependents (dependent_id, first_name, last_name, relationship, employee_id) VALUES (60, 'Maria', 'Mayer', 'parent', 22);
INSERT INTO dependents (dependent_id, first_name, last_name, relationship, employee_id) VALUES (61, 'Carl', 'Sagan', 'parent', 22);
INSERT INTO dependents (dependent_id, first_name, last_name, relationship, employee_id) VALUES (62, 'Richard', 'Feynman', 'child', 22);
COMMIT;

-- DELETING EMPLOYEE 7 --
BEGIN;
DELETE FROM dependents WHERE employee_id = 7;
DELETE FROM employees WHERE employee_id = 7;
COMMIT;

-- INSERTING DEPENDENT 5 --
BEGIN;
INSERT INTO dependents (dependent_id, first_name, last_name, relationship, employee_id) VALUES (63, 'Louis', 'Armstrong', 'child', 5);
END;

-- INSERTING DEPENDENT 9 --
BEGIN;
INSERT INTO dependents (dependent_id, first_name, last_name, relationship, employee_id) VALUES (64, 'Paul', 'Dirac', 'child', 9);
END;

-- INSERTING DEPENDENT 22 --
BEGIN;
INSERT INTO dependents (dependent_id, first_name, last_name, relationship, employee_id) VALUES (65, 'Albert', 'Einstein', 'spouse', 22);
END;

-- DELETING DEPENDENT 14 --
BEGIN;
DELETE FROM dependents WHERE dependent_id = 14;
COMMIT;

-- UPDATING EMPLOYEE SALARY 12 --
BEGIN;
UPDATE employees SET salary = salary + 9640 WHERE employee_id = 12;
COMMIT;

-- UPDATING EMPLOYEE SALARY 4 --
BEGIN;
UPDATE employees SET salary = salary + 2602 WHERE employee_id = 4;
COMMIT;

-- UPDATING EMPLOYEE SALARY 16 --
BEGIN;
UPDATE employees SET salary = salary + 8392 WHERE employee_id = 16;
COMMIT;

-- UPDATING EMPLOYEE SALARY 11 --
BEGIN;
UPDATE employees SET salary = salary + 4114 WHERE employee_id = 11;
COMMIT;

-- UPDATING EMPLOYEE SALARY 22 --
BEGIN;
UPDATE employees SET salary = salary + 5721 WHERE employee_id = 22;
COMMIT;

-- UPDATING EMPLOYEE SALARY 17 --
BEGIN;
UPDATE employees SET salary = salary + 8316 WHERE employee_id = 17;
COMMIT;

-- UPDATING EMPLOYEE SALARY 15 --
BEGIN;
UPDATE employees SET salary = salary + 985 WHERE employee_id = 15;
COMMIT;

-- UPDATING EMPLOYEE SALARY 14 --
BEGIN;
UPDATE employees SET salary = salary + 7755 WHERE employee_id = 14;
COMMIT;

-- UPDATING EMPLOYEE SALARY 10 --
BEGIN;
UPDATE employees SET salary = salary + 2712 WHERE employee_id = 10;
COMMIT;

-- UPDATING EMPLOYEE SALARY 1 --
BEGIN;
UPDATE employees SET salary = salary + 2420 WHERE employee_id = 1;
COMMIT;

-- UPDATING EMPLOYEE SALARY 14 --
BEGIN;
UPDATE employees SET salary = salary + 4123 WHERE employee_id = 14;
COMMIT;

-- UPDATING EMPLOYEE SALARY 5 --
BEGIN;
UPDATE employees SET salary = salary + 2185 WHERE employee_id = 5;
COMMIT;

-- UPDATING EMPLOYEE SALARY 11 --
BEGIN;
UPDATE employees SET salary = salary + 6136 WHERE employee_id = 11;
COMMIT;

-- UPDATING EMPLOYEE SALARY 15 --
BEGIN;
UPDATE employees SET salary = salary + 3939 WHERE employee_id = 15;
COMMIT;

-- UPDATING EMPLOYEE SALARY 16 --
BEGIN;
UPDATE employees SET salary = salary + 5744 WHERE employee_id = 16;
COMMIT;

-- INSERTING EMPLOYEE 23 --
BEGIN;
INSERT INTO employees (employee_id, first_name, last_name, email, phone_number, hire_date, job_id, salary,manager_id,department_id) VALUES (23, 'Will', 'Smith', 'will.smith@gmail.com', '555-2347', '2021-12-03', 63, 350000.00, 22, 304);
INSERT INTO dependents (dependent_id, first_name, last_name, relationship, employee_id) VALUES (66, 'Richard', 'Feynman', 'spouse', 23);
INSERT INTO dependents (dependent_id, first_name, last_name, relationship, employee_id) VALUES (67, 'David', 'Attenborough', 'parent', 23);
INSERT INTO dependents (dependent_id, first_name, last_name, relationship, employee_id) VALUES (68, 'Galileo', 'Galilei', 'child', 23);
COMMIT;

-- INSERTING EMPLOYEE 24 --
BEGIN;
INSERT INTO employees (employee_id, first_name, last_name, email, phone_number, hire_date, job_id, salary,manager_id,department_id) VALUES (24, 'Cameron', 'Diaz', 'cameron.diaz@gmail.com', '555-8903', '1998-11-23', 7, 410000.00, 14, 199);
INSERT INTO dependents (dependent_id, first_name, last_name, relationship, employee_id) VALUES (69, 'Paul', 'Dirac', 'child', 24);
INSERT INTO dependents (dependent_id, first_name, last_name, relationship, employee_id) VALUES (70, 'Frank', 'Sinatra', 'parent', 24);
INSERT INTO dependents (dependent_id, first_name, last_name, relationship, employee_id) VALUES (71, 'Paul', 'Newman', 'spouse', 24);
COMMIT;

-- INSERTING DEPENDENT 20 --
BEGIN;
INSERT INTO dependents (dependent_id, first_name, last_name, relationship, employee_id) VALUES (72, 'Michael', 'Faraday', 'parent', 20);
END;

-- INSERTING DEPENDENT 19 --
BEGIN;
INSERT INTO dependents (dependent_id, first_name, last_name, relationship, employee_id) VALUES (73, 'Louis', 'Armstrong', 'parent', 19);
END;

-- UPDATING EMPLOYEE SALARY 18 --
BEGIN;
UPDATE employees SET salary = salary + 3969 WHERE employee_id = 18;
COMMIT;

-- UPDATING EMPLOYEE SALARY 5 --
BEGIN;
UPDATE employees SET salary = salary + 1436 WHERE employee_id = 5;
COMMIT;

-- UPDATING EMPLOYEE SALARY 17 --
BEGIN;
UPDATE employees SET salary = salary + 855 WHERE employee_id = 17;
COMMIT;

-- UPDATING EMPLOYEE SALARY 18 --
BEGIN;
UPDATE employees SET salary = salary + 6127 WHERE employee_id = 18;
COMMIT;

-- INSERTING EMPLOYEE 25 --
BEGIN;
INSERT INTO employees (employee_id, first_name, last_name, email, phone_number, hire_date, job_id, salary,manager_id,department_id) VALUES (25, 'Rihanna', 'Black', 'rihanna.black@gmail.com', '555-1235', '2006-10-28', 42, 240000.00, 21, 464);
INSERT INTO dependents (dependent_id, first_name, last_name, relationship, employee_id) VALUES (74, 'Max', 'Planck', 'parent', 25);
INSERT INTO dependents (dependent_id, first_name, last_name, relationship, employee_id) VALUES (75, 'Emmy', 'Noether', 'child', 25);
INSERT INTO dependents (dependent_id, first_name, last_name, relationship, employee_id) VALUES (76, 'Oprah', 'Winfrey', 'parent', 25);
INSERT INTO dependents (dependent_id, first_name, last_name, relationship, employee_id) VALUES (77, 'Betty', 'White', 'parent', 25);
COMMIT;

-- INSERTING DEPENDENT 22 --
BEGIN;
INSERT INTO dependents (dependent_id, first_name, last_name, relationship, employee_id) VALUES (78, 'Grace', 'Hopper', 'spouse', 22);
END;

-- UPDATING EMPLOYEE SALARY 11 --
BEGIN;
UPDATE employees SET salary = salary + 1962 WHERE employee_id = 11;
COMMIT;

-- UPDATING EMPLOYEE SALARY 23 --
BEGIN;
UPDATE employees SET salary = salary + 968 WHERE employee_id = 23;
COMMIT;

-- UPDATING EMPLOYEE SALARY 6 --
BEGIN;
UPDATE employees SET salary = salary + 5864 WHERE employee_id = 6;
COMMIT;

-- UPDATING EMPLOYEE SALARY 22 --
BEGIN;
UPDATE employees SET salary = salary + 264 WHERE employee_id = 22;
COMMIT;

-- INSERTING EMPLOYEE 26 --
BEGIN;
INSERT INTO employees (employee_id, first_name, last_name, email, phone_number, hire_date, job_id, salary,manager_id,department_id) VALUES (26, 'Xander', 'Cage', 'xander.cage@gmail.com', '555-7892', '2020-10-25', 10, 300000.00, 15, 412);
INSERT INTO dependents (dependent_id, first_name, last_name, relationship, employee_id) VALUES (79, 'Iris', 'Apfel', 'spouse', 26);
INSERT INTO dependents (dependent_id, first_name, last_name, relationship, employee_id) VALUES (80, 'Chris', 'Evans', 'child', 26);
COMMIT;

-- INSERTING DEPENDENT 25 --
BEGIN;
INSERT INTO dependents (dependent_id, first_name, last_name, relationship, employee_id) VALUES (81, 'Jane', 'Goodall', 'parent', 25);
END;

-- UPDATING EMPLOYEE SALARY 6 --
BEGIN;
UPDATE employees SET salary = salary + 1167 WHERE employee_id = 6;
COMMIT;

-- UPDATING EMPLOYEE SALARY 15 --
BEGIN;
UPDATE employees SET salary = salary + 47 WHERE employee_id = 15;
COMMIT;

-- UPDATING EMPLOYEE SALARY 4 --
BEGIN;
UPDATE employees SET salary = salary + 4121 WHERE employee_id = 4;
COMMIT;

-- UPDATING EMPLOYEE SALARY 6 --
BEGIN;
UPDATE employees SET salary = salary + 8208 WHERE employee_id = 6;
COMMIT;

-- UPDATING EMPLOYEE SALARY 26 --
BEGIN;
UPDATE employees SET salary = salary + 1936 WHERE employee_id = 26;
COMMIT;

-- UPDATING EMPLOYEE SALARY 10 --
BEGIN;
UPDATE employees SET salary = salary + 1805 WHERE employee_id = 10;
COMMIT;

-- UPDATING EMPLOYEE SALARY 5 --
BEGIN;
UPDATE employees SET salary = salary + 2042 WHERE employee_id = 5;
COMMIT;

-- UPDATING EMPLOYEE SALARY 25 --
BEGIN;
UPDATE employees SET salary = salary + 4527 WHERE employee_id = 25;
COMMIT;

-- INSERTING EMPLOYEE 27 --
BEGIN;
INSERT INTO employees (employee_id, first_name, last_name, email, phone_number, hire_date, job_id, salary,manager_id,department_id) VALUES (27, 'Alice', 'Johnson', 'alice.johnson@gmail.com', '555-8765', '2009-04-17', 59, 70000.00, 22, 75);
INSERT INTO dependents (dependent_id, first_name, last_name, relationship, employee_id) VALUES (82, 'Paul', 'Dirac', 'child', 27);
INSERT INTO dependents (dependent_id, first_name, last_name, relationship, employee_id) VALUES (83, 'Barbara', 'McClintock', 'child', 27);
INSERT INTO dependents (dependent_id, first_name, last_name, relationship, employee_id) VALUES (84, 'James', 'Dean', 'spouse', 27);
COMMIT;

-- INSERTING EMPLOYEE 28 --
BEGIN;
INSERT INTO employees (employee_id, first_name, last_name, email, phone_number, hire_date, job_id, salary,manager_id,department_id) VALUES (28, 'Diana', 'Prince', 'diana.prince@gmail.com', '555-3456', '1995-04-02', 61, 100000.00, 1, 260);
INSERT INTO dependents (dependent_id, first_name, last_name, relationship, employee_id) VALUES (85, 'Grace', 'Hopper', 'child', 28);
INSERT INTO dependents (dependent_id, first_name, last_name, relationship, employee_id) VALUES (86, 'Grace', 'Kelly', 'spouse', 28);
INSERT INTO dependents (dependent_id, first_name, last_name, relationship, employee_id) VALUES (87, 'Jane', 'Goodall', 'spouse', 28);
INSERT INTO dependents (dependent_id, first_name, last_name, relationship, employee_id) VALUES (88, 'Marie', 'Curie', 'parent', 28);
COMMIT;

-- INSERTING EMPLOYEE 29 --
BEGIN;
INSERT INTO employees (employee_id, first_name, last_name, email, phone_number, hire_date, job_id, salary,manager_id,department_id) VALUES (29, 'Nina', 'Simone', 'nina.simone@gmail.com', '555-7891', '1993-02-10', 55, 200000.00, 10, 89);
INSERT INTO dependents (dependent_id, first_name, last_name, relationship, employee_id) VALUES (89, 'Susan', 'Sarandon', 'parent', 29);
INSERT INTO dependents (dependent_id, first_name, last_name, relationship, employee_id) VALUES (90, 'Frank', 'Sinatra', 'child', 29);
COMMIT;

-- INSERTING EMPLOYEE 30 --
BEGIN;
INSERT INTO employees (employee_id, first_name, last_name, email, phone_number, hire_date, job_id, salary,manager_id,department_id) VALUES (30, 'Fiona', 'Apple', 'fiona.apple@gmail.com', '555-2345', '2019-12-30', 38, 120000.00, 10, 203);
INSERT INTO dependents (dependent_id, first_name, last_name, relationship, employee_id) VALUES (91, 'Werner', 'Heisenberg', 'parent', 30);
COMMIT;

-- INSERTING EMPLOYEE 31 --
BEGIN;
INSERT INTO employees (employee_id, first_name, last_name, email, phone_number, hire_date, job_id, salary,manager_id,department_id) VALUES (31, 'Hugh', 'Jackman', 'hugh.jackman@gmail.com', '555-3458', '1998-11-13', 12, 460000.00, 4, 458);
COMMIT;

-- INSERTING DEPENDENT 15 --
BEGIN;
INSERT INTO dependents (dependent_id, first_name, last_name, relationship, employee_id) VALUES (92, 'Stephen', 'Hawking', 'spouse', 15);
END;

-- INSERTING DEPENDENT 1 --
BEGIN;
INSERT INTO dependents (dependent_id, first_name, last_name, relationship, employee_id) VALUES (93, 'Iris', 'Apfel', 'spouse', 1);
END;

-- INSERTING DEPENDENT 29 --
BEGIN;
INSERT INTO dependents (dependent_id, first_name, last_name, relationship, employee_id) VALUES (94, 'Paul', 'Newman', 'spouse', 29);
END;

-- INSERTING DEPENDENT 15 --
BEGIN;
INSERT INTO dependents (dependent_id, first_name, last_name, relationship, employee_id) VALUES (95, 'Robert', 'Redford', 'child', 15);
END;

-- INSERTING DEPENDENT 9 --
BEGIN;
INSERT INTO dependents (dependent_id, first_name, last_name, relationship, employee_id) VALUES (96, 'Rachel', 'Carson', 'parent', 9);
END;

-- UPDATING EMPLOYEE SALARY 4 --
BEGIN;
UPDATE employees SET salary = salary + 5749 WHERE employee_id = 4;
COMMIT;

-- UPDATING EMPLOYEE SALARY 16 --
BEGIN;
UPDATE employees SET salary = salary + 7301 WHERE employee_id = 16;
COMMIT;

-- UPDATING EMPLOYEE SALARY 22 --
BEGIN;
UPDATE employees SET salary = salary + 1427 WHERE employee_id = 22;
COMMIT;

-- INSERTING EMPLOYEE 32 --
BEGIN;
INSERT INTO employees (employee_id, first_name, last_name, email, phone_number, hire_date, job_id, salary,manager_id,department_id) VALUES (32, 'Katherine', 'Johnson', 'katherine.johnson@gmail.com', '555-8901', '2007-12-12', 25, 170000.00, 19, 71);
INSERT INTO dependents (dependent_id, first_name, last_name, relationship, employee_id) VALUES (97, 'David', 'Hilbert', 'child', 32);
COMMIT;

-- INSERTING DEPENDENT 5 --
BEGIN;
INSERT INTO dependents (dependent_id, first_name, last_name, relationship, employee_id) VALUES (98, 'Robert', 'Redford', 'spouse', 5);
END;

-- UPDATING EMPLOYEE SALARY 32 --
BEGIN;
UPDATE employees SET salary = salary + 2677 WHERE employee_id = 32;
COMMIT;

-- UPDATING EMPLOYEE SALARY 32 --
BEGIN;
UPDATE employees SET salary = salary + 8206 WHERE employee_id = 32;
COMMIT;

-- UPDATING EMPLOYEE SALARY 22 --
BEGIN;
UPDATE employees SET salary = salary + 8893 WHERE employee_id = 22;
COMMIT;

-- UPDATING EMPLOYEE SALARY 20 --
BEGIN;
UPDATE employees SET salary = salary + 9116 WHERE employee_id = 20;
COMMIT;

-- UPDATING EMPLOYEE SALARY 29 --
BEGIN;
UPDATE employees SET salary = salary + 3574 WHERE employee_id = 29;
COMMIT;

-- UPDATING EMPLOYEE SALARY 23 --
BEGIN;
UPDATE employees SET salary = salary + 9794 WHERE employee_id = 23;
COMMIT;

-- UPDATING EMPLOYEE SALARY 12 --
BEGIN;
UPDATE employees SET salary = salary + 7366 WHERE employee_id = 12;
COMMIT;

-- UPDATING EMPLOYEE SALARY 16 --
BEGIN;
UPDATE employees SET salary = salary + 3988 WHERE employee_id = 16;
COMMIT;

-- UPDATING EMPLOYEE SALARY 18 --
BEGIN;
UPDATE employees SET salary = salary + 1658 WHERE employee_id = 18;
COMMIT;

-- UPDATING EMPLOYEE SALARY 29 --
BEGIN;
UPDATE employees SET salary = salary + 2292 WHERE employee_id = 29;
COMMIT;

-- UPDATING EMPLOYEE SALARY 16 --
BEGIN;
UPDATE employees SET salary = salary + 580 WHERE employee_id = 16;
COMMIT;

-- UPDATING EMPLOYEE SALARY 32 --
BEGIN;
UPDATE employees SET salary = salary + 1415 WHERE employee_id = 32;
COMMIT;

-- UPDATING EMPLOYEE SALARY 14 --
BEGIN;
UPDATE employees SET salary = salary + 1645 WHERE employee_id = 14;
COMMIT;

-- UPDATING EMPLOYEE SALARY 30 --
BEGIN;
UPDATE employees SET salary = salary + 549 WHERE employee_id = 30;
COMMIT;

-- UPDATING EMPLOYEE SALARY 19 --
BEGIN;
UPDATE employees SET salary = salary + 8869 WHERE employee_id = 19;
COMMIT;

-- UPDATING EMPLOYEE SALARY 24 --
BEGIN;
UPDATE employees SET salary = salary + 2855 WHERE employee_id = 24;
COMMIT;

-- UPDATING EMPLOYEE SALARY 14 --
BEGIN;
UPDATE employees SET salary = salary + 8381 WHERE employee_id = 14;
COMMIT;

-- UPDATING EMPLOYEE SALARY 12 --
BEGIN;
UPDATE employees SET salary = salary + 8906 WHERE employee_id = 12;
COMMIT;

-- INSERTING EMPLOYEE 33 --
BEGIN;
INSERT INTO employees (employee_id, first_name, last_name, email, phone_number, hire_date, job_id, salary,manager_id,department_id) VALUES (33, 'Tom', 'Hardy', 'tom.hardy@gmail.com', '555-5670', '2003-04-06', 53, 580000.00, 9, 263);
INSERT INTO dependents (dependent_id, first_name, last_name, relationship, employee_id) VALUES (99, 'Paul', 'Newman', 'child', 33);
INSERT INTO dependents (dependent_id, first_name, last_name, relationship, employee_id) VALUES (100, 'Carl', 'Sagan', 'spouse', 33);
INSERT INTO dependents (dependent_id, first_name, last_name, relationship, employee_id) VALUES (101, 'Betty', 'White', 'child', 33);
COMMIT;

-- INSERTING EMPLOYEE 34 --
BEGIN;
INSERT INTO employees (employee_id, first_name, last_name, email, phone_number, hire_date, job_id, salary,manager_id,department_id) VALUES (34, 'Dwayne', 'Johnson', 'dwayne.johnson@gmail.com', '555-9014', '2001-07-09', 42, 420000.00, 26, 440);
INSERT INTO dependents (dependent_id, first_name, last_name, relationship, employee_id) VALUES (102, 'Katherine', 'Johnson', 'parent', 34);
INSERT INTO dependents (dependent_id, first_name, last_name, relationship, employee_id) VALUES (103, 'Rachel', 'Carson', 'spouse', 34);
INSERT INTO dependents (dependent_id, first_name, last_name, relationship, employee_id) VALUES (104, 'James', 'Maxwell', 'child', 34);
INSERT INTO dependents (dependent_id, first_name, last_name, relationship, employee_id) VALUES (105, 'Meryl', 'Streep', 'spouse', 34);
COMMIT;

-- INSERTING EMPLOYEE 35 --
BEGIN;
INSERT INTO employees (employee_id, first_name, last_name, email, phone_number, hire_date, job_id, salary,manager_id,department_id) VALUES (35, 'Olivia', 'Wilde', 'olivia.wilde@gmail.com', '555-0125', '2012-03-03', 34, 530000.00, 20, 507);
INSERT INTO dependents (dependent_id, first_name, last_name, relationship, employee_id) VALUES (106, 'Grace', 'Kelly', 'child', 35);
INSERT INTO dependents (dependent_id, first_name, last_name, relationship, employee_id) VALUES (107, 'James', 'Maxwell', 'child', 35);
INSERT INTO dependents (dependent_id, first_name, last_name, relationship, employee_id) VALUES (108, 'Nikola', 'Tesla', 'parent', 35);
INSERT INTO dependents (dependent_id, first_name, last_name, relationship, employee_id) VALUES (109, 'Richard', 'Feynman', 'spouse', 35);
COMMIT;

-- INSERTING EMPLOYEE 36 --
BEGIN;
INSERT INTO employees (employee_id, first_name, last_name, email, phone_number, hire_date, job_id, salary,manager_id,department_id) VALUES (36, 'Fiona', 'Apple', 'fiona.apple@gmail.com', '555-2345', '1994-03-20', 20, 120000.00, 5, 652);
COMMIT;

-- INSERTING EMPLOYEE 37 --
BEGIN;
INSERT INTO employees (employee_id, first_name, last_name, email, phone_number, hire_date, job_id, salary,manager_id,department_id) VALUES (37, 'Kate', 'Winslet', 'kate.winslet@gmail.com', '555-6781', '2021-09-02', 26, 490000.00, 28, 247);
INSERT INTO dependents (dependent_id, first_name, last_name, relationship, employee_id) VALUES (110, 'Carl', 'Sagan', 'spouse', 37);
INSERT INTO dependents (dependent_id, first_name, last_name, relationship, employee_id) VALUES (111, 'Stephen', 'Hawking', 'child', 37);
COMMIT;

-- DELETING EMPLOYEE 16 --
BEGIN;
UPDATE employees SET manager_id = 37 WHERE employee_id = 19;
UPDATE employees SET manager_id = 37 WHERE employee_id = 22;
DELETE FROM dependents WHERE employee_id = 16;
DELETE FROM employees WHERE employee_id = 16;
COMMIT;

-- DELETING EMPLOYEE 20 --
BEGIN;
UPDATE employees SET manager_id = 15 WHERE employee_id = 35;
DELETE FROM dependents WHERE employee_id = 20;
DELETE FROM employees WHERE employee_id = 20;
COMMIT;

-- DELETING EMPLOYEE 5 --
BEGIN;
UPDATE employees SET manager_id = 21 WHERE employee_id = 7;
UPDATE employees SET manager_id = 21 WHERE employee_id = 17;
UPDATE employees SET manager_id = 21 WHERE employee_id = 36;
DELETE FROM dependents WHERE employee_id = 5;
DELETE FROM employees WHERE employee_id = 5;
COMMIT;

-- INSERTING DEPENDENT 36 --
BEGIN;
INSERT INTO dependents (dependent_id, first_name, last_name, relationship, employee_id) VALUES (112, 'Robert', 'Redford', 'child', 36);
END;

-- INSERTING DEPENDENT 26 --
BEGIN;
INSERT INTO dependents (dependent_id, first_name, last_name, relationship, employee_id) VALUES (113, 'Emma', 'Stone', 'spouse', 26);
END;

-- INSERTING DEPENDENT 17 --
BEGIN;
INSERT INTO dependents (dependent_id, first_name, last_name, relationship, employee_id) VALUES (114, 'Hugh', 'Jackman', 'child', 17);
END;

-- INSERTING DEPENDENT 19 --
BEGIN;
INSERT INTO dependents (dependent_id, first_name, last_name, relationship, employee_id) VALUES (115, 'Katherine', 'Johnson', 'parent', 19);
END;

-- INSERTING DEPENDENT 1 --
BEGIN;
INSERT INTO dependents (dependent_id, first_name, last_name, relationship, employee_id) VALUES (116, 'Grace', 'Hopper', 'child', 1);
END;

-- DELETING DEPENDENT 89 --
BEGIN;
DELETE FROM dependents WHERE dependent_id = 89;
COMMIT;

-- DELETING DEPENDENT 109 --
BEGIN;
DELETE FROM dependents WHERE dependent_id = 109;
COMMIT;

-- DELETING DEPENDENT 79 --
BEGIN;
DELETE FROM dependents WHERE dependent_id = 79;
COMMIT;

-- UPDATING EMPLOYEE SALARY 27 --
BEGIN;
UPDATE employees SET salary = salary + 3563 WHERE employee_id = 27;
COMMIT;

-- UPDATING EMPLOYEE SALARY 10 --
BEGIN;
UPDATE employees SET salary = salary + 8310 WHERE employee_id = 10;
COMMIT;

-- INSERTING EMPLOYEE 38 --
BEGIN;
INSERT INTO employees (employee_id, first_name, last_name, email, phone_number, hire_date, job_id, salary,manager_id,department_id) VALUES (38, 'Tina', 'Fey', 'tina.fey@gmail.com', '555-3458', '2009-06-16', 40, 260000.00, 10, 75);
INSERT INTO dependents (dependent_id, first_name, last_name, relationship, employee_id) VALUES (117, 'James', 'Maxwell', 'parent', 38);
INSERT INTO dependents (dependent_id, first_name, last_name, relationship, employee_id) VALUES (118, 'Marie', 'Curie', 'parent', 38);
COMMIT;

-- INSERTING EMPLOYEE 39 --
BEGIN;
INSERT INTO employees (employee_id, first_name, last_name, email, phone_number, hire_date, job_id, salary,manager_id,department_id) VALUES (39, 'Jack', 'Sparrow', 'jack.sparrow@gmail.com', '555-4567', '2023-11-21', 25, 160000.00, 27, 623);
INSERT INTO dependents (dependent_id, first_name, last_name, relationship, employee_id) VALUES (119, 'David', 'Hilbert', 'spouse', 39);
INSERT INTO dependents (dependent_id, first_name, last_name, relationship, employee_id) VALUES (120, 'Jane', 'Goodall', 'child', 39);
COMMIT;

-- INSERTING EMPLOYEE 40 --
BEGIN;
INSERT INTO employees (employee_id, first_name, last_name, email, phone_number, hire_date, job_id, salary,manager_id,department_id) VALUES (40, 'Samuel', 'Jackson', 'samuel.jackson@gmail.com', '555-8903', '2002-05-30', 29, 310000.00, 31, 154);
INSERT INTO dependents (dependent_id, first_name, last_name, relationship, employee_id) VALUES (121, 'Iris', 'Apfel', 'child', 40);
COMMIT;

-- INSERTING EMPLOYEE 41 --
BEGIN;
INSERT INTO employees (employee_id, first_name, last_name, email, phone_number, hire_date, job_id, salary,manager_id,department_id) VALUES (41, 'Charlie', 'Davis', 'charlie.davis@gmail.com', '555-6789', '1997-07-23', 53, 90000.00, 33, 276);
INSERT INTO dependents (dependent_id, first_name, last_name, relationship, employee_id) VALUES (122, 'Albert', 'Einstein', 'child', 41);
INSERT INTO dependents (dependent_id, first_name, last_name, relationship, employee_id) VALUES (123, 'Rachel', 'Carson', 'parent', 41);
INSERT INTO dependents (dependent_id, first_name, last_name, relationship, employee_id) VALUES (124, 'Ada', 'Lovelace', 'parent', 41);
INSERT INTO dependents (dependent_id, first_name, last_name, relationship, employee_id) VALUES (125, 'Galileo', 'Galilei', 'child', 41);
COMMIT;

-- INSERTING EMPLOYEE 42 --
BEGIN;
INSERT INTO employees (employee_id, first_name, last_name, email, phone_number, hire_date, job_id, salary,manager_id,department_id) VALUES (42, 'Xander', 'Cage', 'xander.cage@gmail.com', '555-7892', '2001-09-25', 33, 300000.00, 10, 445);
INSERT INTO dependents (dependent_id, first_name, last_name, relationship, employee_id) VALUES (126, 'Chris', 'Evans', 'spouse', 42);
INSERT INTO dependents (dependent_id, first_name, last_name, relationship, employee_id) VALUES (127, 'Nikola', 'Tesla', 'child', 42);
COMMIT;

-- INSERTING DEPENDENT 18 --
BEGIN;
INSERT INTO dependents (dependent_id, first_name, last_name, relationship, employee_id) VALUES (128, 'Lise', 'Meitner', 'child', 18);
END;

-- INSERTING DEPENDENT 26 --
BEGIN;
INSERT INTO dependents (dependent_id, first_name, last_name, relationship, employee_id) VALUES (129, 'David', 'Attenborough', 'spouse', 26);
END;

-- INSERTING DEPENDENT 1 --
BEGIN;
INSERT INTO dependents (dependent_id, first_name, last_name, relationship, employee_id) VALUES (130, 'Emmy', 'Noether', 'child', 1);
END;

-- INSERTING DEPENDENT 19 --
BEGIN;
INSERT INTO dependents (dependent_id, first_name, last_name, relationship, employee_id) VALUES (131, 'Chris', 'Evans', 'spouse', 19);
END;

-- INSERTING DEPENDENT 21 --
BEGIN;
INSERT INTO dependents (dependent_id, first_name, last_name, relationship, employee_id) VALUES (132, 'Charles', 'Darwin', 'parent', 21);
END;

-- UPDATING EMPLOYEE SALARY 6 --
BEGIN;
UPDATE employees SET salary = salary + 420 WHERE employee_id = 6;
COMMIT;

-- UPDATING EMPLOYEE SALARY 32 --
BEGIN;
UPDATE employees SET salary = salary + 4377 WHERE employee_id = 32;
COMMIT;

-- UPDATING EMPLOYEE SALARY 25 --
BEGIN;
UPDATE employees SET salary = salary + 2632 WHERE employee_id = 25;
COMMIT;

-- UPDATING EMPLOYEE SALARY 25 --
BEGIN;
UPDATE employees SET salary = salary + 5057 WHERE employee_id = 25;
COMMIT;

-- UPDATING EMPLOYEE SALARY 26 --
BEGIN;
UPDATE employees SET salary = salary + 9779 WHERE employee_id = 26;
COMMIT;

-- UPDATING EMPLOYEE SALARY 18 --
BEGIN;
UPDATE employees SET salary = salary + 7168 WHERE employee_id = 18;
COMMIT;

-- UPDATING EMPLOYEE SALARY 34 --
BEGIN;
UPDATE employees SET salary = salary + 77 WHERE employee_id = 34;
COMMIT;

-- UPDATING EMPLOYEE SALARY 33 --
BEGIN;
UPDATE employees SET salary = salary + 3482 WHERE employee_id = 33;
COMMIT;

-- UPDATING EMPLOYEE SALARY 34 --
BEGIN;
UPDATE employees SET salary = salary + 641 WHERE employee_id = 34;
COMMIT;

-- UPDATING EMPLOYEE SALARY 38 --
BEGIN;
UPDATE employees SET salary = salary + 9088 WHERE employee_id = 38;
COMMIT;

-- UPDATING EMPLOYEE SALARY 42 --
BEGIN;
UPDATE employees SET salary = salary + 8959 WHERE employee_id = 42;
COMMIT;

-- UPDATING EMPLOYEE SALARY 27 --
BEGIN;
UPDATE employees SET salary = salary + 5852 WHERE employee_id = 27;
COMMIT;

-- UPDATING EMPLOYEE SALARY 22 --
BEGIN;
UPDATE employees SET salary = salary + 5420 WHERE employee_id = 22;
COMMIT;

-- UPDATING EMPLOYEE SALARY 22 --
BEGIN;
UPDATE employees SET salary = salary + 2948 WHERE employee_id = 22;
COMMIT;

-- UPDATING EMPLOYEE SALARY 14 --
BEGIN;
UPDATE employees SET salary = salary + 471 WHERE employee_id = 14;
COMMIT;

-- UPDATING EMPLOYEE SALARY 37 --
BEGIN;
UPDATE employees SET salary = salary + 5652 WHERE employee_id = 37;
COMMIT;

-- UPDATING EMPLOYEE SALARY 35 --
BEGIN;
UPDATE employees SET salary = salary + 6993 WHERE employee_id = 35;
COMMIT;

-- UPDATING EMPLOYEE SALARY 33 --
BEGIN;
UPDATE employees SET salary = salary + 7361 WHERE employee_id = 33;
COMMIT;

-- UPDATING EMPLOYEE SALARY 11 --
BEGIN;
UPDATE employees SET salary = salary + 949 WHERE employee_id = 11;
COMMIT;

-- UPDATING EMPLOYEE SALARY 10 --
BEGIN;
UPDATE employees SET salary = salary + 7596 WHERE employee_id = 10;
COMMIT;

-- UPDATING EMPLOYEE SALARY 19 --
BEGIN;
UPDATE employees SET salary = salary + 4649 WHERE employee_id = 19;
COMMIT;

-- UPDATING EMPLOYEE SALARY 27 --
BEGIN;
UPDATE employees SET salary = salary + 368 WHERE employee_id = 27;
COMMIT;

-- UPDATING EMPLOYEE SALARY 25 --
BEGIN;
UPDATE employees SET salary = salary + 8845 WHERE employee_id = 25;
COMMIT;

-- UPDATING EMPLOYEE SALARY 19 --
BEGIN;
UPDATE employees SET salary = salary + 5355 WHERE employee_id = 19;
COMMIT;

-- UPDATING EMPLOYEE SALARY 12 --
BEGIN;
UPDATE employees SET salary = salary + 6708 WHERE employee_id = 12;
COMMIT;

-- UPDATING EMPLOYEE SALARY 4 --
BEGIN;
UPDATE employees SET salary = salary + 6834 WHERE employee_id = 4;
COMMIT;

-- UPDATING EMPLOYEE SALARY 41 --
BEGIN;
UPDATE employees SET salary = salary + 8221 WHERE employee_id = 41;
COMMIT;

-- UPDATING EMPLOYEE SALARY 11 --
BEGIN;
UPDATE employees SET salary = salary + 5191 WHERE employee_id = 11;
COMMIT;

-- UPDATING EMPLOYEE SALARY 35 --
BEGIN;
UPDATE employees SET salary = salary + 1996 WHERE employee_id = 35;
COMMIT;

-- UPDATING EMPLOYEE SALARY 17 --
BEGIN;
UPDATE employees SET salary = salary + 1782 WHERE employee_id = 17;
COMMIT;

-- UPDATING EMPLOYEE SALARY 21 --
BEGIN;
UPDATE employees SET salary = salary + 813 WHERE employee_id = 21;
COMMIT;

-- UPDATING EMPLOYEE SALARY 18 --
BEGIN;
UPDATE employees SET salary = salary + 779 WHERE employee_id = 18;
COMMIT;

-- INSERTING EMPLOYEE 43 --
BEGIN;
INSERT INTO employees (employee_id, first_name, last_name, email, phone_number, hire_date, job_id, salary,manager_id,department_id) VALUES (43, 'Hannah', 'Montana', 'hannah.montana@gmail.com', '555-6543', '1995-06-15', 62, 140000.00, 34, 481);
COMMIT;

-- INSERTING EMPLOYEE 44 --
BEGIN;
INSERT INTO employees (employee_id, first_name, last_name, email, phone_number, hire_date, job_id, salary,manager_id,department_id) VALUES (44, 'Dwayne', 'Johnson', 'dwayne.johnson@gmail.com', '555-9014', '1993-12-27', 35, 420000.00, 29, 232);
INSERT INTO dependents (dependent_id, first_name, last_name, relationship, employee_id) VALUES (133, 'Alex', 'Rodriguez', 'parent', 44);
INSERT INTO dependents (dependent_id, first_name, last_name, relationship, employee_id) VALUES (134, 'Betty', 'White', 'spouse', 44);
INSERT INTO dependents (dependent_id, first_name, last_name, relationship, employee_id) VALUES (135, 'Dorothy', 'Hodgkin', 'spouse', 44);
INSERT INTO dependents (dependent_id, first_name, last_name, relationship, employee_id) VALUES (136, 'Kate', 'Winslet', 'child', 44);
COMMIT;

-- INSERTING EMPLOYEE 45 --
BEGIN;
INSERT INTO employees (employee_id, first_name, last_name, email, phone_number, hire_date, job_id, salary,manager_id,department_id) VALUES (45, 'Queen', 'Latifah', 'queen.latifah@gmail.com', '555-2347', '2020-01-06', 62, 550000.00, 33, 397);
INSERT INTO dependents (dependent_id, first_name, last_name, relationship, employee_id) VALUES (137, 'Ada', 'Lovelace', 'spouse', 45);
COMMIT;

-- DELETING EMPLOYEE 23 --
BEGIN;
DELETE FROM dependents WHERE employee_id = 23;
DELETE FROM employees WHERE employee_id = 23;
COMMIT;

-- DELETING EMPLOYEE 24 --
BEGIN;
DELETE FROM dependents WHERE employee_id = 24;
DELETE FROM employees WHERE employee_id = 24;
COMMIT;

-- INSERTING DEPENDENT 11 --
BEGIN;
INSERT INTO dependents (dependent_id, first_name, last_name, relationship, employee_id) VALUES (138, 'Albert', 'Einstein', 'spouse', 11);
END;

-- INSERTING DEPENDENT 10 --
BEGIN;
INSERT INTO dependents (dependent_id, first_name, last_name, relationship, employee_id) VALUES (139, 'Queen', 'Latifah', 'child', 10);
END;

-- INSERTING DEPENDENT 22 --
BEGIN;
INSERT INTO dependents (dependent_id, first_name, last_name, relationship, employee_id) VALUES (140, 'Werner', 'Heisenberg', 'spouse', 22);
END;

-- DELETING DEPENDENT 105 --
BEGIN;
DELETE FROM dependents WHERE dependent_id = 105;
COMMIT;

-- DELETING DEPENDENT 38 --
BEGIN;
DELETE FROM dependents WHERE dependent_id = 38;
COMMIT;

-- UPDATING EMPLOYEE SALARY 34 --
BEGIN;
UPDATE employees SET salary = salary + 8066 WHERE employee_id = 34;
COMMIT;

-- UPDATING EMPLOYEE SALARY 4 --
BEGIN;
UPDATE employees SET salary = salary + 3405 WHERE employee_id = 4;
COMMIT;

-- UPDATING EMPLOYEE SALARY 6 --
BEGIN;
UPDATE employees SET salary = salary + 3686 WHERE employee_id = 6;
COMMIT;

-- UPDATING EMPLOYEE SALARY 17 --
BEGIN;
UPDATE employees SET salary = salary + 4325 WHERE employee_id = 17;
COMMIT;

-- UPDATING EMPLOYEE SALARY 26 --
BEGIN;
UPDATE employees SET salary = salary + 3491 WHERE employee_id = 26;
COMMIT;

-- UPDATING EMPLOYEE SALARY 31 --
BEGIN;
UPDATE employees SET salary = salary + 9804 WHERE employee_id = 31;
COMMIT;

-- UPDATING EMPLOYEE SALARY 18 --
BEGIN;
UPDATE employees SET salary = salary + 8740 WHERE employee_id = 18;
COMMIT;

-- UPDATING EMPLOYEE SALARY 28 --
BEGIN;
UPDATE employees SET salary = salary + 5905 WHERE employee_id = 28;
COMMIT;

-- UPDATING EMPLOYEE SALARY 28 --
BEGIN;
UPDATE employees SET salary = salary + 515 WHERE employee_id = 28;
COMMIT;

-- UPDATING EMPLOYEE SALARY 6 --
BEGIN;
UPDATE employees SET salary = salary + 4370 WHERE employee_id = 6;
COMMIT;

-- UPDATING EMPLOYEE SALARY 40 --
BEGIN;
UPDATE employees SET salary = salary + 6657 WHERE employee_id = 40;
COMMIT;

-- UPDATING EMPLOYEE SALARY 11 --
BEGIN;
UPDATE employees SET salary = salary + 5131 WHERE employee_id = 11;
COMMIT;

-- UPDATING EMPLOYEE SALARY 19 --
BEGIN;
UPDATE employees SET salary = salary + 8564 WHERE employee_id = 19;
COMMIT;

-- UPDATING EMPLOYEE SALARY 31 --
BEGIN;
UPDATE employees SET salary = salary + 5014 WHERE employee_id = 31;
COMMIT;

-- UPDATING EMPLOYEE SALARY 31 --
BEGIN;
UPDATE employees SET salary = salary + 1606 WHERE employee_id = 31;
COMMIT;

-- UPDATING EMPLOYEE SALARY 44 --
BEGIN;
UPDATE employees SET salary = salary + 4336 WHERE employee_id = 44;
COMMIT;

-- UPDATING EMPLOYEE SALARY 37 --
BEGIN;
UPDATE employees SET salary = salary + 3908 WHERE employee_id = 37;
COMMIT;

-- UPDATING EMPLOYEE SALARY 44 --
BEGIN;
UPDATE employees SET salary = salary + 653 WHERE employee_id = 44;
COMMIT;

-- UPDATING EMPLOYEE SALARY 41 --
BEGIN;
UPDATE employees SET salary = salary + 8188 WHERE employee_id = 41;
COMMIT;

-- UPDATING EMPLOYEE SALARY 45 --
BEGIN;
UPDATE employees SET salary = salary + 3096 WHERE employee_id = 45;
COMMIT;

-- UPDATING EMPLOYEE SALARY 26 --
BEGIN;
UPDATE employees SET salary = salary + 4 WHERE employee_id = 26;
COMMIT;

-- UPDATING EMPLOYEE SALARY 32 --
BEGIN;
UPDATE employees SET salary = salary + 1218 WHERE employee_id = 32;
COMMIT;

-- INSERTING EMPLOYEE 46 --
BEGIN;
INSERT INTO employees (employee_id, first_name, last_name, email, phone_number, hire_date, job_id, salary,manager_id,department_id) VALUES (46, 'Freddie', 'Mercury', 'freddie.mercury@gmail.com', '555-1236', '2008-10-07', 28, 440000.00, 22, 12);
INSERT INTO dependents (dependent_id, first_name, last_name, relationship, employee_id) VALUES (141, 'Maria', 'Mayer', 'parent', 46);
INSERT INTO dependents (dependent_id, first_name, last_name, relationship, employee_id) VALUES (142, 'Chris', 'Evans', 'spouse', 46);
COMMIT;

-- INSERTING EMPLOYEE 47 --
BEGIN;
INSERT INTO employees (employee_id, first_name, last_name, email, phone_number, hire_date, job_id, salary,manager_id,department_id) VALUES (47, 'Kate', 'Winslet', 'kate.winslet@gmail.com', '555-6781', '1992-01-20', 37, 490000.00, 38, 313);
INSERT INTO dependents (dependent_id, first_name, last_name, relationship, employee_id) VALUES (143, 'Werner', 'Heisenberg', 'child', 47);
INSERT INTO dependents (dependent_id, first_name, last_name, relationship, employee_id) VALUES (144, 'Emmy', 'Noether', 'spouse', 47);
INSERT INTO dependents (dependent_id, first_name, last_name, relationship, employee_id) VALUES (145, 'Maria', 'Mayer', 'parent', 47);
COMMIT;

-- INSERTING DEPENDENT 41 --
BEGIN;
INSERT INTO dependents (dependent_id, first_name, last_name, relationship, employee_id) VALUES (146, 'Max', 'Planck', 'spouse', 41);
END;

-- INSERTING DEPENDENT 18 --
BEGIN;
INSERT INTO dependents (dependent_id, first_name, last_name, relationship, employee_id) VALUES (147, 'Carl', 'Sagan', 'spouse', 18);
END;

-- UPDATING EMPLOYEE SALARY 29 --
BEGIN;
UPDATE employees SET salary = salary + 6908 WHERE employee_id = 29;
COMMIT;

-- UPDATING EMPLOYEE SALARY 4 --
BEGIN;
UPDATE employees SET salary = salary + 194 WHERE employee_id = 4;
COMMIT;

-- UPDATING EMPLOYEE SALARY 27 --
BEGIN;
UPDATE employees SET salary = salary + 5107 WHERE employee_id = 27;
COMMIT;

-- UPDATING EMPLOYEE SALARY 44 --
BEGIN;
UPDATE employees SET salary = salary + 4658 WHERE employee_id = 44;
COMMIT;

-- UPDATING EMPLOYEE SALARY 30 --
BEGIN;
UPDATE employees SET salary = salary + 6417 WHERE employee_id = 30;
COMMIT;

-- UPDATING EMPLOYEE SALARY 42 --
BEGIN;
UPDATE employees SET salary = salary + 6662 WHERE employee_id = 42;
COMMIT;

-- UPDATING EMPLOYEE SALARY 19 --
BEGIN;
UPDATE employees SET salary = salary + 7362 WHERE employee_id = 19;
COMMIT;

-- UPDATING EMPLOYEE SALARY 35 --
BEGIN;
UPDATE employees SET salary = salary + 1995 WHERE employee_id = 35;
COMMIT;

-- UPDATING EMPLOYEE SALARY 4 --
BEGIN;
UPDATE employees SET salary = salary + 9302 WHERE employee_id = 4;
COMMIT;

-- UPDATING EMPLOYEE SALARY 44 --
BEGIN;
UPDATE employees SET salary = salary + 9087 WHERE employee_id = 44;
COMMIT;

-- UPDATING EMPLOYEE SALARY 6 --
BEGIN;
UPDATE employees SET salary = salary + 7476 WHERE employee_id = 6;
COMMIT;

-- INSERTING EMPLOYEE 48 --
BEGIN;
INSERT INTO employees (employee_id, first_name, last_name, email, phone_number, hire_date, job_id, salary,manager_id,department_id) VALUES (48, 'Hugh', 'Jackman', 'hugh.jackman@gmail.com', '555-3458', '1999-10-29', 26, 460000.00, 46, 100);
COMMIT;

-- INSERTING EMPLOYEE 49 --
BEGIN;
INSERT INTO employees (employee_id, first_name, last_name, email, phone_number, hire_date, job_id, salary,manager_id,department_id) VALUES (49, 'Fiona', 'Apple', 'fiona.apple@gmail.com', '555-2345', '2014-10-29', 34, 120000.00, 39, 7);
INSERT INTO dependents (dependent_id, first_name, last_name, relationship, employee_id) VALUES (148, 'Meryl', 'Streep', 'spouse', 49);
COMMIT;

-- INSERTING DEPENDENT 34 --
BEGIN;
INSERT INTO dependents (dependent_id, first_name, last_name, relationship, employee_id) VALUES (149, 'Nikola', 'Tesla', 'parent', 34);
END;

-- INSERTING DEPENDENT 6 --
BEGIN;
INSERT INTO dependents (dependent_id, first_name, last_name, relationship, employee_id) VALUES (150, 'Robert', 'Redford', 'spouse', 6);
END;

-- UPDATING EMPLOYEE SALARY 6 --
BEGIN;
UPDATE employees SET salary = salary + 6131 WHERE employee_id = 6;
COMMIT;

-- UPDATING EMPLOYEE SALARY 28 --
BEGIN;
UPDATE employees SET salary = salary + 5428 WHERE employee_id = 28;
COMMIT;

-- UPDATING EMPLOYEE SALARY 19 --
BEGIN;
UPDATE employees SET salary = salary + 1969 WHERE employee_id = 19;
COMMIT;

-- UPDATING EMPLOYEE SALARY 27 --
BEGIN;
UPDATE employees SET salary = salary + 8305 WHERE employee_id = 27;
COMMIT;

-- UPDATING EMPLOYEE SALARY 11 --
BEGIN;
UPDATE employees SET salary = salary + 3117 WHERE employee_id = 11;
COMMIT;

-- UPDATING EMPLOYEE SALARY 1 --
BEGIN;
UPDATE employees SET salary = salary + 46 WHERE employee_id = 1;
COMMIT;

-- UPDATING EMPLOYEE SALARY 4 --
BEGIN;
UPDATE employees SET salary = salary + 9789 WHERE employee_id = 4;
COMMIT;

-- UPDATING EMPLOYEE SALARY 48 --
BEGIN;
UPDATE employees SET salary = salary + 8459 WHERE employee_id = 48;
COMMIT;

-- UPDATING EMPLOYEE SALARY 46 --
BEGIN;
UPDATE employees SET salary = salary + 505 WHERE employee_id = 46;
COMMIT;

-- UPDATING EMPLOYEE SALARY 44 --
BEGIN;
UPDATE employees SET salary = salary + 8122 WHERE employee_id = 44;
COMMIT;

-- UPDATING EMPLOYEE SALARY 22 --
BEGIN;
UPDATE employees SET salary = salary + 9696 WHERE employee_id = 22;
COMMIT;

-- UPDATING EMPLOYEE SALARY 34 --
BEGIN;
UPDATE employees SET salary = salary + 9057 WHERE employee_id = 34;
COMMIT;

-- UPDATING EMPLOYEE SALARY 43 --
BEGIN;
UPDATE employees SET salary = salary + 3276 WHERE employee_id = 43;
COMMIT;

-- UPDATING EMPLOYEE SALARY 48 --
BEGIN;
UPDATE employees SET salary = salary + 5993 WHERE employee_id = 48;
COMMIT;

-- UPDATING EMPLOYEE SALARY 19 --
BEGIN;
UPDATE employees SET salary = salary + 3911 WHERE employee_id = 19;
COMMIT;

-- UPDATING EMPLOYEE SALARY 35 --
BEGIN;
UPDATE employees SET salary = salary + 2938 WHERE employee_id = 35;
COMMIT;

-- UPDATING EMPLOYEE SALARY 41 --
BEGIN;
UPDATE employees SET salary = salary + 4046 WHERE employee_id = 41;
COMMIT;

-- UPDATING EMPLOYEE SALARY 32 --
BEGIN;
UPDATE employees SET salary = salary + 2113 WHERE employee_id = 32;
COMMIT;

-- UPDATING EMPLOYEE SALARY 39 --
BEGIN;
UPDATE employees SET salary = salary + 990 WHERE employee_id = 39;
COMMIT;

-- UPDATING EMPLOYEE SALARY 35 --
BEGIN;
UPDATE employees SET salary = salary + 463 WHERE employee_id = 35;
COMMIT;

-- UPDATING EMPLOYEE SALARY 10 --
BEGIN;
UPDATE employees SET salary = salary + 7033 WHERE employee_id = 10;
COMMIT;

-- UPDATING EMPLOYEE SALARY 6 --
BEGIN;
UPDATE employees SET salary = salary + 1728 WHERE employee_id = 6;
COMMIT;

-- UPDATING EMPLOYEE SALARY 49 --
BEGIN;
UPDATE employees SET salary = salary + 3854 WHERE employee_id = 49;
COMMIT;

-- UPDATING EMPLOYEE SALARY 10 --
BEGIN;
UPDATE employees SET salary = salary + 4287 WHERE employee_id = 10;
COMMIT;

-- UPDATING EMPLOYEE SALARY 38 --
BEGIN;
UPDATE employees SET salary = salary + 5355 WHERE employee_id = 38;
COMMIT;

-- UPDATING EMPLOYEE SALARY 42 --
BEGIN;
UPDATE employees SET salary = salary + 1687 WHERE employee_id = 42;
COMMIT;

-- UPDATING EMPLOYEE SALARY 28 --
BEGIN;
UPDATE employees SET salary = salary + 3583 WHERE employee_id = 28;
COMMIT;

-- UPDATING EMPLOYEE SALARY 19 --
BEGIN;
UPDATE employees SET salary = salary + 1893 WHERE employee_id = 19;
COMMIT;

-- UPDATING EMPLOYEE SALARY 6 --
BEGIN;
UPDATE employees SET salary = salary + 9875 WHERE employee_id = 6;
COMMIT;

-- UPDATING EMPLOYEE SALARY 30 --
BEGIN;
UPDATE employees SET salary = salary + 4201 WHERE employee_id = 30;
COMMIT;

-- UPDATING EMPLOYEE SALARY 29 --
BEGIN;
UPDATE employees SET salary = salary + 2508 WHERE employee_id = 29;
COMMIT;

-- UPDATING EMPLOYEE SALARY 17 --
BEGIN;
UPDATE employees SET salary = salary + 3508 WHERE employee_id = 17;
COMMIT;

-- UPDATING EMPLOYEE SALARY 32 --
BEGIN;
UPDATE employees SET salary = salary + 1052 WHERE employee_id = 32;
COMMIT;

-- UPDATING EMPLOYEE SALARY 39 --
BEGIN;
UPDATE employees SET salary = salary + 5265 WHERE employee_id = 39;
COMMIT;

-- UPDATING EMPLOYEE SALARY 44 --
BEGIN;
UPDATE employees SET salary = salary + 6473 WHERE employee_id = 44;
COMMIT;

-- UPDATING EMPLOYEE SALARY 46 --
BEGIN;
UPDATE employees SET salary = salary + 8633 WHERE employee_id = 46;
COMMIT;

-- UPDATING EMPLOYEE SALARY 34 --
BEGIN;
UPDATE employees SET salary = salary + 6463 WHERE employee_id = 34;
COMMIT;

-- UPDATING EMPLOYEE SALARY 39 --
BEGIN;
UPDATE employees SET salary = salary + 7103 WHERE employee_id = 39;
COMMIT;

-- INSERTING EMPLOYEE 50 --
BEGIN;
INSERT INTO employees (employee_id, first_name, last_name, email, phone_number, hire_date, job_id, salary,manager_id,department_id) VALUES (50, 'Fiona', 'Apple', 'fiona.apple@gmail.com', '555-2345', '2007-03-23', 17, 120000.00, 37, 454);
COMMIT;

-- INSERTING EMPLOYEE 51 --
BEGIN;
INSERT INTO employees (employee_id, first_name, last_name, email, phone_number, hire_date, job_id, salary,manager_id,department_id) VALUES (51, 'Samuel', 'Jackson', 'samuel.jackson@gmail.com', '555-8903', '2013-03-14', 11, 310000.00, 48, 259);
INSERT INTO dependents (dependent_id, first_name, last_name, relationship, employee_id) VALUES (151, 'Betty', 'White', 'spouse', 51);
INSERT INTO dependents (dependent_id, first_name, last_name, relationship, employee_id) VALUES (152, 'Frank', 'Sinatra', 'parent', 51);
INSERT INTO dependents (dependent_id, first_name, last_name, relationship, employee_id) VALUES (153, 'James', 'Maxwell', 'spouse', 51);
COMMIT;

-- INSERTING EMPLOYEE 52 --
BEGIN;
INSERT INTO employees (employee_id, first_name, last_name, email, phone_number, hire_date, job_id, salary,manager_id,department_id) VALUES (52, 'Charlie', 'Davis', 'charlie.davis@gmail.com', '555-6789', '1991-09-30', 52, 90000.00, 6, 217);
INSERT INTO dependents (dependent_id, first_name, last_name, relationship, employee_id) VALUES (154, 'Kate', 'Winslet', 'spouse', 52);
INSERT INTO dependents (dependent_id, first_name, last_name, relationship, employee_id) VALUES (155, 'Niels', 'Bohr', 'parent', 52);
COMMIT;

-- INSERTING EMPLOYEE 53 --
BEGIN;
INSERT INTO employees (employee_id, first_name, last_name, email, phone_number, hire_date, job_id, salary,manager_id,department_id) VALUES (53, 'Will', 'Smith', 'will.smith@gmail.com', '555-2347', '2009-03-28', 5, 350000.00, 41, 480);
INSERT INTO dependents (dependent_id, first_name, last_name, relationship, employee_id) VALUES (156, 'Neil', 'Armstrong', 'child', 53);
COMMIT;

-- DELETING EMPLOYEE 40 --
BEGIN;
DELETE FROM dependents WHERE employee_id = 40;
DELETE FROM employees WHERE employee_id = 40;
COMMIT;

-- INSERTING DEPENDENT 46 --
BEGIN;
INSERT INTO dependents (dependent_id, first_name, last_name, relationship, employee_id) VALUES (157, 'Dorothy', 'Hodgkin', 'spouse', 46);
END;

-- INSERTING DEPENDENT 21 --
BEGIN;
INSERT INTO dependents (dependent_id, first_name, last_name, relationship, employee_id) VALUES (158, 'Dorothy', 'Hodgkin', 'spouse', 21);
END;

-- INSERTING DEPENDENT 38 --
BEGIN;
INSERT INTO dependents (dependent_id, first_name, last_name, relationship, employee_id) VALUES (159, 'Iris', 'Apfel', 'child', 38);
END;

-- INSERTING DEPENDENT 25 --
BEGIN;
INSERT INTO dependents (dependent_id, first_name, last_name, relationship, employee_id) VALUES (160, 'Robert', 'Redford', 'child', 25);
END;

-- DELETING DEPENDENT 151 --
BEGIN;
DELETE FROM dependents WHERE dependent_id = 151;
COMMIT;

-- UPDATING EMPLOYEE SALARY 46 --
BEGIN;
UPDATE employees SET salary = salary + 6479 WHERE employee_id = 46;
COMMIT;

-- UPDATING EMPLOYEE SALARY 28 --
BEGIN;
UPDATE employees SET salary = salary + 6519 WHERE employee_id = 28;
COMMIT;

-- UPDATING EMPLOYEE SALARY 6 --
BEGIN;
UPDATE employees SET salary = salary + 3840 WHERE employee_id = 6;
COMMIT;

-- UPDATING EMPLOYEE SALARY 32 --
BEGIN;
UPDATE employees SET salary = salary + 7472 WHERE employee_id = 32;
COMMIT;

-- UPDATING EMPLOYEE SALARY 35 --
BEGIN;
UPDATE employees SET salary = salary + 9411 WHERE employee_id = 35;
COMMIT;

-- UPDATING EMPLOYEE SALARY 17 --
BEGIN;
UPDATE employees SET salary = salary + 4735 WHERE employee_id = 17;
COMMIT;

-- UPDATING EMPLOYEE SALARY 51 --
BEGIN;
UPDATE employees SET salary = salary + 6541 WHERE employee_id = 51;
COMMIT;

-- UPDATING EMPLOYEE SALARY 28 --
BEGIN;
UPDATE employees SET salary = salary + 4811 WHERE employee_id = 28;
COMMIT;

-- UPDATING EMPLOYEE SALARY 42 --
BEGIN;
UPDATE employees SET salary = salary + 8290 WHERE employee_id = 42;
COMMIT;

-- UPDATING EMPLOYEE SALARY 1 --
BEGIN;
UPDATE employees SET salary = salary + 8303 WHERE employee_id = 1;
COMMIT;

-- UPDATING EMPLOYEE SALARY 52 --
BEGIN;
UPDATE employees SET salary = salary + 3376 WHERE employee_id = 52;
COMMIT;

-- UPDATING EMPLOYEE SALARY 27 --
BEGIN;
UPDATE employees SET salary = salary + 4725 WHERE employee_id = 27;
COMMIT;

-- UPDATING EMPLOYEE SALARY 52 --
BEGIN;
UPDATE employees SET salary = salary + 174 WHERE employee_id = 52;
COMMIT;

-- UPDATING EMPLOYEE SALARY 25 --
BEGIN;
UPDATE employees SET salary = salary + 2824 WHERE employee_id = 25;
COMMIT;

-- UPDATING EMPLOYEE SALARY 26 --
BEGIN;
UPDATE employees SET salary = salary + 8143 WHERE employee_id = 26;
COMMIT;

-- UPDATING EMPLOYEE SALARY 51 --
BEGIN;
UPDATE employees SET salary = salary + 1106 WHERE employee_id = 51;
COMMIT;

-- UPDATING EMPLOYEE SALARY 50 --
BEGIN;
UPDATE employees SET salary = salary + 2508 WHERE employee_id = 50;
COMMIT;

-- UPDATING EMPLOYEE SALARY 30 --
BEGIN;
UPDATE employees SET salary = salary + 8219 WHERE employee_id = 30;
COMMIT;

-- UPDATING EMPLOYEE SALARY 21 --
BEGIN;
UPDATE employees SET salary = salary + 3301 WHERE employee_id = 21;
COMMIT;

-- UPDATING EMPLOYEE SALARY 49 --
BEGIN;
UPDATE employees SET salary = salary + 319 WHERE employee_id = 49;
COMMIT;

-- UPDATING EMPLOYEE SALARY 26 --
BEGIN;
UPDATE employees SET salary = salary + 4912 WHERE employee_id = 26;
COMMIT;

-- UPDATING EMPLOYEE SALARY 51 --
BEGIN;
UPDATE employees SET salary = salary + 7105 WHERE employee_id = 51;
COMMIT;

-- UPDATING EMPLOYEE SALARY 39 --
BEGIN;
UPDATE employees SET salary = salary + 6536 WHERE employee_id = 39;
COMMIT;

-- INSERTING EMPLOYEE 54 --
BEGIN;
INSERT INTO employees (employee_id, first_name, last_name, email, phone_number, hire_date, job_id, salary,manager_id,department_id) VALUES (54, 'Hannah', 'Montana', 'hannah.montana@gmail.com', '555-6543', '1991-02-21', 12, 140000.00, 4, 655);
INSERT INTO dependents (dependent_id, first_name, last_name, relationship, employee_id) VALUES (161, 'Meryl', 'Streep', 'spouse', 54);
INSERT INTO dependents (dependent_id, first_name, last_name, relationship, employee_id) VALUES (162, 'Dorothy', 'Hodgkin', 'parent', 54);
INSERT INTO dependents (dependent_id, first_name, last_name, relationship, employee_id) VALUES (163, 'Iris', 'Apfel', 'parent', 54);
COMMIT;

-- INSERTING EMPLOYEE 55 --
BEGIN;
INSERT INTO employees (employee_id, first_name, last_name, email, phone_number, hire_date, job_id, salary,manager_id,department_id) VALUES (55, 'Katherine', 'Johnson', 'katherine.johnson@gmail.com', '555-8901', '2001-10-06', 45, 170000.00, 41, 491);
INSERT INTO dependents (dependent_id, first_name, last_name, relationship, employee_id) VALUES (164, 'Hugh', 'Jackman', 'spouse', 55);
INSERT INTO dependents (dependent_id, first_name, last_name, relationship, employee_id) VALUES (165, 'Emmy', 'Noether', 'spouse', 55);
INSERT INTO dependents (dependent_id, first_name, last_name, relationship, employee_id) VALUES (166, 'Maria', 'Mayer', 'child', 55);
COMMIT;

-- INSERTING EMPLOYEE 56 --
BEGIN;
INSERT INTO employees (employee_id, first_name, last_name, email, phone_number, hire_date, job_id, salary,manager_id,department_id) VALUES (56, 'Bob', 'Brown', 'bob.brown@gmail.com', '555-4321', '1990-01-13', 20, 80000.00, 18, 515);
INSERT INTO dependents (dependent_id, first_name, last_name, relationship, employee_id) VALUES (167, 'Rachel', 'Carson', 'parent', 56);
INSERT INTO dependents (dependent_id, first_name, last_name, relationship, employee_id) VALUES (168, 'Lise', 'Meitner', 'child', 56);
COMMIT;

-- INSERTING EMPLOYEE 57 --
BEGIN;
INSERT INTO employees (employee_id, first_name, last_name, email, phone_number, hire_date, job_id, salary,manager_id,department_id) VALUES (57, 'Ian', 'Malcolm', 'ian.malcolm@gmail.com', '555-3210', '2007-06-08', 47, 150000.00, 41, 356);
INSERT INTO dependents (dependent_id, first_name, last_name, relationship, employee_id) VALUES (169, 'Niels', 'Bohr', 'spouse', 57);
INSERT INTO dependents (dependent_id, first_name, last_name, relationship, employee_id) VALUES (170, 'Charles', 'Darwin', 'parent', 57);
COMMIT;

-- INSERTING EMPLOYEE 58 --
BEGIN;
INSERT INTO employees (employee_id, first_name, last_name, email, phone_number, hire_date, job_id, salary,manager_id,department_id) VALUES (58, 'Queen', 'Latifah', 'queen.latifah@gmail.com', '555-2347', '2006-06-21', 6, 550000.00, 4, 86);
INSERT INTO dependents (dependent_id, first_name, last_name, relationship, employee_id) VALUES (171, 'Paul', 'Newman', 'spouse', 58);
COMMIT;

-- DELETING EMPLOYEE 42 --
BEGIN;
DELETE FROM dependents WHERE employee_id = 42;
DELETE FROM employees WHERE employee_id = 42;
COMMIT;

-- DELETING EMPLOYEE 57 --
BEGIN;
DELETE FROM dependents WHERE employee_id = 57;
DELETE FROM employees WHERE employee_id = 57;
COMMIT;

-- DELETING EMPLOYEE 18 --
BEGIN;
UPDATE employees SET manager_id = 48 WHERE employee_id = 6;
UPDATE employees SET manager_id = 48 WHERE employee_id = 9;
UPDATE employees SET manager_id = 48 WHERE employee_id = 12;
UPDATE employees SET manager_id = 48 WHERE employee_id = 56;
DELETE FROM dependents WHERE employee_id = 18;
DELETE FROM employees WHERE employee_id = 18;
COMMIT;

-- DELETING EMPLOYEE 56 --
BEGIN;
DELETE FROM dependents WHERE employee_id = 56;
DELETE FROM employees WHERE employee_id = 56;
COMMIT;

-- INSERTING DEPENDENT 34 --
BEGIN;
INSERT INTO dependents (dependent_id, first_name, last_name, relationship, employee_id) VALUES (172, 'Niels', 'Bohr', 'spouse', 34);
END;

-- INSERTING DEPENDENT 37 --
BEGIN;
INSERT INTO dependents (dependent_id, first_name, last_name, relationship, employee_id) VALUES (173, 'Alex', 'Rodriguez', 'parent', 37);
END;

-- INSERTING DEPENDENT 36 --
BEGIN;
INSERT INTO dependents (dependent_id, first_name, last_name, relationship, employee_id) VALUES (174, 'Alan', 'Turing', 'parent', 36);
END;

-- INSERTING DEPENDENT 39 --
BEGIN;
INSERT INTO dependents (dependent_id, first_name, last_name, relationship, employee_id) VALUES (175, 'Lise', 'Meitner', 'spouse', 39);
END;

-- INSERTING DEPENDENT 55 --
BEGIN;
INSERT INTO dependents (dependent_id, first_name, last_name, relationship, employee_id) VALUES (176, 'Nikola', 'Tesla', 'spouse', 55);
END;

-- DELETING DEPENDENT 32 --
BEGIN;
DELETE FROM dependents WHERE dependent_id = 32;
COMMIT;

-- DELETING DEPENDENT 33 --
BEGIN;
DELETE FROM dependents WHERE dependent_id = 33;
COMMIT;

-- DELETING DEPENDENT 137 --
BEGIN;
DELETE FROM dependents WHERE dependent_id = 137;
COMMIT;

-- DELETING DEPENDENT 134 --
BEGIN;
DELETE FROM dependents WHERE dependent_id = 134;
COMMIT;

-- UPDATING EMPLOYEE SALARY 9 --
BEGIN;
UPDATE employees SET salary = salary + 4331 WHERE employee_id = 9;
COMMIT;

-- UPDATING EMPLOYEE SALARY 49 --
BEGIN;
UPDATE employees SET salary = salary + 2554 WHERE employee_id = 49;
COMMIT;

-- UPDATING EMPLOYEE SALARY 53 --
BEGIN;
UPDATE employees SET salary = salary + 3737 WHERE employee_id = 53;
COMMIT;

-- UPDATING EMPLOYEE SALARY 50 --
BEGIN;
UPDATE employees SET salary = salary + 3364 WHERE employee_id = 50;
COMMIT;

-- UPDATING EMPLOYEE SALARY 30 --
BEGIN;
UPDATE employees SET salary = salary + 4408 WHERE employee_id = 30;
COMMIT;

-- UPDATING EMPLOYEE SALARY 10 --
BEGIN;
UPDATE employees SET salary = salary + 2208 WHERE employee_id = 10;
COMMIT;

-- UPDATING EMPLOYEE SALARY 54 --
BEGIN;
UPDATE employees SET salary = salary + 90 WHERE employee_id = 54;
COMMIT;

-- UPDATING EMPLOYEE SALARY 19 --
BEGIN;
UPDATE employees SET salary = salary + 2134 WHERE employee_id = 19;
COMMIT;

-- UPDATING EMPLOYEE SALARY 43 --
BEGIN;
UPDATE employees SET salary = salary + 319 WHERE employee_id = 43;
COMMIT;

-- UPDATING EMPLOYEE SALARY 49 --
BEGIN;
UPDATE employees SET salary = salary + 7368 WHERE employee_id = 49;
COMMIT;

-- UPDATING EMPLOYEE SALARY 1 --
BEGIN;
UPDATE employees SET salary = salary + 3384 WHERE employee_id = 1;
COMMIT;

-- UPDATING EMPLOYEE SALARY 10 --
BEGIN;
UPDATE employees SET salary = salary + 7604 WHERE employee_id = 10;
COMMIT;

-- UPDATING EMPLOYEE SALARY 33 --
BEGIN;
UPDATE employees SET salary = salary + 2677 WHERE employee_id = 33;
COMMIT;

-- UPDATING EMPLOYEE SALARY 53 --
BEGIN;
UPDATE employees SET salary = salary + 5010 WHERE employee_id = 53;
COMMIT;

-- UPDATING EMPLOYEE SALARY 19 --
BEGIN;
UPDATE employees SET salary = salary + 1981 WHERE employee_id = 19;
COMMIT;

-- UPDATING EMPLOYEE SALARY 14 --
BEGIN;
UPDATE employees SET salary = salary + 1203 WHERE employee_id = 14;
COMMIT;

-- UPDATING EMPLOYEE SALARY 1 --
BEGIN;
UPDATE employees SET salary = salary + 9985 WHERE employee_id = 1;
COMMIT;

-- UPDATING EMPLOYEE SALARY 53 --
BEGIN;
UPDATE employees SET salary = salary + 6616 WHERE employee_id = 53;
COMMIT;

-- UPDATING EMPLOYEE SALARY 47 --
BEGIN;
UPDATE employees SET salary = salary + 4032 WHERE employee_id = 47;
COMMIT;

-- UPDATING EMPLOYEE SALARY 14 --
BEGIN;
UPDATE employees SET salary = salary + 1957 WHERE employee_id = 14;
COMMIT;

-- UPDATING EMPLOYEE SALARY 44 --
BEGIN;
UPDATE employees SET salary = salary + 4076 WHERE employee_id = 44;
COMMIT;

-- UPDATING EMPLOYEE SALARY 43 --
BEGIN;
UPDATE employees SET salary = salary + 222 WHERE employee_id = 43;
COMMIT;

-- UPDATING EMPLOYEE SALARY 58 --
BEGIN;
UPDATE employees SET salary = salary + 2729 WHERE employee_id = 58;
COMMIT;

-- UPDATING EMPLOYEE SALARY 52 --
BEGIN;
UPDATE employees SET salary = salary + 3109 WHERE employee_id = 52;
COMMIT;

-- UPDATING EMPLOYEE SALARY 6 --
BEGIN;
UPDATE employees SET salary = salary + 2182 WHERE employee_id = 6;
COMMIT;

-- UPDATING EMPLOYEE SALARY 25 --
BEGIN;
UPDATE employees SET salary = salary + 8174 WHERE employee_id = 25;
COMMIT;

-- UPDATING EMPLOYEE SALARY 6 --
BEGIN;
UPDATE employees SET salary = salary + 4801 WHERE employee_id = 6;
COMMIT;

-- UPDATING EMPLOYEE SALARY 12 --
BEGIN;
UPDATE employees SET salary = salary + 5486 WHERE employee_id = 12;
COMMIT;

-- UPDATING EMPLOYEE SALARY 54 --
BEGIN;
UPDATE employees SET salary = salary + 1899 WHERE employee_id = 54;
COMMIT;

-- UPDATING EMPLOYEE SALARY 34 --
BEGIN;
UPDATE employees SET salary = salary + 1749 WHERE employee_id = 34;
COMMIT;

-- UPDATING EMPLOYEE SALARY 49 --
BEGIN;
UPDATE employees SET salary = salary + 2349 WHERE employee_id = 49;
COMMIT;

-- UPDATING EMPLOYEE SALARY 31 --
BEGIN;
UPDATE employees SET salary = salary + 8804 WHERE employee_id = 31;
COMMIT;

-- UPDATING EMPLOYEE SALARY 48 --
BEGIN;
UPDATE employees SET salary = salary + 8969 WHERE employee_id = 48;
COMMIT;

-- UPDATING EMPLOYEE SALARY 37 --
BEGIN;
UPDATE employees SET salary = salary + 97 WHERE employee_id = 37;
COMMIT;

-- INSERTING EMPLOYEE 59 --
BEGIN;
INSERT INTO employees (employee_id, first_name, last_name, email, phone_number, hire_date, job_id, salary,manager_id,department_id) VALUES (59, 'Scarlett', 'Johansson', 'scarlett.johansson@gmail.com', '555-4569', '1997-08-21', 8, 570000.00, 34, 579);
INSERT INTO dependents (dependent_id, first_name, last_name, relationship, employee_id) VALUES (177, 'James', 'Dean', 'spouse', 59);
INSERT INTO dependents (dependent_id, first_name, last_name, relationship, employee_id) VALUES (178, 'Lise', 'Meitner', 'parent', 59);
INSERT INTO dependents (dependent_id, first_name, last_name, relationship, employee_id) VALUES (179, 'Jane', 'Goodall', 'spouse', 59);
COMMIT;

-- INSERTING EMPLOYEE 60 --
BEGIN;
INSERT INTO employees (employee_id, first_name, last_name, email, phone_number, hire_date, job_id, salary,manager_id,department_id) VALUES (60, 'Eva', 'Mendes', 'eva.mendes@gmail.com', '555-0125', '2004-12-02', 43, 430000.00, 46, 312);
COMMIT;

-- INSERTING DEPENDENT 30 --
BEGIN;
INSERT INTO dependents (dependent_id, first_name, last_name, relationship, employee_id) VALUES (180, 'Rosalind', 'Franklin', 'parent', 30);
END;

-- INSERTING DEPENDENT 34 --
BEGIN;
INSERT INTO dependents (dependent_id, first_name, last_name, relationship, employee_id) VALUES (181, 'Jane', 'Goodall', 'spouse', 34);
END;

-- UPDATING EMPLOYEE SALARY 12 --
BEGIN;
UPDATE employees SET salary = salary + 4123 WHERE employee_id = 12;
COMMIT;

-- UPDATING EMPLOYEE SALARY 33 --
BEGIN;
UPDATE employees SET salary = salary + 4923 WHERE employee_id = 33;
COMMIT;

-- UPDATING EMPLOYEE SALARY 15 --
BEGIN;
UPDATE employees SET salary = salary + 1769 WHERE employee_id = 15;
COMMIT;

-- UPDATING EMPLOYEE SALARY 15 --
BEGIN;
UPDATE employees SET salary = salary + 7293 WHERE employee_id = 15;
COMMIT;

-- UPDATING EMPLOYEE SALARY 35 --
BEGIN;
UPDATE employees SET salary = salary + 1795 WHERE employee_id = 35;
COMMIT;

-- UPDATING EMPLOYEE SALARY 43 --
BEGIN;
UPDATE employees SET salary = salary + 9713 WHERE employee_id = 43;
COMMIT;

-- UPDATING EMPLOYEE SALARY 39 --
BEGIN;
UPDATE employees SET salary = salary + 6946 WHERE employee_id = 39;
COMMIT;

-- UPDATING EMPLOYEE SALARY 25 --
BEGIN;
UPDATE employees SET salary = salary + 3479 WHERE employee_id = 25;
COMMIT;

-- INSERTING EMPLOYEE 61 --
BEGIN;
INSERT INTO employees (employee_id, first_name, last_name, email, phone_number, hire_date, job_id, salary,manager_id,department_id) VALUES (61, 'Paula', 'Patton', 'paula.patton@gmail.com', '555-9012', '2006-04-14', 16, 220000.00, 45, 522);
COMMIT;

-- INSERTING EMPLOYEE 62 --
BEGIN;
INSERT INTO employees (employee_id, first_name, last_name, email, phone_number, hire_date, job_id, salary,manager_id,department_id) VALUES (62, 'Will', 'Smith', 'will.smith@gmail.com', '555-2347', '1991-10-12', 25, 350000.00, 33, 437);
INSERT INTO dependents (dependent_id, first_name, last_name, relationship, employee_id) VALUES (182, 'Susan', 'Sarandon', 'spouse', 62);
INSERT INTO dependents (dependent_id, first_name, last_name, relationship, employee_id) VALUES (183, 'Barbara', 'McClintock', 'parent', 62);
COMMIT;

-- INSERTING EMPLOYEE 63 --
BEGIN;
INSERT INTO employees (employee_id, first_name, last_name, email, phone_number, hire_date, job_id, salary,manager_id,department_id) VALUES (63, 'Jack', 'Sparrow', 'jack.sparrow@gmail.com', '555-4567', '2013-12-17', 46, 160000.00, 44, 95);
INSERT INTO dependents (dependent_id, first_name, last_name, relationship, employee_id) VALUES (184, 'Katherine', 'Johnson', 'child', 63);
INSERT INTO dependents (dependent_id, first_name, last_name, relationship, employee_id) VALUES (185, 'Neil', 'Armstrong', 'child', 63);
INSERT INTO dependents (dependent_id, first_name, last_name, relationship, employee_id) VALUES (186, 'Frank', 'Sinatra', 'child', 63);
INSERT INTO dependents (dependent_id, first_name, last_name, relationship, employee_id) VALUES (187, 'Susan', 'Sarandon', 'child', 63);
COMMIT;

-- DELETING EMPLOYEE 29 --
BEGIN;
UPDATE employees SET manager_id = 28 WHERE employee_id = 44;
DELETE FROM dependents WHERE employee_id = 29;
DELETE FROM employees WHERE employee_id = 29;
COMMIT;

-- DELETING EMPLOYEE 43 --
BEGIN;
DELETE FROM dependents WHERE employee_id = 43;
DELETE FROM employees WHERE employee_id = 43;
COMMIT;

-- INSERTING DEPENDENT 44 --
BEGIN;
INSERT INTO dependents (dependent_id, first_name, last_name, relationship, employee_id) VALUES (188, 'Michael', 'Faraday', 'child', 44);
END;

-- INSERTING DEPENDENT 51 --
BEGIN;
INSERT INTO dependents (dependent_id, first_name, last_name, relationship, employee_id) VALUES (189, 'Stephen', 'Hawking', 'spouse', 51);
END;

-- INSERTING DEPENDENT 41 --
BEGIN;
INSERT INTO dependents (dependent_id, first_name, last_name, relationship, employee_id) VALUES (190, 'Grace', 'Hopper', 'parent', 41);
END;

-- DELETING DEPENDENT 102 --
BEGIN;
DELETE FROM dependents WHERE dependent_id = 102;
COMMIT;

-- DELETING DEPENDENT 188 --
BEGIN;
DELETE FROM dependents WHERE dependent_id = 188;
COMMIT;

-- UPDATING EMPLOYEE SALARY 63 --
BEGIN;
UPDATE employees SET salary = salary + 7479 WHERE employee_id = 63;
COMMIT;

-- UPDATING EMPLOYEE SALARY 22 --
BEGIN;
UPDATE employees SET salary = salary + 1217 WHERE employee_id = 22;
COMMIT;

-- UPDATING EMPLOYEE SALARY 61 --
BEGIN;
UPDATE employees SET salary = salary + 8475 WHERE employee_id = 61;
COMMIT;

-- UPDATING EMPLOYEE SALARY 35 --
BEGIN;
UPDATE employees SET salary = salary + 8478 WHERE employee_id = 35;
COMMIT;

-- UPDATING EMPLOYEE SALARY 17 --
BEGIN;
UPDATE employees SET salary = salary + 9289 WHERE employee_id = 17;
COMMIT;

-- UPDATING EMPLOYEE SALARY 59 --
BEGIN;
UPDATE employees SET salary = salary + 4455 WHERE employee_id = 59;
COMMIT;

-- UPDATING EMPLOYEE SALARY 37 --
BEGIN;
UPDATE employees SET salary = salary + 9210 WHERE employee_id = 37;
COMMIT;

-- UPDATING EMPLOYEE SALARY 44 --
BEGIN;
UPDATE employees SET salary = salary + 532 WHERE employee_id = 44;
COMMIT;

-- UPDATING EMPLOYEE SALARY 32 --
BEGIN;
UPDATE employees SET salary = salary + 603 WHERE employee_id = 32;
COMMIT;

-- UPDATING EMPLOYEE SALARY 34 --
BEGIN;
UPDATE employees SET salary = salary + 2582 WHERE employee_id = 34;
COMMIT;

-- INSERTING EMPLOYEE 64 --
BEGIN;
INSERT INTO employees (employee_id, first_name, last_name, email, phone_number, hire_date, job_id, salary,manager_id,department_id) VALUES (64, 'Queen', 'Latifah', 'queen.latifah@gmail.com', '555-2347', '1995-02-08', 27, 550000.00, 17, 346);
COMMIT;

-- INSERTING EMPLOYEE 65 --
BEGIN;
INSERT INTO employees (employee_id, first_name, last_name, email, phone_number, hire_date, job_id, salary,manager_id,department_id) VALUES (65, 'Will', 'Ferrell', 'will.ferrell@gmail.com', '555-6781', '2009-03-13', 55, 290000.00, 39, 47);
INSERT INTO dependents (dependent_id, first_name, last_name, relationship, employee_id) VALUES (191, 'Hugh', 'Jackman', 'child', 65);
INSERT INTO dependents (dependent_id, first_name, last_name, relationship, employee_id) VALUES (192, 'Louis', 'Armstrong', 'child', 65);
COMMIT;

-- INSERTING EMPLOYEE 66 --
BEGIN;
INSERT INTO employees (employee_id, first_name, last_name, email, phone_number, hire_date, job_id, salary,manager_id,department_id) VALUES (66, 'Xander', 'Cage', 'xander.cage@gmail.com', '555-7892', '1999-11-07', 60, 300000.00, 46, 621);
INSERT INTO dependents (dependent_id, first_name, last_name, relationship, employee_id) VALUES (193, 'David', 'Hilbert', 'parent', 66);
INSERT INTO dependents (dependent_id, first_name, last_name, relationship, employee_id) VALUES (194, 'Rita', 'Levi-Montalcini', 'parent', 66);
COMMIT;

-- DELETING EMPLOYEE 15 --
BEGIN;
UPDATE employees SET manager_id = 34 WHERE employee_id = 20;
UPDATE employees SET manager_id = 34 WHERE employee_id = 26;
UPDATE employees SET manager_id = 34 WHERE employee_id = 35;
DELETE FROM dependents WHERE employee_id = 15;
DELETE FROM employees WHERE employee_id = 15;
COMMIT;

-- INSERTING DEPENDENT 61 --
BEGIN;
INSERT INTO dependents (dependent_id, first_name, last_name, relationship, employee_id) VALUES (195, 'Emma', 'Stone', 'child', 61);
END;

-- INSERTING DEPENDENT 25 --
BEGIN;
INSERT INTO dependents (dependent_id, first_name, last_name, relationship, employee_id) VALUES (196, 'Grace', 'Hopper', 'spouse', 25);
END;

-- INSERTING DEPENDENT 53 --
BEGIN;
INSERT INTO dependents (dependent_id, first_name, last_name, relationship, employee_id) VALUES (197, 'Rita', 'Levi-Montalcini', 'spouse', 53);
END;

-- DELETING DEPENDENT 139 --
BEGIN;
DELETE FROM dependents WHERE dependent_id = 139;
COMMIT;

-- UPDATING EMPLOYEE SALARY 11 --
BEGIN;
UPDATE employees SET salary = salary + 1460 WHERE employee_id = 11;
COMMIT;

-- UPDATING EMPLOYEE SALARY 41 --
BEGIN;
UPDATE employees SET salary = salary + 6778 WHERE employee_id = 41;
COMMIT;

-- UPDATING EMPLOYEE SALARY 50 --
BEGIN;
UPDATE employees SET salary = salary + 87 WHERE employee_id = 50;
COMMIT;

-- UPDATING EMPLOYEE SALARY 50 --
BEGIN;
UPDATE employees SET salary = salary + 3959 WHERE employee_id = 50;
COMMIT;

-- UPDATING EMPLOYEE SALARY 12 --
BEGIN;
UPDATE employees SET salary = salary + 8685 WHERE employee_id = 12;
COMMIT;

-- UPDATING EMPLOYEE SALARY 22 --
BEGIN;
UPDATE employees SET salary = salary + 4515 WHERE employee_id = 22;
COMMIT;

-- UPDATING EMPLOYEE SALARY 66 --
BEGIN;
UPDATE employees SET salary = salary + 4026 WHERE employee_id = 66;
COMMIT;

-- UPDATING EMPLOYEE SALARY 63 --
BEGIN;
UPDATE employees SET salary = salary + 7861 WHERE employee_id = 63;
COMMIT;

-- UPDATING EMPLOYEE SALARY 21 --
BEGIN;
UPDATE employees SET salary = salary + 8988 WHERE employee_id = 21;
COMMIT;

-- UPDATING EMPLOYEE SALARY 53 --
BEGIN;
UPDATE employees SET salary = salary + 7624 WHERE employee_id = 53;
COMMIT;

-- UPDATING EMPLOYEE SALARY 58 --
BEGIN;
UPDATE employees SET salary = salary + 9106 WHERE employee_id = 58;
COMMIT;

-- UPDATING EMPLOYEE SALARY 27 --
BEGIN;
UPDATE employees SET salary = salary + 7744 WHERE employee_id = 27;
COMMIT;

-- UPDATING EMPLOYEE SALARY 46 --
BEGIN;
UPDATE employees SET salary = salary + 8143 WHERE employee_id = 46;
COMMIT;

-- UPDATING EMPLOYEE SALARY 46 --
BEGIN;
UPDATE employees SET salary = salary + 618 WHERE employee_id = 46;
COMMIT;

-- UPDATING EMPLOYEE SALARY 10 --
BEGIN;
UPDATE employees SET salary = salary + 2082 WHERE employee_id = 10;
COMMIT;

-- UPDATING EMPLOYEE SALARY 49 --
BEGIN;
UPDATE employees SET salary = salary + 3357 WHERE employee_id = 49;
COMMIT;

-- UPDATING EMPLOYEE SALARY 26 --
BEGIN;
UPDATE employees SET salary = salary + 5602 WHERE employee_id = 26;
COMMIT;

-- UPDATING EMPLOYEE SALARY 25 --
BEGIN;
UPDATE employees SET salary = salary + 190 WHERE employee_id = 25;
COMMIT;

-- UPDATING EMPLOYEE SALARY 65 --
BEGIN;
UPDATE employees SET salary = salary + 6566 WHERE employee_id = 65;
COMMIT;

-- UPDATING EMPLOYEE SALARY 37 --
BEGIN;
UPDATE employees SET salary = salary + 5124 WHERE employee_id = 37;
COMMIT;

-- UPDATING EMPLOYEE SALARY 4 --
BEGIN;
UPDATE employees SET salary = salary + 9632 WHERE employee_id = 4;
COMMIT;

-- UPDATING EMPLOYEE SALARY 49 --
BEGIN;
UPDATE employees SET salary = salary + 6989 WHERE employee_id = 49;
COMMIT;

-- UPDATING EMPLOYEE SALARY 46 --
BEGIN;
UPDATE employees SET salary = salary + 2692 WHERE employee_id = 46;
COMMIT;

-- UPDATING EMPLOYEE SALARY 26 --
BEGIN;
UPDATE employees SET salary = salary + 7103 WHERE employee_id = 26;
COMMIT;

-- UPDATING EMPLOYEE SALARY 37 --
BEGIN;
UPDATE employees SET salary = salary + 2937 WHERE employee_id = 37;
COMMIT;

-- UPDATING EMPLOYEE SALARY 65 --
BEGIN;
UPDATE employees SET salary = salary + 7945 WHERE employee_id = 65;
COMMIT;

-- UPDATING EMPLOYEE SALARY 63 --
BEGIN;
UPDATE employees SET salary = salary + 326 WHERE employee_id = 63;
COMMIT;

-- UPDATING EMPLOYEE SALARY 53 --
BEGIN;
UPDATE employees SET salary = salary + 5256 WHERE employee_id = 53;
COMMIT;

-- UPDATING EMPLOYEE SALARY 25 --
BEGIN;
UPDATE employees SET salary = salary + 1302 WHERE employee_id = 25;
COMMIT;

-- UPDATING EMPLOYEE SALARY 49 --
BEGIN;
UPDATE employees SET salary = salary + 4868 WHERE employee_id = 49;
COMMIT;

-- UPDATING EMPLOYEE SALARY 61 --
BEGIN;
UPDATE employees SET salary = salary + 1973 WHERE employee_id = 61;
COMMIT;

-- UPDATING EMPLOYEE SALARY 14 --
BEGIN;
UPDATE employees SET salary = salary + 8408 WHERE employee_id = 14;
COMMIT;

-- UPDATING EMPLOYEE SALARY 19 --
BEGIN;
UPDATE employees SET salary = salary + 6269 WHERE employee_id = 19;
COMMIT;

-- INSERTING EMPLOYEE 67 --
BEGIN;
INSERT INTO employees (employee_id, first_name, last_name, email, phone_number, hire_date, job_id, salary,manager_id,department_id) VALUES (67, 'John', 'Doe', 'john.doe@gmail.com', '555-1234', '2014-08-09', 61, 55000.00, 59, 186);
COMMIT;

-- INSERTING EMPLOYEE 68 --
BEGIN;
INSERT INTO employees (employee_id, first_name, last_name, email, phone_number, hire_date, job_id, salary,manager_id,department_id) VALUES (68, 'Quentin', 'Tarantino', 'quentin.tarantino@gmail.com', '555-0123', '2013-07-11', 21, 230000.00, 11, 325);
INSERT INTO dependents (dependent_id, first_name, last_name, relationship, employee_id) VALUES (198, 'Queen', 'Latifah', 'parent', 68);
INSERT INTO dependents (dependent_id, first_name, last_name, relationship, employee_id) VALUES (199, 'Emma', 'Stone', 'parent', 68);
COMMIT;

-- INSERTING EMPLOYEE 69 --
BEGIN;
INSERT INTO employees (employee_id, first_name, last_name, email, phone_number, hire_date, job_id, salary,manager_id,department_id) VALUES (69, 'Uma', 'Thurman', 'uma.thurman@gmail.com', '555-4569', '1995-03-24', 53, 270000.00, 68, 403);
INSERT INTO dependents (dependent_id, first_name, last_name, relationship, employee_id) VALUES (200, 'Rita', 'Levi-Montalcini', 'parent', 69);
INSERT INTO dependents (dependent_id, first_name, last_name, relationship, employee_id) VALUES (201, 'Rachel', 'Carson', 'spouse', 69);
INSERT INTO dependents (dependent_id, first_name, last_name, relationship, employee_id) VALUES (202, 'Grace', 'Kelly', 'parent', 69);
COMMIT;

-- INSERTING EMPLOYEE 70 --
BEGIN;
INSERT INTO employees (employee_id, first_name, last_name, email, phone_number, hire_date, job_id, salary,manager_id,department_id) VALUES (70, 'George', 'Clooney', 'george.clooney@gmail.com', '555-0987', '1995-04-14', 4, 130000.00, 64, 3);
INSERT INTO dependents (dependent_id, first_name, last_name, relationship, employee_id) VALUES (203, 'Isaac', 'Newton', 'spouse', 70);
COMMIT;

-- DELETING EMPLOYEE 48 --
BEGIN;
UPDATE employees SET manager_id = 68 WHERE employee_id = 51;
UPDATE employees SET manager_id = 68 WHERE employee_id = 6;
UPDATE employees SET manager_id = 68 WHERE employee_id = 9;
UPDATE employees SET manager_id = 68 WHERE employee_id = 12;
UPDATE employees SET manager_id = 68 WHERE employee_id = 56;
DELETE FROM dependents WHERE employee_id = 48;
DELETE FROM employees WHERE employee_id = 48;
COMMIT;

-- DELETING EMPLOYEE 47 --
BEGIN;
DELETE FROM dependents WHERE employee_id = 47;
DELETE FROM employees WHERE employee_id = 47;
COMMIT;

-- INSERTING DEPENDENT 21 --
BEGIN;
INSERT INTO dependents (dependent_id, first_name, last_name, relationship, employee_id) VALUES (204, 'Albert', 'Einstein', 'child', 21);
END;

-- INSERTING DEPENDENT 64 --
BEGIN;
INSERT INTO dependents (dependent_id, first_name, last_name, relationship, employee_id) VALUES (205, 'Chris', 'Evans', 'child', 64);
END;

-- INSERTING DEPENDENT 68 --
BEGIN;
INSERT INTO dependents (dependent_id, first_name, last_name, relationship, employee_id) VALUES (206, 'David', 'Hilbert', 'child', 68);
END;

-- INSERTING DEPENDENT 22 --
BEGIN;
INSERT INTO dependents (dependent_id, first_name, last_name, relationship, employee_id) VALUES (207, 'David', 'Attenborough', 'spouse', 22);
END;

-- DELETING DEPENDENT 182 --
BEGIN;
DELETE FROM dependents WHERE dependent_id = 182;
COMMIT;

-- DELETING DEPENDENT 203 --
BEGIN;
DELETE FROM dependents WHERE dependent_id = 203;
COMMIT;

-- UPDATING EMPLOYEE SALARY 59 --
BEGIN;
UPDATE employees SET salary = salary + 493 WHERE employee_id = 59;
COMMIT;

-- UPDATING EMPLOYEE SALARY 32 --
BEGIN;
UPDATE employees SET salary = salary + 6781 WHERE employee_id = 32;
COMMIT;

-- UPDATING EMPLOYEE SALARY 26 --
BEGIN;
UPDATE employees SET salary = salary + 4299 WHERE employee_id = 26;
COMMIT;

-- UPDATING EMPLOYEE SALARY 31 --
BEGIN;
UPDATE employees SET salary = salary + 2436 WHERE employee_id = 31;
COMMIT;

-- UPDATING EMPLOYEE SALARY 32 --
BEGIN;
UPDATE employees SET salary = salary + 3328 WHERE employee_id = 32;
COMMIT;

-- UPDATING EMPLOYEE SALARY 62 --
BEGIN;
UPDATE employees SET salary = salary + 9815 WHERE employee_id = 62;
COMMIT;

-- UPDATING EMPLOYEE SALARY 65 --
BEGIN;
UPDATE employees SET salary = salary + 9885 WHERE employee_id = 65;
COMMIT;

-- UPDATING EMPLOYEE SALARY 59 --
BEGIN;
UPDATE employees SET salary = salary + 3591 WHERE employee_id = 59;
COMMIT;

-- UPDATING EMPLOYEE SALARY 67 --
BEGIN;
UPDATE employees SET salary = salary + 1041 WHERE employee_id = 67;
COMMIT;

-- UPDATING EMPLOYEE SALARY 6 --
BEGIN;
UPDATE employees SET salary = salary + 7738 WHERE employee_id = 6;
COMMIT;

-- UPDATING EMPLOYEE SALARY 39 --
BEGIN;
UPDATE employees SET salary = salary + 1217 WHERE employee_id = 39;
COMMIT;

-- UPDATING EMPLOYEE SALARY 70 --
BEGIN;
UPDATE employees SET salary = salary + 2029 WHERE employee_id = 70;
COMMIT;

-- UPDATING EMPLOYEE SALARY 65 --
BEGIN;
UPDATE employees SET salary = salary + 5859 WHERE employee_id = 65;
COMMIT;

-- UPDATING EMPLOYEE SALARY 66 --
BEGIN;
UPDATE employees SET salary = salary + 9765 WHERE employee_id = 66;
COMMIT;

-- UPDATING EMPLOYEE SALARY 55 --
BEGIN;
UPDATE employees SET salary = salary + 5632 WHERE employee_id = 55;
COMMIT;

-- UPDATING EMPLOYEE SALARY 33 --
BEGIN;
UPDATE employees SET salary = salary + 8192 WHERE employee_id = 33;
COMMIT;

-- UPDATING EMPLOYEE SALARY 44 --
BEGIN;
UPDATE employees SET salary = salary + 127 WHERE employee_id = 44;
COMMIT;

-- UPDATING EMPLOYEE SALARY 17 --
BEGIN;
UPDATE employees SET salary = salary + 2883 WHERE employee_id = 17;
COMMIT;

-- UPDATING EMPLOYEE SALARY 17 --
BEGIN;
UPDATE employees SET salary = salary + 6874 WHERE employee_id = 17;
COMMIT;

-- UPDATING EMPLOYEE SALARY 11 --
BEGIN;
UPDATE employees SET salary = salary + 5457 WHERE employee_id = 11;
COMMIT;

-- UPDATING EMPLOYEE SALARY 66 --
BEGIN;
UPDATE employees SET salary = salary + 2452 WHERE employee_id = 66;
COMMIT;

-- UPDATING EMPLOYEE SALARY 65 --
BEGIN;
UPDATE employees SET salary = salary + 181 WHERE employee_id = 65;
COMMIT;

-- UPDATING EMPLOYEE SALARY 64 --
BEGIN;
UPDATE employees SET salary = salary + 49 WHERE employee_id = 64;
COMMIT;

-- UPDATING EMPLOYEE SALARY 39 --
BEGIN;
UPDATE employees SET salary = salary + 2353 WHERE employee_id = 39;
COMMIT;

-- UPDATING EMPLOYEE SALARY 36 --
BEGIN;
UPDATE employees SET salary = salary + 2130 WHERE employee_id = 36;
COMMIT;

-- UPDATING EMPLOYEE SALARY 38 --
BEGIN;
UPDATE employees SET salary = salary + 4601 WHERE employee_id = 38;
COMMIT;

-- UPDATING EMPLOYEE SALARY 52 --
BEGIN;
UPDATE employees SET salary = salary + 8587 WHERE employee_id = 52;
COMMIT;

-- UPDATING EMPLOYEE SALARY 70 --
BEGIN;
UPDATE employees SET salary = salary + 477 WHERE employee_id = 70;
COMMIT;

-- UPDATING EMPLOYEE SALARY 69 --
BEGIN;
UPDATE employees SET salary = salary + 5422 WHERE employee_id = 69;
COMMIT;

-- UPDATING EMPLOYEE SALARY 26 --
BEGIN;
UPDATE employees SET salary = salary + 5499 WHERE employee_id = 26;
COMMIT;

-- UPDATING EMPLOYEE SALARY 27 --
BEGIN;
UPDATE employees SET salary = salary + 8393 WHERE employee_id = 27;
COMMIT;

-- UPDATING EMPLOYEE SALARY 11 --
BEGIN;
UPDATE employees SET salary = salary + 399 WHERE employee_id = 11;
COMMIT;

-- UPDATING EMPLOYEE SALARY 61 --
BEGIN;
UPDATE employees SET salary = salary + 7085 WHERE employee_id = 61;
COMMIT;

-- UPDATING EMPLOYEE SALARY 44 --
BEGIN;
UPDATE employees SET salary = salary + 9693 WHERE employee_id = 44;
COMMIT;

-- UPDATING EMPLOYEE SALARY 69 --
BEGIN;
UPDATE employees SET salary = salary + 6476 WHERE employee_id = 69;
COMMIT;

-- UPDATING EMPLOYEE SALARY 11 --
BEGIN;
UPDATE employees SET salary = salary + 7378 WHERE employee_id = 11;
COMMIT;

-- UPDATING EMPLOYEE SALARY 41 --
BEGIN;
UPDATE employees SET salary = salary + 4195 WHERE employee_id = 41;
COMMIT;

-- UPDATING EMPLOYEE SALARY 28 --
BEGIN;
UPDATE employees SET salary = salary + 2195 WHERE employee_id = 28;
COMMIT;

-- UPDATING EMPLOYEE SALARY 58 --
BEGIN;
UPDATE employees SET salary = salary + 846 WHERE employee_id = 58;
COMMIT;

-- UPDATING EMPLOYEE SALARY 37 --
BEGIN;
UPDATE employees SET salary = salary + 4348 WHERE employee_id = 37;
COMMIT;

-- UPDATING EMPLOYEE SALARY 45 --
BEGIN;
UPDATE employees SET salary = salary + 9892 WHERE employee_id = 45;
COMMIT;

-- UPDATING EMPLOYEE SALARY 61 --
BEGIN;
UPDATE employees SET salary = salary + 4476 WHERE employee_id = 61;
COMMIT;

-- INSERTING EMPLOYEE 71 --
BEGIN;
INSERT INTO employees (employee_id, first_name, last_name, email, phone_number, hire_date, job_id, salary,manager_id,department_id) VALUES (71, 'Eva', 'Mendes', 'eva.mendes@gmail.com', '555-0125', '2007-04-23', 13, 430000.00, 21, 221);
INSERT INTO dependents (dependent_id, first_name, last_name, relationship, employee_id) VALUES (208, 'Nikola', 'Tesla', 'spouse', 71);
INSERT INTO dependents (dependent_id, first_name, last_name, relationship, employee_id) VALUES (209, 'Rita', 'Levi-Montalcini', 'parent', 71);
INSERT INTO dependents (dependent_id, first_name, last_name, relationship, employee_id) VALUES (210, 'Richard', 'Feynman', 'spouse', 71);
COMMIT;

-- INSERTING EMPLOYEE 72 --
BEGIN;
INSERT INTO employees (employee_id, first_name, last_name, email, phone_number, hire_date, job_id, salary,manager_id,department_id) VALUES (72, 'Quentin', 'Tarantino', 'quentin.tarantino@gmail.com', '555-0123', '1992-06-20', 43, 230000.00, 9, 229);
INSERT INTO dependents (dependent_id, first_name, last_name, relationship, employee_id) VALUES (211, 'Louis', 'Armstrong', 'child', 72);
INSERT INTO dependents (dependent_id, first_name, last_name, relationship, employee_id) VALUES (212, 'Neil', 'Armstrong', 'child', 72);
INSERT INTO dependents (dependent_id, first_name, last_name, relationship, employee_id) VALUES (213, 'Queen', 'Latifah', 'parent', 72);
INSERT INTO dependents (dependent_id, first_name, last_name, relationship, employee_id) VALUES (214, 'Kate', 'Winslet', 'spouse', 72);
COMMIT;

-- DELETING EMPLOYEE 32 --
BEGIN;
DELETE FROM dependents WHERE employee_id = 32;
DELETE FROM employees WHERE employee_id = 32;
COMMIT;

-- INSERTING DEPENDENT 68 --
BEGIN;
INSERT INTO dependents (dependent_id, first_name, last_name, relationship, employee_id) VALUES (215, 'Dorothy', 'Hodgkin', 'parent', 68);
END;

-- INSERTING DEPENDENT 69 --
BEGIN;
INSERT INTO dependents (dependent_id, first_name, last_name, relationship, employee_id) VALUES (216, 'Alan', 'Turing', 'child', 69);
END;

-- DELETING DEPENDENT 115 --
BEGIN;
DELETE FROM dependents WHERE dependent_id = 115;
COMMIT;

-- UPDATING EMPLOYEE SALARY 11 --
BEGIN;
UPDATE employees SET salary = salary + 1378 WHERE employee_id = 11;
COMMIT;

-- INSERTING EMPLOYEE 73 --
BEGIN;
INSERT INTO employees (employee_id, first_name, last_name, email, phone_number, hire_date, job_id, salary,manager_id,department_id) VALUES (73, 'Dwayne', 'Johnson', 'dwayne.johnson@gmail.com', '555-9014', '2015-03-03', 30, 420000.00, 21, 204);
INSERT INTO dependents (dependent_id, first_name, last_name, relationship, employee_id) VALUES (217, 'Stephen', 'Hawking', 'child', 73);
COMMIT;

-- INSERTING DEPENDENT 11 --
BEGIN;
INSERT INTO dependents (dependent_id, first_name, last_name, relationship, employee_id) VALUES (218, 'Werner', 'Heisenberg', 'spouse', 11);
END;

-- UPDATING EMPLOYEE SALARY 11 --
BEGIN;
UPDATE employees SET salary = salary + 6354 WHERE employee_id = 11;
COMMIT;

-- UPDATING EMPLOYEE SALARY 60 --
BEGIN;
UPDATE employees SET salary = salary + 1306 WHERE employee_id = 60;
COMMIT;

-- UPDATING EMPLOYEE SALARY 35 --
BEGIN;
UPDATE employees SET salary = salary + 7085 WHERE employee_id = 35;
COMMIT;

-- UPDATING EMPLOYEE SALARY 55 --
BEGIN;
UPDATE employees SET salary = salary + 8321 WHERE employee_id = 55;
COMMIT;

-- UPDATING EMPLOYEE SALARY 1 --
BEGIN;
UPDATE employees SET salary = salary + 1210 WHERE employee_id = 1;
COMMIT;

-- UPDATING EMPLOYEE SALARY 45 --
BEGIN;
UPDATE employees SET salary = salary + 680 WHERE employee_id = 45;
COMMIT;

-- UPDATING EMPLOYEE SALARY 50 --
BEGIN;
UPDATE employees SET salary = salary + 6386 WHERE employee_id = 50;
COMMIT;

-- UPDATING EMPLOYEE SALARY 44 --
BEGIN;
UPDATE employees SET salary = salary + 5553 WHERE employee_id = 44;
COMMIT;

-- UPDATING EMPLOYEE SALARY 64 --
BEGIN;
UPDATE employees SET salary = salary + 8561 WHERE employee_id = 64;
COMMIT;

-- UPDATING EMPLOYEE SALARY 65 --
BEGIN;
UPDATE employees SET salary = salary + 3378 WHERE employee_id = 65;
COMMIT;

-- UPDATING EMPLOYEE SALARY 62 --
BEGIN;
UPDATE employees SET salary = salary + 2191 WHERE employee_id = 62;
COMMIT;

-- UPDATING EMPLOYEE SALARY 10 --
BEGIN;
UPDATE employees SET salary = salary + 485 WHERE employee_id = 10;
COMMIT;

-- UPDATING EMPLOYEE SALARY 68 --
BEGIN;
UPDATE employees SET salary = salary + 3104 WHERE employee_id = 68;
COMMIT;

-- UPDATING EMPLOYEE SALARY 60 --
BEGIN;
UPDATE employees SET salary = salary + 3283 WHERE employee_id = 60;
COMMIT;

-- INSERTING EMPLOYEE 74 --
BEGIN;
INSERT INTO employees (employee_id, first_name, last_name, email, phone_number, hire_date, job_id, salary,manager_id,department_id) VALUES (74, 'John', 'Doe', 'john.doe@gmail.com', '555-1234', '2011-07-11', 57, 55000.00, 63, 353);
INSERT INTO dependents (dependent_id, first_name, last_name, relationship, employee_id) VALUES (219, 'Albert', 'Einstein', 'spouse', 74);
COMMIT;

-- INSERTING EMPLOYEE 75 --
BEGIN;
INSERT INTO employees (employee_id, first_name, last_name, email, phone_number, hire_date, job_id, salary,manager_id,department_id) VALUES (75, 'Vera', 'Farmiga', 'vera.farmiga@gmail.com', '555-1236', '2022-11-01', 3, 340000.00, 67, 76);
INSERT INTO dependents (dependent_id, first_name, last_name, relationship, employee_id) VALUES (220, 'Emma', 'Stone', 'child', 75);
INSERT INTO dependents (dependent_id, first_name, last_name, relationship, employee_id) VALUES (221, 'Isaac', 'Newton', 'parent', 75);
INSERT INTO dependents (dependent_id, first_name, last_name, relationship, employee_id) VALUES (222, 'Meryl', 'Streep', 'parent', 75);
INSERT INTO dependents (dependent_id, first_name, last_name, relationship, employee_id) VALUES (223, 'Alex', 'Rodriguez', 'spouse', 75);
COMMIT;

-- INSERTING EMPLOYEE 76 --
BEGIN;
INSERT INTO employees (employee_id, first_name, last_name, email, phone_number, hire_date, job_id, salary,manager_id,department_id) VALUES (76, 'Uma', 'Thurman', 'uma.thurman@gmail.com', '555-4569', '2022-04-18', 55, 270000.00, 74, 170);
INSERT INTO dependents (dependent_id, first_name, last_name, relationship, employee_id) VALUES (224, 'Carl', 'Sagan', 'child', 76);
INSERT INTO dependents (dependent_id, first_name, last_name, relationship, employee_id) VALUES (225, 'Michael', 'Faraday', 'child', 76);
COMMIT;

-- INSERTING DEPENDENT 28 --
BEGIN;
INSERT INTO dependents (dependent_id, first_name, last_name, relationship, employee_id) VALUES (226, 'James', 'Maxwell', 'parent', 28);
END;

-- INSERTING DEPENDENT 63 --
BEGIN;
INSERT INTO dependents (dependent_id, first_name, last_name, relationship, employee_id) VALUES (227, 'Max', 'Planck', 'spouse', 63);
END;

-- INSERTING DEPENDENT 1 --
BEGIN;
INSERT INTO dependents (dependent_id, first_name, last_name, relationship, employee_id) VALUES (228, 'Alex', 'Rodriguez', 'spouse', 1);
END;

-- UPDATING EMPLOYEE SALARY 76 --
BEGIN;
UPDATE employees SET salary = salary + 159 WHERE employee_id = 76;
COMMIT;

-- UPDATING EMPLOYEE SALARY 62 --
BEGIN;
UPDATE employees SET salary = salary + 588 WHERE employee_id = 62;
COMMIT;

-- UPDATING EMPLOYEE SALARY 30 --
BEGIN;
UPDATE employees SET salary = salary + 8627 WHERE employee_id = 30;
COMMIT;

-- UPDATING EMPLOYEE SALARY 69 --
BEGIN;
UPDATE employees SET salary = salary + 3587 WHERE employee_id = 69;
COMMIT;

-- UPDATING EMPLOYEE SALARY 73 --
BEGIN;
UPDATE employees SET salary = salary + 976 WHERE employee_id = 73;
COMMIT;

-- UPDATING EMPLOYEE SALARY 4 --
BEGIN;
UPDATE employees SET salary = salary + 7108 WHERE employee_id = 4;
COMMIT;

-- UPDATING EMPLOYEE SALARY 73 --
BEGIN;
UPDATE employees SET salary = salary + 2159 WHERE employee_id = 73;
COMMIT;

-- UPDATING EMPLOYEE SALARY 27 --
BEGIN;
UPDATE employees SET salary = salary + 2253 WHERE employee_id = 27;
COMMIT;

-- UPDATING EMPLOYEE SALARY 33 --
BEGIN;
UPDATE employees SET salary = salary + 5595 WHERE employee_id = 33;
COMMIT;

-- UPDATING EMPLOYEE SALARY 53 --
BEGIN;
UPDATE employees SET salary = salary + 4699 WHERE employee_id = 53;
COMMIT;

-- UPDATING EMPLOYEE SALARY 17 --
BEGIN;
UPDATE employees SET salary = salary + 9454 WHERE employee_id = 17;
COMMIT;

-- UPDATING EMPLOYEE SALARY 31 --
BEGIN;
UPDATE employees SET salary = salary + 1462 WHERE employee_id = 31;
COMMIT;

-- UPDATING EMPLOYEE SALARY 4 --
BEGIN;
UPDATE employees SET salary = salary + 8449 WHERE employee_id = 4;
COMMIT;

-- UPDATING EMPLOYEE SALARY 52 --
BEGIN;
UPDATE employees SET salary = salary + 9005 WHERE employee_id = 52;
COMMIT;

-- UPDATING EMPLOYEE SALARY 22 --
BEGIN;
UPDATE employees SET salary = salary + 1160 WHERE employee_id = 22;
COMMIT;

-- UPDATING EMPLOYEE SALARY 72 --
BEGIN;
UPDATE employees SET salary = salary + 9225 WHERE employee_id = 72;
COMMIT;

-- UPDATING EMPLOYEE SALARY 12 --
BEGIN;
UPDATE employees SET salary = salary + 310 WHERE employee_id = 12;
COMMIT;

-- UPDATING EMPLOYEE SALARY 60 --
BEGIN;
UPDATE employees SET salary = salary + 6820 WHERE employee_id = 60;
COMMIT;

-- UPDATING EMPLOYEE SALARY 10 --
BEGIN;
UPDATE employees SET salary = salary + 3193 WHERE employee_id = 10;
COMMIT;

-- UPDATING EMPLOYEE SALARY 63 --
BEGIN;
UPDATE employees SET salary = salary + 9973 WHERE employee_id = 63;
COMMIT;

-- UPDATING EMPLOYEE SALARY 71 --
BEGIN;
UPDATE employees SET salary = salary + 6643 WHERE employee_id = 71;
COMMIT;

-- UPDATING EMPLOYEE SALARY 67 --
BEGIN;
UPDATE employees SET salary = salary + 6694 WHERE employee_id = 67;
COMMIT;

-- INSERTING EMPLOYEE 77 --
BEGIN;
INSERT INTO employees (employee_id, first_name, last_name, email, phone_number, hire_date, job_id, salary,manager_id,department_id) VALUES (77, 'Rihanna', 'Black', 'rihanna.black@gmail.com', '555-1235', '2014-03-26', 8, 240000.00, 71, 22);
INSERT INTO dependents (dependent_id, first_name, last_name, relationship, employee_id) VALUES (229, 'Barbara', 'McClintock', 'child', 77);
INSERT INTO dependents (dependent_id, first_name, last_name, relationship, employee_id) VALUES (230, 'Katherine', 'Johnson', 'parent', 77);
COMMIT;

-- INSERTING DEPENDENT 26 --
BEGIN;
INSERT INTO dependents (dependent_id, first_name, last_name, relationship, employee_id) VALUES (231, 'Rita', 'Levi-Montalcini', 'spouse', 26);
END;

-- UPDATING EMPLOYEE SALARY 51 --
BEGIN;
UPDATE employees SET salary = salary + 2442 WHERE employee_id = 51;
COMMIT;

-- UPDATING EMPLOYEE SALARY 64 --
BEGIN;
UPDATE employees SET salary = salary + 3086 WHERE employee_id = 64;
COMMIT;

-- UPDATING EMPLOYEE SALARY 14 --
BEGIN;
UPDATE employees SET salary = salary + 6315 WHERE employee_id = 14;
COMMIT;

-- UPDATING EMPLOYEE SALARY 35 --
BEGIN;
UPDATE employees SET salary = salary + 9324 WHERE employee_id = 35;
COMMIT;

-- UPDATING EMPLOYEE SALARY 4 --
BEGIN;
UPDATE employees SET salary = salary + 2423 WHERE employee_id = 4;
COMMIT;

-- UPDATING EMPLOYEE SALARY 77 --
BEGIN;
UPDATE employees SET salary = salary + 2456 WHERE employee_id = 77;
COMMIT;

-- UPDATING EMPLOYEE SALARY 12 --
BEGIN;
UPDATE employees SET salary = salary + 22 WHERE employee_id = 12;
COMMIT;

-- INSERTING EMPLOYEE 78 --
BEGIN;
INSERT INTO employees (employee_id, first_name, last_name, email, phone_number, hire_date, job_id, salary,manager_id,department_id) VALUES (78, 'Dwayne', 'Johnson', 'dwayne.johnson@gmail.com', '555-9014', '2018-05-08', 62, 420000.00, 63, 330);
COMMIT;

-- INSERTING DEPENDENT 45 --
BEGIN;
INSERT INTO dependents (dependent_id, first_name, last_name, relationship, employee_id) VALUES (232, 'Grace', 'Kelly', 'spouse', 45);
END;

-- UPDATING EMPLOYEE SALARY 67 --
BEGIN;
UPDATE employees SET salary = salary + 7793 WHERE employee_id = 67;
COMMIT;

-- UPDATING EMPLOYEE SALARY 1 --
BEGIN;
UPDATE employees SET salary = salary + 9182 WHERE employee_id = 1;
COMMIT;

-- UPDATING EMPLOYEE SALARY 59 --
BEGIN;
UPDATE employees SET salary = salary + 3072 WHERE employee_id = 59;
COMMIT;

-- UPDATING EMPLOYEE SALARY 58 --
BEGIN;
UPDATE employees SET salary = salary + 88 WHERE employee_id = 58;
COMMIT;

-- UPDATING EMPLOYEE SALARY 37 --
BEGIN;
UPDATE employees SET salary = salary + 6456 WHERE employee_id = 37;
COMMIT;

-- UPDATING EMPLOYEE SALARY 61 --
BEGIN;
UPDATE employees SET salary = salary + 944 WHERE employee_id = 61;
COMMIT;

-- UPDATING EMPLOYEE SALARY 64 --
BEGIN;
UPDATE employees SET salary = salary + 2237 WHERE employee_id = 64;
COMMIT;

-- UPDATING EMPLOYEE SALARY 30 --
BEGIN;
UPDATE employees SET salary = salary + 3991 WHERE employee_id = 30;
COMMIT;

-- UPDATING EMPLOYEE SALARY 26 --
BEGIN;
UPDATE employees SET salary = salary + 8497 WHERE employee_id = 26;
COMMIT;

-- UPDATING EMPLOYEE SALARY 52 --
BEGIN;
UPDATE employees SET salary = salary + 1661 WHERE employee_id = 52;
COMMIT;

-- UPDATING EMPLOYEE SALARY 76 --
BEGIN;
UPDATE employees SET salary = salary + 4764 WHERE employee_id = 76;
COMMIT;

-- UPDATING EMPLOYEE SALARY 26 --
BEGIN;
UPDATE employees SET salary = salary + 8066 WHERE employee_id = 26;
COMMIT;

-- UPDATING EMPLOYEE SALARY 74 --
BEGIN;
UPDATE employees SET salary = salary + 9499 WHERE employee_id = 74;
COMMIT;

-- UPDATING EMPLOYEE SALARY 21 --
BEGIN;
UPDATE employees SET salary = salary + 6773 WHERE employee_id = 21;
COMMIT;

-- UPDATING EMPLOYEE SALARY 77 --
BEGIN;
UPDATE employees SET salary = salary + 4756 WHERE employee_id = 77;
COMMIT;

-- UPDATING EMPLOYEE SALARY 65 --
BEGIN;
UPDATE employees SET salary = salary + 7776 WHERE employee_id = 65;
COMMIT;

-- INSERTING EMPLOYEE 79 --
BEGIN;
INSERT INTO employees (employee_id, first_name, last_name, email, phone_number, hire_date, job_id, salary,manager_id,department_id) VALUES (79, 'Cameron', 'Diaz', 'cameron.diaz@gmail.com', '555-8903', '2012-12-21', 43, 410000.00, 74, 40);
INSERT INTO dependents (dependent_id, first_name, last_name, relationship, employee_id) VALUES (233, 'Richard', 'Feynman', 'child', 79);
INSERT INTO dependents (dependent_id, first_name, last_name, relationship, employee_id) VALUES (234, 'Rachel', 'Carson', 'spouse', 79);
COMMIT;

-- INSERTING EMPLOYEE 80 --
BEGIN;
INSERT INTO employees (employee_id, first_name, last_name, email, phone_number, hire_date, job_id, salary,manager_id,department_id) VALUES (80, 'Rihanna', 'Black', 'rihanna.black@gmail.com', '555-1235', '2003-03-29', 6, 240000.00, 26, 26);
INSERT INTO dependents (dependent_id, first_name, last_name, relationship, employee_id) VALUES (235, 'Dorothy', 'Hodgkin', 'parent', 80);
INSERT INTO dependents (dependent_id, first_name, last_name, relationship, employee_id) VALUES (236, 'Grace', 'Kelly', 'parent', 80);
INSERT INTO dependents (dependent_id, first_name, last_name, relationship, employee_id) VALUES (237, 'Alan', 'Turing', 'child', 80);
COMMIT;

-- INSERTING EMPLOYEE 81 --
BEGIN;
INSERT INTO employees (employee_id, first_name, last_name, email, phone_number, hire_date, job_id, salary,manager_id,department_id) VALUES (81, 'Alice', 'Johnson', 'alice.johnson@gmail.com', '555-8765', '2007-04-17', 62, 70000.00, 80, 459);
INSERT INTO dependents (dependent_id, first_name, last_name, relationship, employee_id) VALUES (238, 'Carl', 'Sagan', 'spouse', 81);
INSERT INTO dependents (dependent_id, first_name, last_name, relationship, employee_id) VALUES (239, 'Barbara', 'McClintock', 'parent', 81);
COMMIT;

-- INSERTING EMPLOYEE 82 --
BEGIN;
INSERT INTO employees (employee_id, first_name, last_name, email, phone_number, hire_date, job_id, salary,manager_id,department_id) VALUES (82, 'Charlie', 'Davis', 'charlie.davis@gmail.com', '555-6789', '2023-11-06', 26, 90000.00, 26, 23);
INSERT INTO dependents (dependent_id, first_name, last_name, relationship, employee_id) VALUES (240, 'Richard', 'Feynman', 'parent', 82);
INSERT INTO dependents (dependent_id, first_name, last_name, relationship, employee_id) VALUES (241, 'Meryl', 'Streep', 'parent', 82);
INSERT INTO dependents (dependent_id, first_name, last_name, relationship, employee_id) VALUES (242, 'Susan', 'Sarandon', 'child', 82);
COMMIT;

-- INSERTING EMPLOYEE 83 --
BEGIN;
INSERT INTO employees (employee_id, first_name, last_name, email, phone_number, hire_date, job_id, salary,manager_id,department_id) VALUES (83, 'Jane', 'Smith', 'jane.smith@gmail.com', '555-5678', '2000-08-22', 56, 60000.00, 12, 188);
INSERT INTO dependents (dependent_id, first_name, last_name, relationship, employee_id) VALUES (243, 'Carl', 'Sagan', 'parent', 83);
INSERT INTO dependents (dependent_id, first_name, last_name, relationship, employee_id) VALUES (244, 'Katherine', 'Johnson', 'spouse', 83);
INSERT INTO dependents (dependent_id, first_name, last_name, relationship, employee_id) VALUES (245, 'Marie', 'Curie', 'parent', 83);
INSERT INTO dependents (dependent_id, first_name, last_name, relationship, employee_id) VALUES (246, 'Emmy', 'Noether', 'spouse', 83);
COMMIT;

-- DELETING EMPLOYEE 12 --
BEGIN;
UPDATE employees SET manager_id = 83 WHERE employee_id = 4;
UPDATE employees SET manager_id = 83 WHERE employee_id = 83;
DELETE FROM dependents WHERE employee_id = 12;
DELETE FROM employees WHERE employee_id = 12;
COMMIT;

-- DELETING EMPLOYEE 4 --
BEGIN;
UPDATE employees SET manager_id = 71 WHERE employee_id = 5;
UPDATE employees SET manager_id = 71 WHERE employee_id = 11;
UPDATE employees SET manager_id = 71 WHERE employee_id = 13;
UPDATE employees SET manager_id = 71 WHERE employee_id = 31;
UPDATE employees SET manager_id = 71 WHERE employee_id = 54;
UPDATE employees SET manager_id = 71 WHERE employee_id = 58;
DELETE FROM dependents WHERE employee_id = 4;
DELETE FROM employees WHERE employee_id = 4;
COMMIT;

-- INSERTING DEPENDENT 49 --
BEGIN;
INSERT INTO dependents (dependent_id, first_name, last_name, relationship, employee_id) VALUES (247, 'Iris', 'Apfel', 'spouse', 49);
END;

-- INSERTING DEPENDENT 68 --
BEGIN;
INSERT INTO dependents (dependent_id, first_name, last_name, relationship, employee_id) VALUES (248, 'James', 'Dean', 'parent', 68);
END;

-- INSERTING DEPENDENT 60 --
BEGIN;
INSERT INTO dependents (dependent_id, first_name, last_name, relationship, employee_id) VALUES (249, 'Grace', 'Kelly', 'spouse', 60);
END;

-- INSERTING DEPENDENT 52 --
BEGIN;
INSERT INTO dependents (dependent_id, first_name, last_name, relationship, employee_id) VALUES (250, 'Emmy', 'Noether', 'spouse', 52);
END;

-- INSERTING DEPENDENT 28 --
BEGIN;
INSERT INTO dependents (dependent_id, first_name, last_name, relationship, employee_id) VALUES (251, 'Carl', 'Sagan', 'child', 28);
END;

-- DELETING DEPENDENT 235 --
BEGIN;
DELETE FROM dependents WHERE dependent_id = 235;
COMMIT;

-- DELETING DEPENDENT 159 --
BEGIN;
DELETE FROM dependents WHERE dependent_id = 159;
COMMIT;

-- UPDATING EMPLOYEE SALARY 17 --
BEGIN;
UPDATE employees SET salary = salary + 7961 WHERE employee_id = 17;
COMMIT;

-- UPDATING EMPLOYEE SALARY 67 --
BEGIN;
UPDATE employees SET salary = salary + 1561 WHERE employee_id = 67;
COMMIT;

-- UPDATING EMPLOYEE SALARY 52 --
BEGIN;
UPDATE employees SET salary = salary + 527 WHERE employee_id = 52;
COMMIT;

-- UPDATING EMPLOYEE SALARY 35 --
BEGIN;
UPDATE employees SET salary = salary + 9120 WHERE employee_id = 35;
COMMIT;

-- UPDATING EMPLOYEE SALARY 38 --
BEGIN;
UPDATE employees SET salary = salary + 8382 WHERE employee_id = 38;
COMMIT;

-- UPDATING EMPLOYEE SALARY 59 --
BEGIN;
UPDATE employees SET salary = salary + 4812 WHERE employee_id = 59;
COMMIT;

-- UPDATING EMPLOYEE SALARY 71 --
BEGIN;
UPDATE employees SET salary = salary + 2849 WHERE employee_id = 71;
COMMIT;

-- UPDATING EMPLOYEE SALARY 31 --
BEGIN;
UPDATE employees SET salary = salary + 8670 WHERE employee_id = 31;
COMMIT;

-- UPDATING EMPLOYEE SALARY 34 --
BEGIN;
UPDATE employees SET salary = salary + 341 WHERE employee_id = 34;
COMMIT;

-- UPDATING EMPLOYEE SALARY 60 --
BEGIN;
UPDATE employees SET salary = salary + 2465 WHERE employee_id = 60;
COMMIT;

-- UPDATING EMPLOYEE SALARY 6 --
BEGIN;
UPDATE employees SET salary = salary + 6433 WHERE employee_id = 6;
COMMIT;

-- UPDATING EMPLOYEE SALARY 38 --
BEGIN;
UPDATE employees SET salary = salary + 3565 WHERE employee_id = 38;
COMMIT;

-- UPDATING EMPLOYEE SALARY 19 --
BEGIN;
UPDATE employees SET salary = salary + 1483 WHERE employee_id = 19;
COMMIT;

-- UPDATING EMPLOYEE SALARY 81 --
BEGIN;
UPDATE employees SET salary = salary + 7396 WHERE employee_id = 81;
COMMIT;

-- UPDATING EMPLOYEE SALARY 14 --
BEGIN;
UPDATE employees SET salary = salary + 8942 WHERE employee_id = 14;
COMMIT;

-- UPDATING EMPLOYEE SALARY 62 --
BEGIN;
UPDATE employees SET salary = salary + 9650 WHERE employee_id = 62;
COMMIT;

-- UPDATING EMPLOYEE SALARY 68 --
BEGIN;
UPDATE employees SET salary = salary + 5646 WHERE employee_id = 68;
COMMIT;

-- UPDATING EMPLOYEE SALARY 53 --
BEGIN;
UPDATE employees SET salary = salary + 8761 WHERE employee_id = 53;
COMMIT;

-- UPDATING EMPLOYEE SALARY 60 --
BEGIN;
UPDATE employees SET salary = salary + 670 WHERE employee_id = 60;
COMMIT;

-- UPDATING EMPLOYEE SALARY 37 --
BEGIN;
UPDATE employees SET salary = salary + 7536 WHERE employee_id = 37;
COMMIT;

-- UPDATING EMPLOYEE SALARY 74 --
BEGIN;
UPDATE employees SET salary = salary + 3600 WHERE employee_id = 74;
COMMIT;

-- INSERTING EMPLOYEE 84 --
BEGIN;
INSERT INTO employees (employee_id, first_name, last_name, email, phone_number, hire_date, job_id, salary,manager_id,department_id) VALUES (84, 'Samuel', 'Jackson', 'samuel.jackson@gmail.com', '555-8903', '2014-10-08', 42, 310000.00, 54, 435);
COMMIT;

-- INSERTING DEPENDENT 77 --
BEGIN;
INSERT INTO dependents (dependent_id, first_name, last_name, relationship, employee_id) VALUES (252, 'Alan', 'Turing', 'parent', 77);
END;

-- UPDATING EMPLOYEE SALARY 38 --
BEGIN;
UPDATE employees SET salary = salary + 6234 WHERE employee_id = 38;
COMMIT;

-- UPDATING EMPLOYEE SALARY 63 --
BEGIN;
UPDATE employees SET salary = salary + 8040 WHERE employee_id = 63;
COMMIT;

-- UPDATING EMPLOYEE SALARY 79 --
BEGIN;
UPDATE employees SET salary = salary + 7142 WHERE employee_id = 79;
COMMIT;

-- UPDATING EMPLOYEE SALARY 22 --
BEGIN;
UPDATE employees SET salary = salary + 6763 WHERE employee_id = 22;
COMMIT;

-- UPDATING EMPLOYEE SALARY 55 --
BEGIN;
UPDATE employees SET salary = salary + 6084 WHERE employee_id = 55;
COMMIT;

-- UPDATING EMPLOYEE SALARY 76 --
BEGIN;
UPDATE employees SET salary = salary + 6025 WHERE employee_id = 76;
COMMIT;

-- UPDATING EMPLOYEE SALARY 49 --
BEGIN;
UPDATE employees SET salary = salary + 9171 WHERE employee_id = 49;
COMMIT;

-- UPDATING EMPLOYEE SALARY 75 --
BEGIN;
UPDATE employees SET salary = salary + 9522 WHERE employee_id = 75;
COMMIT;

-- UPDATING EMPLOYEE SALARY 64 --
BEGIN;
UPDATE employees SET salary = salary + 5596 WHERE employee_id = 64;
COMMIT;

-- UPDATING EMPLOYEE SALARY 54 --
BEGIN;
UPDATE employees SET salary = salary + 801 WHERE employee_id = 54;
COMMIT;

-- UPDATING EMPLOYEE SALARY 50 --
BEGIN;
UPDATE employees SET salary = salary + 6490 WHERE employee_id = 50;
COMMIT;

-- UPDATING EMPLOYEE SALARY 66 --
BEGIN;
UPDATE employees SET salary = salary + 3353 WHERE employee_id = 66;
COMMIT;

-- UPDATING EMPLOYEE SALARY 49 --
BEGIN;
UPDATE employees SET salary = salary + 6748 WHERE employee_id = 49;
COMMIT;

-- UPDATING EMPLOYEE SALARY 74 --
BEGIN;
UPDATE employees SET salary = salary + 9843 WHERE employee_id = 74;
COMMIT;

-- UPDATING EMPLOYEE SALARY 63 --
BEGIN;
UPDATE employees SET salary = salary + 2810 WHERE employee_id = 63;
COMMIT;

-- UPDATING EMPLOYEE SALARY 55 --
BEGIN;
UPDATE employees SET salary = salary + 7070 WHERE employee_id = 55;
COMMIT;

-- UPDATING EMPLOYEE SALARY 67 --
BEGIN;
UPDATE employees SET salary = salary + 7542 WHERE employee_id = 67;
COMMIT;

-- UPDATING EMPLOYEE SALARY 10 --
BEGIN;
UPDATE employees SET salary = salary + 9513 WHERE employee_id = 10;
COMMIT;

-- UPDATING EMPLOYEE SALARY 62 --
BEGIN;
UPDATE employees SET salary = salary + 6688 WHERE employee_id = 62;
COMMIT;

-- UPDATING EMPLOYEE SALARY 62 --
BEGIN;
UPDATE employees SET salary = salary + 82 WHERE employee_id = 62;
COMMIT;

-- UPDATING EMPLOYEE SALARY 74 --
BEGIN;
UPDATE employees SET salary = salary + 8543 WHERE employee_id = 74;
COMMIT;

-- UPDATING EMPLOYEE SALARY 33 --
BEGIN;
UPDATE employees SET salary = salary + 454 WHERE employee_id = 33;
COMMIT;

-- UPDATING EMPLOYEE SALARY 11 --
BEGIN;
UPDATE employees SET salary = salary + 9315 WHERE employee_id = 11;
COMMIT;

-- UPDATING EMPLOYEE SALARY 72 --
BEGIN;
UPDATE employees SET salary = salary + 3652 WHERE employee_id = 72;
COMMIT;

-- UPDATING EMPLOYEE SALARY 41 --
BEGIN;
UPDATE employees SET salary = salary + 9048 WHERE employee_id = 41;
COMMIT;

-- UPDATING EMPLOYEE SALARY 38 --
BEGIN;
UPDATE employees SET salary = salary + 4626 WHERE employee_id = 38;
COMMIT;

-- UPDATING EMPLOYEE SALARY 26 --
BEGIN;
UPDATE employees SET salary = salary + 8506 WHERE employee_id = 26;
COMMIT;

-- UPDATING EMPLOYEE SALARY 25 --
BEGIN;
UPDATE employees SET salary = salary + 5881 WHERE employee_id = 25;
COMMIT;

-- UPDATING EMPLOYEE SALARY 37 --
BEGIN;
UPDATE employees SET salary = salary + 650 WHERE employee_id = 37;
COMMIT;

-- UPDATING EMPLOYEE SALARY 35 --
BEGIN;
UPDATE employees SET salary = salary + 2283 WHERE employee_id = 35;
COMMIT;

-- UPDATING EMPLOYEE SALARY 50 --
BEGIN;
UPDATE employees SET salary = salary + 8230 WHERE employee_id = 50;
COMMIT;

-- UPDATING EMPLOYEE SALARY 67 --
BEGIN;
UPDATE employees SET salary = salary + 5858 WHERE employee_id = 67;
COMMIT;

-- UPDATING EMPLOYEE SALARY 77 --
BEGIN;
UPDATE employees SET salary = salary + 8132 WHERE employee_id = 77;
COMMIT;

-- UPDATING EMPLOYEE SALARY 45 --
BEGIN;
UPDATE employees SET salary = salary + 2642 WHERE employee_id = 45;
COMMIT;

-- UPDATING EMPLOYEE SALARY 61 --
BEGIN;
UPDATE employees SET salary = salary + 1314 WHERE employee_id = 61;
COMMIT;

-- UPDATING EMPLOYEE SALARY 74 --
BEGIN;
UPDATE employees SET salary = salary + 501 WHERE employee_id = 74;
COMMIT;

-- UPDATING EMPLOYEE SALARY 84 --
BEGIN;
UPDATE employees SET salary = salary + 4789 WHERE employee_id = 84;
COMMIT;

-- UPDATING EMPLOYEE SALARY 1 --
BEGIN;
UPDATE employees SET salary = salary + 3087 WHERE employee_id = 1;
COMMIT;

-- UPDATING EMPLOYEE SALARY 1 --
BEGIN;
UPDATE employees SET salary = salary + 6469 WHERE employee_id = 1;
COMMIT;

-- UPDATING EMPLOYEE SALARY 84 --
BEGIN;
UPDATE employees SET salary = salary + 2611 WHERE employee_id = 84;
COMMIT;

-- UPDATING EMPLOYEE SALARY 39 --
BEGIN;
UPDATE employees SET salary = salary + 372 WHERE employee_id = 39;
COMMIT;

-- UPDATING EMPLOYEE SALARY 6 --
BEGIN;
UPDATE employees SET salary = salary + 637 WHERE employee_id = 6;
COMMIT;

-- UPDATING EMPLOYEE SALARY 73 --
BEGIN;
UPDATE employees SET salary = salary + 4759 WHERE employee_id = 73;
COMMIT;

-- UPDATING EMPLOYEE SALARY 10 --
BEGIN;
UPDATE employees SET salary = salary + 9238 WHERE employee_id = 10;
COMMIT;

-- INSERTING EMPLOYEE 85 --
BEGIN;
INSERT INTO employees (employee_id, first_name, last_name, email, phone_number, hire_date, job_id, salary,manager_id,department_id) VALUES (85, 'Scarlett', 'Johansson', 'scarlett.johansson@gmail.com', '555-4569', '2010-09-15', 37, 570000.00, 26, 604);
INSERT INTO dependents (dependent_id, first_name, last_name, relationship, employee_id) VALUES (253, 'Iris', 'Apfel', 'parent', 85);
COMMIT;

-- INSERTING EMPLOYEE 86 --
BEGIN;
INSERT INTO employees (employee_id, first_name, last_name, email, phone_number, hire_date, job_id, salary,manager_id,department_id) VALUES (86, 'Ethan', 'Hunt', 'ethan.hunt@gmail.com', '555-7890', '1992-10-07', 43, 110000.00, 50, 627);
INSERT INTO dependents (dependent_id, first_name, last_name, relationship, employee_id) VALUES (254, 'Stephen', 'Hawking', 'spouse', 86);
INSERT INTO dependents (dependent_id, first_name, last_name, relationship, employee_id) VALUES (255, 'Nikola', 'Tesla', 'parent', 86);
INSERT INTO dependents (dependent_id, first_name, last_name, relationship, employee_id) VALUES (256, 'Albert', 'Einstein', 'spouse', 86);
COMMIT;

-- INSERTING EMPLOYEE 87 --
BEGIN;
INSERT INTO employees (employee_id, first_name, last_name, email, phone_number, hire_date, job_id, salary,manager_id,department_id) VALUES (87, 'Nina', 'Simone', 'nina.simone@gmail.com', '555-7891', '2003-03-25', 5, 200000.00, 31, 622);
INSERT INTO dependents (dependent_id, first_name, last_name, relationship, employee_id) VALUES (257, 'Rachel', 'Carson', 'child', 87);
INSERT INTO dependents (dependent_id, first_name, last_name, relationship, employee_id) VALUES (258, 'Isaac', 'Newton', 'child', 87);
INSERT INTO dependents (dependent_id, first_name, last_name, relationship, employee_id) VALUES (259, 'Louis', 'Armstrong', 'spouse', 87);
COMMIT;

-- INSERTING EMPLOYEE 88 --
BEGIN;
INSERT INTO employees (employee_id, first_name, last_name, email, phone_number, hire_date, job_id, salary,manager_id,department_id) VALUES (88, 'Charlie', 'Davis', 'charlie.davis@gmail.com', '555-6789', '2005-07-31', 53, 90000.00, 79, 658);
COMMIT;

-- INSERTING EMPLOYEE 89 --
BEGIN;
INSERT INTO employees (employee_id, first_name, last_name, email, phone_number, hire_date, job_id, salary,manager_id,department_id) VALUES (89, 'Nina', 'Simone', 'nina.simone@gmail.com', '555-7891', '1997-09-15', 29, 200000.00, 72, 629);
COMMIT;

-- DELETING EMPLOYEE 55 --
BEGIN;
DELETE FROM dependents WHERE employee_id = 55;
DELETE FROM employees WHERE employee_id = 55;
COMMIT;

-- DELETING EMPLOYEE 51 --
BEGIN;
DELETE FROM dependents WHERE employee_id = 51;
DELETE FROM employees WHERE employee_id = 51;
COMMIT;

-- INSERTING DEPENDENT 19 --
BEGIN;
INSERT INTO dependents (dependent_id, first_name, last_name, relationship, employee_id) VALUES (260, 'Max', 'Planck', 'spouse', 19);
END;

-- INSERTING DEPENDENT 17 --
BEGIN;
INSERT INTO dependents (dependent_id, first_name, last_name, relationship, employee_id) VALUES (261, 'David', 'Attenborough', 'spouse', 17);
END;

-- INSERTING DEPENDENT 39 --
BEGIN;
INSERT INTO dependents (dependent_id, first_name, last_name, relationship, employee_id) VALUES (262, 'Kate', 'Winslet', 'child', 39);
END;

-- INSERTING DEPENDENT 35 --
BEGIN;
INSERT INTO dependents (dependent_id, first_name, last_name, relationship, employee_id) VALUES (263, 'Grace', 'Kelly', 'spouse', 35);
END;

-- INSERTING DEPENDENT 35 --
BEGIN;
INSERT INTO dependents (dependent_id, first_name, last_name, relationship, employee_id) VALUES (264, 'Kate', 'Winslet', 'spouse', 35);
END;

-- DELETING DEPENDENT 193 --
BEGIN;
DELETE FROM dependents WHERE dependent_id = 193;
COMMIT;

-- DELETING DEPENDENT 103 --
BEGIN;
DELETE FROM dependents WHERE dependent_id = 103;
COMMIT;

-- UPDATING EMPLOYEE SALARY 33 --
BEGIN;
UPDATE employees SET salary = salary + 8311 WHERE employee_id = 33;
COMMIT;

-- UPDATING EMPLOYEE SALARY 60 --
BEGIN;
UPDATE employees SET salary = salary + 6340 WHERE employee_id = 60;
COMMIT;

-- UPDATING EMPLOYEE SALARY 10 --
BEGIN;
UPDATE employees SET salary = salary + 1766 WHERE employee_id = 10;
COMMIT;

-- UPDATING EMPLOYEE SALARY 28 --
BEGIN;
UPDATE employees SET salary = salary + 4279 WHERE employee_id = 28;
COMMIT;

-- UPDATING EMPLOYEE SALARY 70 --
BEGIN;
UPDATE employees SET salary = salary + 5110 WHERE employee_id = 70;
COMMIT;

-- UPDATING EMPLOYEE SALARY 10 --
BEGIN;
UPDATE employees SET salary = salary + 4769 WHERE employee_id = 10;
COMMIT;

-- UPDATING EMPLOYEE SALARY 61 --
BEGIN;
UPDATE employees SET salary = salary + 8617 WHERE employee_id = 61;
COMMIT;

-- UPDATING EMPLOYEE SALARY 60 --
BEGIN;
UPDATE employees SET salary = salary + 1720 WHERE employee_id = 60;
COMMIT;

-- UPDATING EMPLOYEE SALARY 60 --
BEGIN;
UPDATE employees SET salary = salary + 2659 WHERE employee_id = 60;
COMMIT;

-- UPDATING EMPLOYEE SALARY 86 --
BEGIN;
UPDATE employees SET salary = salary + 619 WHERE employee_id = 86;
COMMIT;

-- UPDATING EMPLOYEE SALARY 59 --
BEGIN;
UPDATE employees SET salary = salary + 4038 WHERE employee_id = 59;
COMMIT;

-- UPDATING EMPLOYEE SALARY 37 --
BEGIN;
UPDATE employees SET salary = salary + 5375 WHERE employee_id = 37;
COMMIT;

-- UPDATING EMPLOYEE SALARY 54 --
BEGIN;
UPDATE employees SET salary = salary + 1668 WHERE employee_id = 54;
COMMIT;

-- UPDATING EMPLOYEE SALARY 26 --
BEGIN;
UPDATE employees SET salary = salary + 3357 WHERE employee_id = 26;
COMMIT;

-- INSERTING EMPLOYEE 90 --
BEGIN;
INSERT INTO employees (employee_id, first_name, last_name, email, phone_number, hire_date, job_id, salary,manager_id,department_id) VALUES (90, 'Tina', 'Fey', 'tina.fey@gmail.com', '555-3458', '1993-02-23', 17, 260000.00, 71, 622);
INSERT INTO dependents (dependent_id, first_name, last_name, relationship, employee_id) VALUES (265, 'Emmy', 'Noether', 'child', 90);
COMMIT;

-- INSERTING EMPLOYEE 91 --
BEGIN;
INSERT INTO employees (employee_id, first_name, last_name, email, phone_number, hire_date, job_id, salary,manager_id,department_id) VALUES (91, 'Cameron', 'Diaz', 'cameron.diaz@gmail.com', '555-8903', '1997-11-08', 44, 410000.00, 19, 275);
INSERT INTO dependents (dependent_id, first_name, last_name, relationship, employee_id) VALUES (266, 'Richard', 'Feynman', 'spouse', 91);
INSERT INTO dependents (dependent_id, first_name, last_name, relationship, employee_id) VALUES (267, 'Grace', 'Kelly', 'spouse', 91);
INSERT INTO dependents (dependent_id, first_name, last_name, relationship, employee_id) VALUES (268, 'Isaac', 'Newton', 'spouse', 91);
COMMIT;

-- INSERTING EMPLOYEE 92 --
BEGIN;
INSERT INTO employees (employee_id, first_name, last_name, email, phone_number, hire_date, job_id, salary,manager_id,department_id) VALUES (92, 'Oscar', 'Isaac', 'oscar.isaac@gmail.com', '555-8902', '2005-02-19', 16, 210000.00, 10, 577);
INSERT INTO dependents (dependent_id, first_name, last_name, relationship, employee_id) VALUES (269, 'Alex', 'Rodriguez', 'parent', 92);
INSERT INTO dependents (dependent_id, first_name, last_name, relationship, employee_id) VALUES (270, 'Rita', 'Levi-Montalcini', 'spouse', 92);
INSERT INTO dependents (dependent_id, first_name, last_name, relationship, employee_id) VALUES (271, 'Rosalind', 'Franklin', 'child', 92);
INSERT INTO dependents (dependent_id, first_name, last_name, relationship, employee_id) VALUES (272, 'Chris', 'Evans', 'parent', 92);
COMMIT;

-- INSERTING EMPLOYEE 93 --
BEGIN;
INSERT INTO employees (employee_id, first_name, last_name, email, phone_number, hire_date, job_id, salary,manager_id,department_id) VALUES (93, 'Scarlett', 'Johansson', 'scarlett.johansson@gmail.com', '555-4569', '2003-12-11', 13, 570000.00, 76, 193);
INSERT INTO dependents (dependent_id, first_name, last_name, relationship, employee_id) VALUES (273, 'Louis', 'Pasteur', 'spouse', 93);
COMMIT;

-- INSERTING DEPENDENT 33 --
BEGIN;
INSERT INTO dependents (dependent_id, first_name, last_name, relationship, employee_id) VALUES (274, 'Tom', 'Cruise', 'parent', 33);
END;

-- INSERTING DEPENDENT 59 --
BEGIN;
INSERT INTO dependents (dependent_id, first_name, last_name, relationship, employee_id) VALUES (275, 'Isaac', 'Newton', 'parent', 59);
END;

-- INSERTING DEPENDENT 92 --
BEGIN;
INSERT INTO dependents (dependent_id, first_name, last_name, relationship, employee_id) VALUES (276, 'Hugh', 'Jackman', 'parent', 92);
END;

-- INSERTING DEPENDENT 80 --
BEGIN;
INSERT INTO dependents (dependent_id, first_name, last_name, relationship, employee_id) VALUES (277, 'Marie', 'Curie', 'parent', 80);
END;

-- UPDATING EMPLOYEE SALARY 91 --
BEGIN;
UPDATE employees SET salary = salary + 254 WHERE employee_id = 91;
COMMIT;

-- UPDATING EMPLOYEE SALARY 63 --
BEGIN;
UPDATE employees SET salary = salary + 3295 WHERE employee_id = 63;
COMMIT;

-- UPDATING EMPLOYEE SALARY 11 --
BEGIN;
UPDATE employees SET salary = salary + 6593 WHERE employee_id = 11;
COMMIT;

-- UPDATING EMPLOYEE SALARY 58 --
BEGIN;
UPDATE employees SET salary = salary + 6056 WHERE employee_id = 58;
COMMIT;

-- UPDATING EMPLOYEE SALARY 59 --
BEGIN;
UPDATE employees SET salary = salary + 1093 WHERE employee_id = 59;
COMMIT;

-- UPDATING EMPLOYEE SALARY 68 --
BEGIN;
UPDATE employees SET salary = salary + 6163 WHERE employee_id = 68;
COMMIT;

-- UPDATING EMPLOYEE SALARY 9 --
BEGIN;
UPDATE employees SET salary = salary + 8275 WHERE employee_id = 9;
COMMIT;

-- UPDATING EMPLOYEE SALARY 25 --
BEGIN;
UPDATE employees SET salary = salary + 8893 WHERE employee_id = 25;
COMMIT;

-- UPDATING EMPLOYEE SALARY 70 --
BEGIN;
UPDATE employees SET salary = salary + 1979 WHERE employee_id = 70;
COMMIT;

-- UPDATING EMPLOYEE SALARY 81 --
BEGIN;
UPDATE employees SET salary = salary + 2186 WHERE employee_id = 81;
COMMIT;

-- UPDATING EMPLOYEE SALARY 79 --
BEGIN;
UPDATE employees SET salary = salary + 9591 WHERE employee_id = 79;
COMMIT;

-- UPDATING EMPLOYEE SALARY 76 --
BEGIN;
UPDATE employees SET salary = salary + 85 WHERE employee_id = 76;
COMMIT;

-- UPDATING EMPLOYEE SALARY 78 --
BEGIN;
UPDATE employees SET salary = salary + 3152 WHERE employee_id = 78;
COMMIT;

-- UPDATING EMPLOYEE SALARY 26 --
BEGIN;
UPDATE employees SET salary = salary + 7545 WHERE employee_id = 26;
COMMIT;

-- UPDATING EMPLOYEE SALARY 82 --
BEGIN;
UPDATE employees SET salary = salary + 7530 WHERE employee_id = 82;
COMMIT;

-- UPDATING EMPLOYEE SALARY 19 --
BEGIN;
UPDATE employees SET salary = salary + 7687 WHERE employee_id = 19;
COMMIT;

-- UPDATING EMPLOYEE SALARY 41 --
BEGIN;
UPDATE employees SET salary = salary + 8872 WHERE employee_id = 41;
COMMIT;

-- UPDATING EMPLOYEE SALARY 22 --
BEGIN;
UPDATE employees SET salary = salary + 4741 WHERE employee_id = 22;
COMMIT;

-- UPDATING EMPLOYEE SALARY 21 --
BEGIN;
UPDATE employees SET salary = salary + 4831 WHERE employee_id = 21;
COMMIT;

-- UPDATING EMPLOYEE SALARY 80 --
BEGIN;
UPDATE employees SET salary = salary + 7655 WHERE employee_id = 80;
COMMIT;

-- UPDATING EMPLOYEE SALARY 9 --
BEGIN;
UPDATE employees SET salary = salary + 3689 WHERE employee_id = 9;
COMMIT;

-- UPDATING EMPLOYEE SALARY 9 --
BEGIN;
UPDATE employees SET salary = salary + 3106 WHERE employee_id = 9;
COMMIT;

-- UPDATING EMPLOYEE SALARY 41 --
BEGIN;
UPDATE employees SET salary = salary + 5489 WHERE employee_id = 41;
COMMIT;

-- UPDATING EMPLOYEE SALARY 54 --
BEGIN;
UPDATE employees SET salary = salary + 1223 WHERE employee_id = 54;
COMMIT;

-- UPDATING EMPLOYEE SALARY 37 --
BEGIN;
UPDATE employees SET salary = salary + 6029 WHERE employee_id = 37;
COMMIT;

-- UPDATING EMPLOYEE SALARY 83 --
BEGIN;
UPDATE employees SET salary = salary + 5154 WHERE employee_id = 83;
COMMIT;

-- UPDATING EMPLOYEE SALARY 27 --
BEGIN;
UPDATE employees SET salary = salary + 9192 WHERE employee_id = 27;
COMMIT;

-- UPDATING EMPLOYEE SALARY 33 --
BEGIN;
UPDATE employees SET salary = salary + 2580 WHERE employee_id = 33;
COMMIT;

-- UPDATING EMPLOYEE SALARY 87 --
BEGIN;
UPDATE employees SET salary = salary + 3965 WHERE employee_id = 87;
COMMIT;

-- UPDATING EMPLOYEE SALARY 30 --
BEGIN;
UPDATE employees SET salary = salary + 3030 WHERE employee_id = 30;
COMMIT;

-- UPDATING EMPLOYEE SALARY 68 --
BEGIN;
UPDATE employees SET salary = salary + 8935 WHERE employee_id = 68;
COMMIT;

-- UPDATING EMPLOYEE SALARY 64 --
BEGIN;
UPDATE employees SET salary = salary + 5320 WHERE employee_id = 64;
COMMIT;

-- UPDATING EMPLOYEE SALARY 46 --
BEGIN;
UPDATE employees SET salary = salary + 7727 WHERE employee_id = 46;
COMMIT;

-- UPDATING EMPLOYEE SALARY 11 --
BEGIN;
UPDATE employees SET salary = salary + 2246 WHERE employee_id = 11;
COMMIT;

-- UPDATING EMPLOYEE SALARY 62 --
BEGIN;
UPDATE employees SET salary = salary + 3363 WHERE employee_id = 62;
COMMIT;

-- UPDATING EMPLOYEE SALARY 35 --
BEGIN;
UPDATE employees SET salary = salary + 9153 WHERE employee_id = 35;
COMMIT;

-- UPDATING EMPLOYEE SALARY 53 --
BEGIN;
UPDATE employees SET salary = salary + 6086 WHERE employee_id = 53;
COMMIT;

-- UPDATING EMPLOYEE SALARY 26 --
BEGIN;
UPDATE employees SET salary = salary + 1578 WHERE employee_id = 26;
COMMIT;

-- UPDATING EMPLOYEE SALARY 9 --
BEGIN;
UPDATE employees SET salary = salary + 2019 WHERE employee_id = 9;
COMMIT;

-- UPDATING EMPLOYEE SALARY 81 --
BEGIN;
UPDATE employees SET salary = salary + 8000 WHERE employee_id = 81;
COMMIT;

-- UPDATING EMPLOYEE SALARY 45 --
BEGIN;
UPDATE employees SET salary = salary + 5299 WHERE employee_id = 45;
COMMIT;

-- UPDATING EMPLOYEE SALARY 30 --
BEGIN;
UPDATE employees SET salary = salary + 2853 WHERE employee_id = 30;
COMMIT;

-- UPDATING EMPLOYEE SALARY 50 --
BEGIN;
UPDATE employees SET salary = salary + 5992 WHERE employee_id = 50;
COMMIT;

-- UPDATING EMPLOYEE SALARY 80 --
BEGIN;
UPDATE employees SET salary = salary + 8675 WHERE employee_id = 80;
COMMIT;

-- UPDATING EMPLOYEE SALARY 64 --
BEGIN;
UPDATE employees SET salary = salary + 2074 WHERE employee_id = 64;
COMMIT;

-- UPDATING EMPLOYEE SALARY 59 --
BEGIN;
UPDATE employees SET salary = salary + 9414 WHERE employee_id = 59;
COMMIT;

-- UPDATING EMPLOYEE SALARY 19 --
BEGIN;
UPDATE employees SET salary = salary + 8135 WHERE employee_id = 19;
COMMIT;

-- UPDATING EMPLOYEE SALARY 91 --
BEGIN;
UPDATE employees SET salary = salary + 6785 WHERE employee_id = 91;
COMMIT;

-- UPDATING EMPLOYEE SALARY 81 --
BEGIN;
UPDATE employees SET salary = salary + 9440 WHERE employee_id = 81;
COMMIT;

-- INSERTING EMPLOYEE 94 --
BEGIN;
INSERT INTO employees (employee_id, first_name, last_name, email, phone_number, hire_date, job_id, salary,manager_id,department_id) VALUES (94, 'Hugh', 'Jackman', 'hugh.jackman@gmail.com', '555-3458', '2009-02-19', 55, 460000.00, 82, 176);
INSERT INTO dependents (dependent_id, first_name, last_name, relationship, employee_id) VALUES (278, 'Lise', 'Meitner', 'spouse', 94);
INSERT INTO dependents (dependent_id, first_name, last_name, relationship, employee_id) VALUES (279, 'Robert', 'Redford', 'child', 94);
INSERT INTO dependents (dependent_id, first_name, last_name, relationship, employee_id) VALUES (280, 'David', 'Hilbert', 'child', 94);
COMMIT;

-- INSERTING EMPLOYEE 95 --
BEGIN;
INSERT INTO employees (employee_id, first_name, last_name, email, phone_number, hire_date, job_id, salary,manager_id,department_id) VALUES (95, 'Rihanna', 'Black', 'rihanna.black@gmail.com', '555-1235', '1999-10-28', 21, 240000.00, 22, 422);
INSERT INTO dependents (dependent_id, first_name, last_name, relationship, employee_id) VALUES (281, 'Werner', 'Heisenberg', 'parent', 95);
INSERT INTO dependents (dependent_id, first_name, last_name, relationship, employee_id) VALUES (282, 'Galileo', 'Galilei', 'parent', 95);
COMMIT;

-- INSERTING EMPLOYEE 96 --
BEGIN;
INSERT INTO employees (employee_id, first_name, last_name, email, phone_number, hire_date, job_id, salary,manager_id,department_id) VALUES (96, 'Brad', 'Pitt', 'brad.pitt@gmail.com', '555-7892', '2006-03-31', 5, 400000.00, 25, 218);
INSERT INTO dependents (dependent_id, first_name, last_name, relationship, employee_id) VALUES (283, 'Meryl', 'Streep', 'spouse', 96);
COMMIT;

-- INSERTING EMPLOYEE 97 --
BEGIN;
INSERT INTO employees (employee_id, first_name, last_name, email, phone_number, hire_date, job_id, salary,manager_id,department_id) VALUES (97, 'Diana', 'Prince', 'diana.prince@gmail.com', '555-3456', '1999-01-16', 59, 100000.00, 70, 657);
INSERT INTO dependents (dependent_id, first_name, last_name, relationship, employee_id) VALUES (284, 'Max', 'Planck', 'parent', 97);
INSERT INTO dependents (dependent_id, first_name, last_name, relationship, employee_id) VALUES (285, 'Alan', 'Turing', 'spouse', 97);
COMMIT;

-- DELETING EMPLOYEE 31 --
BEGIN;
UPDATE employees SET manager_id = 54 WHERE employee_id = 40;
UPDATE employees SET manager_id = 54 WHERE employee_id = 87;
DELETE FROM dependents WHERE employee_id = 31;
DELETE FROM employees WHERE employee_id = 31;
COMMIT;

-- INSERTING DEPENDENT 93 --
BEGIN;
INSERT INTO dependents (dependent_id, first_name, last_name, relationship, employee_id) VALUES (286, 'David', 'Hilbert', 'child', 93);
END;

-- INSERTING DEPENDENT 71 --
BEGIN;
INSERT INTO dependents (dependent_id, first_name, last_name, relationship, employee_id) VALUES (287, 'James', 'Dean', 'child', 71);
END;

-- INSERTING DEPENDENT 76 --
BEGIN;
INSERT INTO dependents (dependent_id, first_name, last_name, relationship, employee_id) VALUES (288, 'Emmy', 'Noether', 'spouse', 76);
END;

-- INSERTING DEPENDENT 72 --
BEGIN;
INSERT INTO dependents (dependent_id, first_name, last_name, relationship, employee_id) VALUES (289, 'Barbara', 'McClintock', 'child', 72);
END;

-- DELETING DEPENDENT 82 --
BEGIN;
DELETE FROM dependents WHERE dependent_id = 82;
COMMIT;

-- UPDATING EMPLOYEE SALARY 17 --
BEGIN;
UPDATE employees SET salary = salary + 4300 WHERE employee_id = 17;
COMMIT;

-- UPDATING EMPLOYEE SALARY 30 --
BEGIN;
UPDATE employees SET salary = salary + 9677 WHERE employee_id = 30;
COMMIT;

-- UPDATING EMPLOYEE SALARY 83 --
BEGIN;
UPDATE employees SET salary = salary + 1497 WHERE employee_id = 83;
COMMIT;

-- UPDATING EMPLOYEE SALARY 70 --
BEGIN;
UPDATE employees SET salary = salary + 7147 WHERE employee_id = 70;
COMMIT;

-- UPDATING EMPLOYEE SALARY 26 --
BEGIN;
UPDATE employees SET salary = salary + 2569 WHERE employee_id = 26;
COMMIT;

-- UPDATING EMPLOYEE SALARY 41 --
BEGIN;
UPDATE employees SET salary = salary + 6261 WHERE employee_id = 41;
COMMIT;

-- UPDATING EMPLOYEE SALARY 70 --
BEGIN;
UPDATE employees SET salary = salary + 2257 WHERE employee_id = 70;
COMMIT;

-- UPDATING EMPLOYEE SALARY 94 --
BEGIN;
UPDATE employees SET salary = salary + 5433 WHERE employee_id = 94;
COMMIT;

-- UPDATING EMPLOYEE SALARY 71 --
BEGIN;
UPDATE employees SET salary = salary + 3549 WHERE employee_id = 71;
COMMIT;

-- UPDATING EMPLOYEE SALARY 22 --
BEGIN;
UPDATE employees SET salary = salary + 7390 WHERE employee_id = 22;
COMMIT;

-- UPDATING EMPLOYEE SALARY 90 --
BEGIN;
UPDATE employees SET salary = salary + 6815 WHERE employee_id = 90;
COMMIT;

-- UPDATING EMPLOYEE SALARY 37 --
BEGIN;
UPDATE employees SET salary = salary + 5278 WHERE employee_id = 37;
COMMIT;

-- UPDATING EMPLOYEE SALARY 54 --
BEGIN;
UPDATE employees SET salary = salary + 8468 WHERE employee_id = 54;
COMMIT;

-- UPDATING EMPLOYEE SALARY 96 --
BEGIN;
UPDATE employees SET salary = salary + 8763 WHERE employee_id = 96;
COMMIT;

-- UPDATING EMPLOYEE SALARY 71 --
BEGIN;
UPDATE employees SET salary = salary + 6154 WHERE employee_id = 71;
COMMIT;

-- UPDATING EMPLOYEE SALARY 60 --
BEGIN;
UPDATE employees SET salary = salary + 4295 WHERE employee_id = 60;
COMMIT;

-- UPDATING EMPLOYEE SALARY 73 --
BEGIN;
UPDATE employees SET salary = salary + 6395 WHERE employee_id = 73;
COMMIT;

-- UPDATING EMPLOYEE SALARY 76 --
BEGIN;
UPDATE employees SET salary = salary + 11 WHERE employee_id = 76;
COMMIT;

-- UPDATING EMPLOYEE SALARY 6 --
BEGIN;
UPDATE employees SET salary = salary + 2366 WHERE employee_id = 6;
COMMIT;

-- UPDATING EMPLOYEE SALARY 14 --
BEGIN;
UPDATE employees SET salary = salary + 1505 WHERE employee_id = 14;
COMMIT;

-- UPDATING EMPLOYEE SALARY 44 --
BEGIN;
UPDATE employees SET salary = salary + 8777 WHERE employee_id = 44;
COMMIT;

-- UPDATING EMPLOYEE SALARY 11 --
BEGIN;
UPDATE employees SET salary = salary + 6693 WHERE employee_id = 11;
COMMIT;

-- UPDATING EMPLOYEE SALARY 30 --
BEGIN;
UPDATE employees SET salary = salary + 6830 WHERE employee_id = 30;
COMMIT;

-- UPDATING EMPLOYEE SALARY 67 --
BEGIN;
UPDATE employees SET salary = salary + 5633 WHERE employee_id = 67;
COMMIT;

-- UPDATING EMPLOYEE SALARY 53 --
BEGIN;
UPDATE employees SET salary = salary + 6554 WHERE employee_id = 53;
COMMIT;

-- UPDATING EMPLOYEE SALARY 61 --
BEGIN;
UPDATE employees SET salary = salary + 7633 WHERE employee_id = 61;
COMMIT;

-- UPDATING EMPLOYEE SALARY 65 --
BEGIN;
UPDATE employees SET salary = salary + 7064 WHERE employee_id = 65;
COMMIT;

-- UPDATING EMPLOYEE SALARY 81 --
BEGIN;
UPDATE employees SET salary = salary + 5193 WHERE employee_id = 81;
COMMIT;

-- UPDATING EMPLOYEE SALARY 27 --
BEGIN;
UPDATE employees SET salary = salary + 949 WHERE employee_id = 27;
COMMIT;

-- UPDATING EMPLOYEE SALARY 54 --
BEGIN;
UPDATE employees SET salary = salary + 825 WHERE employee_id = 54;
COMMIT;

-- UPDATING EMPLOYEE SALARY 41 --
BEGIN;
UPDATE employees SET salary = salary + 8232 WHERE employee_id = 41;
COMMIT;

-- UPDATING EMPLOYEE SALARY 93 --
BEGIN;
UPDATE employees SET salary = salary + 8869 WHERE employee_id = 93;
COMMIT;

-- UPDATING EMPLOYEE SALARY 73 --
BEGIN;
UPDATE employees SET salary = salary + 1151 WHERE employee_id = 73;
COMMIT;

-- UPDATING EMPLOYEE SALARY 73 --
BEGIN;
UPDATE employees SET salary = salary + 2974 WHERE employee_id = 73;
COMMIT;

-- UPDATING EMPLOYEE SALARY 79 --
BEGIN;
UPDATE employees SET salary = salary + 8340 WHERE employee_id = 79;
COMMIT;

-- UPDATING EMPLOYEE SALARY 1 --
BEGIN;
UPDATE employees SET salary = salary + 9881 WHERE employee_id = 1;
COMMIT;

-- UPDATING EMPLOYEE SALARY 36 --
BEGIN;
UPDATE employees SET salary = salary + 3232 WHERE employee_id = 36;
COMMIT;

-- UPDATING EMPLOYEE SALARY 26 --
BEGIN;
UPDATE employees SET salary = salary + 8270 WHERE employee_id = 26;
COMMIT;

-- UPDATING EMPLOYEE SALARY 88 --
BEGIN;
UPDATE employees SET salary = salary + 2989 WHERE employee_id = 88;
COMMIT;

-- UPDATING EMPLOYEE SALARY 28 --
BEGIN;
UPDATE employees SET salary = salary + 7552 WHERE employee_id = 28;
COMMIT;

-- UPDATING EMPLOYEE SALARY 68 --
BEGIN;
UPDATE employees SET salary = salary + 7329 WHERE employee_id = 68;
COMMIT;

-- UPDATING EMPLOYEE SALARY 79 --
BEGIN;
UPDATE employees SET salary = salary + 5172 WHERE employee_id = 79;
COMMIT;

-- UPDATING EMPLOYEE SALARY 1 --
BEGIN;
UPDATE employees SET salary = salary + 9607 WHERE employee_id = 1;
COMMIT;

-- UPDATING EMPLOYEE SALARY 97 --
BEGIN;
UPDATE employees SET salary = salary + 2368 WHERE employee_id = 97;
COMMIT;

-- UPDATING EMPLOYEE SALARY 92 --
BEGIN;
UPDATE employees SET salary = salary + 3089 WHERE employee_id = 92;
COMMIT;

-- UPDATING EMPLOYEE SALARY 65 --
BEGIN;
UPDATE employees SET salary = salary + 2888 WHERE employee_id = 65;
COMMIT;

-- UPDATING EMPLOYEE SALARY 9 --
BEGIN;
UPDATE employees SET salary = salary + 3564 WHERE employee_id = 9;
COMMIT;

-- UPDATING EMPLOYEE SALARY 28 --
BEGIN;
UPDATE employees SET salary = salary + 3630 WHERE employee_id = 28;
COMMIT;

-- UPDATING EMPLOYEE SALARY 89 --
BEGIN;
UPDATE employees SET salary = salary + 5138 WHERE employee_id = 89;
COMMIT;

-- UPDATING EMPLOYEE SALARY 60 --
BEGIN;
UPDATE employees SET salary = salary + 7913 WHERE employee_id = 60;
COMMIT;

-- UPDATING EMPLOYEE SALARY 64 --
BEGIN;
UPDATE employees SET salary = salary + 759 WHERE employee_id = 64;
COMMIT;

-- UPDATING EMPLOYEE SALARY 60 --
BEGIN;
UPDATE employees SET salary = salary + 5647 WHERE employee_id = 60;
COMMIT;

-- UPDATING EMPLOYEE SALARY 45 --
BEGIN;
UPDATE employees SET salary = salary + 4265 WHERE employee_id = 45;
COMMIT;

-- UPDATING EMPLOYEE SALARY 68 --
BEGIN;
UPDATE employees SET salary = salary + 9589 WHERE employee_id = 68;
COMMIT;

-- UPDATING EMPLOYEE SALARY 26 --
BEGIN;
UPDATE employees SET salary = salary + 9334 WHERE employee_id = 26;
COMMIT;

-- UPDATING EMPLOYEE SALARY 33 --
BEGIN;
UPDATE employees SET salary = salary + 9441 WHERE employee_id = 33;
COMMIT;

-- UPDATING EMPLOYEE SALARY 63 --
BEGIN;
UPDATE employees SET salary = salary + 9899 WHERE employee_id = 63;
COMMIT;

-- UPDATING EMPLOYEE SALARY 76 --
BEGIN;
UPDATE employees SET salary = salary + 1766 WHERE employee_id = 76;
COMMIT;

-- UPDATING EMPLOYEE SALARY 58 --
BEGIN;
UPDATE employees SET salary = salary + 4827 WHERE employee_id = 58;
COMMIT;

-- UPDATING EMPLOYEE SALARY 75 --
BEGIN;
UPDATE employees SET salary = salary + 1857 WHERE employee_id = 75;
COMMIT;

-- INSERTING EMPLOYEE 98 --
BEGIN;
INSERT INTO employees (employee_id, first_name, last_name, email, phone_number, hire_date, job_id, salary,manager_id,department_id) VALUES (98, 'Diana', 'Prince', 'diana.prince@gmail.com', '555-3456', '2021-01-30', 62, 100000.00, 17, 538);
INSERT INTO dependents (dependent_id, first_name, last_name, relationship, employee_id) VALUES (290, 'Oprah', 'Winfrey', 'spouse', 98);
INSERT INTO dependents (dependent_id, first_name, last_name, relationship, employee_id) VALUES (291, 'Chris', 'Evans', 'parent', 98);
INSERT INTO dependents (dependent_id, first_name, last_name, relationship, employee_id) VALUES (292, 'Emma', 'Stone', 'spouse', 98);
INSERT INTO dependents (dependent_id, first_name, last_name, relationship, employee_id) VALUES (293, 'Queen', 'Latifah', 'spouse', 98);
COMMIT;

-- INSERTING EMPLOYEE 99 --
BEGIN;
INSERT INTO employees (employee_id, first_name, last_name, email, phone_number, hire_date, job_id, salary,manager_id,department_id) VALUES (99, 'Alice', 'Johnson', 'alice.johnson@gmail.com', '555-8765', '1999-11-18', 7, 70000.00, 36, 52);
COMMIT;

-- INSERTING EMPLOYEE 100 --
BEGIN;
INSERT INTO employees (employee_id, first_name, last_name, email, phone_number, hire_date, job_id, salary,manager_id,department_id) VALUES (100, 'Bob', 'Brown', 'bob.brown@gmail.com', '555-4321', '2008-04-06', 33, 80000.00, 21, 284);
COMMIT;

-- INSERTING EMPLOYEE 101 --
BEGIN;
INSERT INTO employees (employee_id, first_name, last_name, email, phone_number, hire_date, job_id, salary,manager_id,department_id) VALUES (101, 'Zoe', 'Saldana', 'zoe.saldana@gmail.com', '555-5670', '2002-01-26', 13, 380000.00, 25, 399);
INSERT INTO dependents (dependent_id, first_name, last_name, relationship, employee_id) VALUES (294, 'Albert', 'Einstein', 'parent', 101);
COMMIT;

-- INSERTING EMPLOYEE 102 --
BEGIN;
INSERT INTO employees (employee_id, first_name, last_name, email, phone_number, hire_date, job_id, salary,manager_id,department_id) VALUES (102, 'Jared', 'Leto', 'jared.leto@gmail.com', '555-5670', '2023-12-20', 31, 480000.00, 75, 181);
INSERT INTO dependents (dependent_id, first_name, last_name, relationship, employee_id) VALUES (295, 'Grace', 'Hopper', 'spouse', 102);
COMMIT;

-- INSERTING DEPENDENT 83 --
BEGIN;
INSERT INTO dependents (dependent_id, first_name, last_name, relationship, employee_id) VALUES (296, 'Meryl', 'Streep', 'child', 83);
END;

-- INSERTING DEPENDENT 77 --
BEGIN;
INSERT INTO dependents (dependent_id, first_name, last_name, relationship, employee_id) VALUES (297, 'Frank', 'Sinatra', 'parent', 77);
END;

-- INSERTING DEPENDENT 27 --
BEGIN;
INSERT INTO dependents (dependent_id, first_name, last_name, relationship, employee_id) VALUES (298, 'James', 'Dean', 'spouse', 27);
END;

-- INSERTING DEPENDENT 1 --
BEGIN;
INSERT INTO dependents (dependent_id, first_name, last_name, relationship, employee_id) VALUES (299, 'Kate', 'Winslet', 'parent', 1);
END;

-- INSERTING DEPENDENT 37 --
BEGIN;
INSERT INTO dependents (dependent_id, first_name, last_name, relationship, employee_id) VALUES (300, 'Nikola', 'Tesla', 'child', 37);
END;

-- UPDATING EMPLOYEE SALARY 67 --
BEGIN;
UPDATE employees SET salary = salary + 2680 WHERE employee_id = 67;
COMMIT;

-- UPDATING EMPLOYEE SALARY 72 --
BEGIN;
UPDATE employees SET salary = salary + 7529 WHERE employee_id = 72;
COMMIT;

-- UPDATING EMPLOYEE SALARY 66 --
BEGIN;
UPDATE employees SET salary = salary + 8732 WHERE employee_id = 66;
COMMIT;

-- UPDATING EMPLOYEE SALARY 28 --
BEGIN;
UPDATE employees SET salary = salary + 9191 WHERE employee_id = 28;
COMMIT;

-- UPDATING EMPLOYEE SALARY 76 --
BEGIN;
UPDATE employees SET salary = salary + 969 WHERE employee_id = 76;
COMMIT;

-- UPDATING EMPLOYEE SALARY 6 --
BEGIN;
UPDATE employees SET salary = salary + 5531 WHERE employee_id = 6;
COMMIT;

-- UPDATING EMPLOYEE SALARY 52 --
BEGIN;
UPDATE employees SET salary = salary + 248 WHERE employee_id = 52;
COMMIT;

-- UPDATING EMPLOYEE SALARY 45 --
BEGIN;
UPDATE employees SET salary = salary + 5788 WHERE employee_id = 45;
COMMIT;

-- UPDATING EMPLOYEE SALARY 62 --
BEGIN;
UPDATE employees SET salary = salary + 5413 WHERE employee_id = 62;
COMMIT;

-- UPDATING EMPLOYEE SALARY 95 --
BEGIN;
UPDATE employees SET salary = salary + 8744 WHERE employee_id = 95;
COMMIT;

-- UPDATING EMPLOYEE SALARY 99 --
BEGIN;
UPDATE employees SET salary = salary + 7502 WHERE employee_id = 99;
COMMIT;

-- UPDATING EMPLOYEE SALARY 21 --
BEGIN;
UPDATE employees SET salary = salary + 3867 WHERE employee_id = 21;
COMMIT;

-- UPDATING EMPLOYEE SALARY 19 --
BEGIN;
UPDATE employees SET salary = salary + 9809 WHERE employee_id = 19;
COMMIT;

-- UPDATING EMPLOYEE SALARY 28 --
BEGIN;
UPDATE employees SET salary = salary + 1910 WHERE employee_id = 28;
COMMIT;

-- UPDATING EMPLOYEE SALARY 26 --
BEGIN;
UPDATE employees SET salary = salary + 6728 WHERE employee_id = 26;
COMMIT;

-- UPDATING EMPLOYEE SALARY 102 --
BEGIN;
UPDATE employees SET salary = salary + 6177 WHERE employee_id = 102;
COMMIT;

-- UPDATING EMPLOYEE SALARY 88 --
BEGIN;
UPDATE employees SET salary = salary + 1879 WHERE employee_id = 88;
COMMIT;

-- UPDATING EMPLOYEE SALARY 36 --
BEGIN;
UPDATE employees SET salary = salary + 516 WHERE employee_id = 36;
COMMIT;

-- UPDATING EMPLOYEE SALARY 50 --
BEGIN;
UPDATE employees SET salary = salary + 5770 WHERE employee_id = 50;
COMMIT;

-- UPDATING EMPLOYEE SALARY 1 --
BEGIN;
UPDATE employees SET salary = salary + 3195 WHERE employee_id = 1;
COMMIT;

-- UPDATING EMPLOYEE SALARY 77 --
BEGIN;
UPDATE employees SET salary = salary + 8453 WHERE employee_id = 77;
COMMIT;

-- UPDATING EMPLOYEE SALARY 82 --
BEGIN;
UPDATE employees SET salary = salary + 785 WHERE employee_id = 82;
COMMIT;

-- UPDATING EMPLOYEE SALARY 30 --
BEGIN;
UPDATE employees SET salary = salary + 4576 WHERE employee_id = 30;
COMMIT;

-- UPDATING EMPLOYEE SALARY 44 --
BEGIN;
UPDATE employees SET salary = salary + 3701 WHERE employee_id = 44;
COMMIT;

-- UPDATING EMPLOYEE SALARY 59 --
BEGIN;
UPDATE employees SET salary = salary + 9635 WHERE employee_id = 59;
COMMIT;

-- UPDATING EMPLOYEE SALARY 49 --
BEGIN;
UPDATE employees SET salary = salary + 134 WHERE employee_id = 49;
COMMIT;

-- UPDATING EMPLOYEE SALARY 27 --
BEGIN;
UPDATE employees SET salary = salary + 5892 WHERE employee_id = 27;
COMMIT;

-- UPDATING EMPLOYEE SALARY 34 --
BEGIN;
UPDATE employees SET salary = salary + 5783 WHERE employee_id = 34;
COMMIT;

-- UPDATING EMPLOYEE SALARY 74 --
BEGIN;
UPDATE employees SET salary = salary + 9866 WHERE employee_id = 74;
COMMIT;

-- UPDATING EMPLOYEE SALARY 74 --
BEGIN;
UPDATE employees SET salary = salary + 9428 WHERE employee_id = 74;
COMMIT;

-- UPDATING EMPLOYEE SALARY 17 --
BEGIN;
UPDATE employees SET salary = salary + 4060 WHERE employee_id = 17;
COMMIT;

-- UPDATING EMPLOYEE SALARY 46 --
BEGIN;
UPDATE employees SET salary = salary + 1878 WHERE employee_id = 46;
COMMIT;

-- UPDATING EMPLOYEE SALARY 95 --
BEGIN;
UPDATE employees SET salary = salary + 6730 WHERE employee_id = 95;
COMMIT;

-- UPDATING EMPLOYEE SALARY 96 --
BEGIN;
UPDATE employees SET salary = salary + 4704 WHERE employee_id = 96;
COMMIT;

-- UPDATING EMPLOYEE SALARY 21 --
BEGIN;
UPDATE employees SET salary = salary + 3521 WHERE employee_id = 21;
COMMIT;

-- UPDATING EMPLOYEE SALARY 85 --
BEGIN;
UPDATE employees SET salary = salary + 9395 WHERE employee_id = 85;
COMMIT;

-- UPDATING EMPLOYEE SALARY 26 --
BEGIN;
UPDATE employees SET salary = salary + 8825 WHERE employee_id = 26;
COMMIT;

-- UPDATING EMPLOYEE SALARY 33 --
BEGIN;
UPDATE employees SET salary = salary + 7887 WHERE employee_id = 33;
COMMIT;

-- UPDATING EMPLOYEE SALARY 22 --
BEGIN;
UPDATE employees SET salary = salary + 7625 WHERE employee_id = 22;
COMMIT;

-- UPDATING EMPLOYEE SALARY 58 --
BEGIN;
UPDATE employees SET salary = salary + 4516 WHERE employee_id = 58;
COMMIT;

-- UPDATING EMPLOYEE SALARY 101 --
BEGIN;
UPDATE employees SET salary = salary + 6992 WHERE employee_id = 101;
COMMIT;

-- UPDATING EMPLOYEE SALARY 67 --
BEGIN;
UPDATE employees SET salary = salary + 9924 WHERE employee_id = 67;
COMMIT;

-- UPDATING EMPLOYEE SALARY 96 --
BEGIN;
UPDATE employees SET salary = salary + 1326 WHERE employee_id = 96;
COMMIT;

-- UPDATING EMPLOYEE SALARY 100 --
BEGIN;
UPDATE employees SET salary = salary + 3377 WHERE employee_id = 100;
COMMIT;

-- UPDATING EMPLOYEE SALARY 38 --
BEGIN;
UPDATE employees SET salary = salary + 4201 WHERE employee_id = 38;
COMMIT;

-- UPDATING EMPLOYEE SALARY 49 --
BEGIN;
UPDATE employees SET salary = salary + 6933 WHERE employee_id = 49;
COMMIT;

-- UPDATING EMPLOYEE SALARY 60 --
BEGIN;
UPDATE employees SET salary = salary + 2726 WHERE employee_id = 60;
COMMIT;

-- UPDATING EMPLOYEE SALARY 76 --
BEGIN;
UPDATE employees SET salary = salary + 3090 WHERE employee_id = 76;
COMMIT;

-- UPDATING EMPLOYEE SALARY 9 --
BEGIN;
UPDATE employees SET salary = salary + 8603 WHERE employee_id = 9;
COMMIT;

-- UPDATING EMPLOYEE SALARY 44 --
BEGIN;
UPDATE employees SET salary = salary + 4415 WHERE employee_id = 44;
COMMIT;

-- UPDATING EMPLOYEE SALARY 60 --
BEGIN;
UPDATE employees SET salary = salary + 5794 WHERE employee_id = 60;
COMMIT;

-- UPDATING EMPLOYEE SALARY 95 --
BEGIN;
UPDATE employees SET salary = salary + 7011 WHERE employee_id = 95;
COMMIT;

-- UPDATING EMPLOYEE SALARY 72 --
BEGIN;
UPDATE employees SET salary = salary + 2075 WHERE employee_id = 72;
COMMIT;

-- UPDATING EMPLOYEE SALARY 98 --
BEGIN;
UPDATE employees SET salary = salary + 1295 WHERE employee_id = 98;
COMMIT;

-- UPDATING EMPLOYEE SALARY 22 --
BEGIN;
UPDATE employees SET salary = salary + 3634 WHERE employee_id = 22;
COMMIT;

-- UPDATING EMPLOYEE SALARY 30 --
BEGIN;
UPDATE employees SET salary = salary + 8867 WHERE employee_id = 30;
COMMIT;

-- UPDATING EMPLOYEE SALARY 39 --
BEGIN;
UPDATE employees SET salary = salary + 4816 WHERE employee_id = 39;
COMMIT;

-- UPDATING EMPLOYEE SALARY 62 --
BEGIN;
UPDATE employees SET salary = salary + 4338 WHERE employee_id = 62;
COMMIT;

-- INSERTING EMPLOYEE 103 --
BEGIN;
INSERT INTO employees (employee_id, first_name, last_name, email, phone_number, hire_date, job_id, salary,manager_id,department_id) VALUES (103, 'Rihanna', 'Black', 'rihanna.black@gmail.com', '555-1235', '2000-08-22', 31, 240000.00, 62, 558);
COMMIT;

-- INSERTING DEPENDENT 30 --
BEGIN;
INSERT INTO dependents (dependent_id, first_name, last_name, relationship, employee_id) VALUES (301, 'Katherine', 'Johnson', 'child', 30);
END;

-- UPDATING EMPLOYEE SALARY 52 --
BEGIN;
UPDATE employees SET salary = salary + 6561 WHERE employee_id = 52;
COMMIT;

-- UPDATING EMPLOYEE SALARY 70 --
BEGIN;
UPDATE employees SET salary = salary + 8436 WHERE employee_id = 70;
COMMIT;

-- UPDATING EMPLOYEE SALARY 88 --
BEGIN;
UPDATE employees SET salary = salary + 3784 WHERE employee_id = 88;
COMMIT;

-- UPDATING EMPLOYEE SALARY 81 --
BEGIN;
UPDATE employees SET salary = salary + 1310 WHERE employee_id = 81;
COMMIT;

-- UPDATING EMPLOYEE SALARY 62 --
BEGIN;
UPDATE employees SET salary = salary + 6818 WHERE employee_id = 62;
COMMIT;

-- UPDATING EMPLOYEE SALARY 28 --
BEGIN;
UPDATE employees SET salary = salary + 8447 WHERE employee_id = 28;
COMMIT;

-- UPDATING EMPLOYEE SALARY 9 --
BEGIN;
UPDATE employees SET salary = salary + 4882 WHERE employee_id = 9;
COMMIT;

-- UPDATING EMPLOYEE SALARY 75 --
BEGIN;
UPDATE employees SET salary = salary + 6709 WHERE employee_id = 75;
COMMIT;

-- UPDATING EMPLOYEE SALARY 62 --
BEGIN;
UPDATE employees SET salary = salary + 461 WHERE employee_id = 62;
COMMIT;

-- UPDATING EMPLOYEE SALARY 80 --
BEGIN;
UPDATE employees SET salary = salary + 9883 WHERE employee_id = 80;
COMMIT;

-- UPDATING EMPLOYEE SALARY 50 --
BEGIN;
UPDATE employees SET salary = salary + 434 WHERE employee_id = 50;
COMMIT;

-- UPDATING EMPLOYEE SALARY 75 --
BEGIN;
UPDATE employees SET salary = salary + 1334 WHERE employee_id = 75;
COMMIT;

-- UPDATING EMPLOYEE SALARY 19 --
BEGIN;
UPDATE employees SET salary = salary + 6078 WHERE employee_id = 19;
COMMIT;

-- UPDATING EMPLOYEE SALARY 70 --
BEGIN;
UPDATE employees SET salary = salary + 9870 WHERE employee_id = 70;
COMMIT;

-- UPDATING EMPLOYEE SALARY 46 --
BEGIN;
UPDATE employees SET salary = salary + 9033 WHERE employee_id = 46;
COMMIT;

-- UPDATING EMPLOYEE SALARY 93 --
BEGIN;
UPDATE employees SET salary = salary + 2161 WHERE employee_id = 93;
COMMIT;

-- UPDATING EMPLOYEE SALARY 46 --
BEGIN;
UPDATE employees SET salary = salary + 9077 WHERE employee_id = 46;
COMMIT;

-- UPDATING EMPLOYEE SALARY 99 --
BEGIN;
UPDATE employees SET salary = salary + 2558 WHERE employee_id = 99;
COMMIT;

-- UPDATING EMPLOYEE SALARY 68 --
BEGIN;
UPDATE employees SET salary = salary + 599 WHERE employee_id = 68;
COMMIT;

-- UPDATING EMPLOYEE SALARY 30 --
BEGIN;
UPDATE employees SET salary = salary + 9306 WHERE employee_id = 30;
COMMIT;

-- UPDATING EMPLOYEE SALARY 101 --
BEGIN;
UPDATE employees SET salary = salary + 66 WHERE employee_id = 101;
COMMIT;

-- UPDATING EMPLOYEE SALARY 39 --
BEGIN;
UPDATE employees SET salary = salary + 54 WHERE employee_id = 39;
COMMIT;

-- UPDATING EMPLOYEE SALARY 28 --
BEGIN;
UPDATE employees SET salary = salary + 4834 WHERE employee_id = 28;
COMMIT;

-- UPDATING EMPLOYEE SALARY 72 --
BEGIN;
UPDATE employees SET salary = salary + 4297 WHERE employee_id = 72;
COMMIT;

-- UPDATING EMPLOYEE SALARY 19 --
BEGIN;
UPDATE employees SET salary = salary + 5496 WHERE employee_id = 19;
COMMIT;

-- UPDATING EMPLOYEE SALARY 39 --
BEGIN;
UPDATE employees SET salary = salary + 458 WHERE employee_id = 39;
COMMIT;

-- UPDATING EMPLOYEE SALARY 64 --
BEGIN;
UPDATE employees SET salary = salary + 5253 WHERE employee_id = 64;
COMMIT;

-- UPDATING EMPLOYEE SALARY 58 --
BEGIN;
UPDATE employees SET salary = salary + 6548 WHERE employee_id = 58;
COMMIT;

-- UPDATING EMPLOYEE SALARY 85 --
BEGIN;
UPDATE employees SET salary = salary + 1607 WHERE employee_id = 85;
COMMIT;

-- UPDATING EMPLOYEE SALARY 87 --
BEGIN;
UPDATE employees SET salary = salary + 8686 WHERE employee_id = 87;
COMMIT;

-- UPDATING EMPLOYEE SALARY 37 --
BEGIN;
UPDATE employees SET salary = salary + 5900 WHERE employee_id = 37;
COMMIT;

-- UPDATING EMPLOYEE SALARY 95 --
BEGIN;
UPDATE employees SET salary = salary + 8455 WHERE employee_id = 95;
COMMIT;

-- UPDATING EMPLOYEE SALARY 68 --
BEGIN;
UPDATE employees SET salary = salary + 3189 WHERE employee_id = 68;
COMMIT;

-- UPDATING EMPLOYEE SALARY 96 --
BEGIN;
UPDATE employees SET salary = salary + 787 WHERE employee_id = 96;
COMMIT;

-- UPDATING EMPLOYEE SALARY 92 --
BEGIN;
UPDATE employees SET salary = salary + 1495 WHERE employee_id = 92;
COMMIT;

-- UPDATING EMPLOYEE SALARY 14 --
BEGIN;
UPDATE employees SET salary = salary + 9584 WHERE employee_id = 14;
COMMIT;

-- UPDATING EMPLOYEE SALARY 33 --
BEGIN;
UPDATE employees SET salary = salary + 2924 WHERE employee_id = 33;
COMMIT;

-- UPDATING EMPLOYEE SALARY 67 --
BEGIN;
UPDATE employees SET salary = salary + 1491 WHERE employee_id = 67;
COMMIT;

-- UPDATING EMPLOYEE SALARY 39 --
BEGIN;
UPDATE employees SET salary = salary + 4984 WHERE employee_id = 39;
COMMIT;

-- UPDATING EMPLOYEE SALARY 94 --
BEGIN;
UPDATE employees SET salary = salary + 6043 WHERE employee_id = 94;
COMMIT;

-- UPDATING EMPLOYEE SALARY 33 --
BEGIN;
UPDATE employees SET salary = salary + 826 WHERE employee_id = 33;
COMMIT;

-- UPDATING EMPLOYEE SALARY 22 --
BEGIN;
UPDATE employees SET salary = salary + 9815 WHERE employee_id = 22;
COMMIT;

-- UPDATING EMPLOYEE SALARY 83 --
BEGIN;
UPDATE employees SET salary = salary + 2453 WHERE employee_id = 83;
COMMIT;

-- UPDATING EMPLOYEE SALARY 45 --
BEGIN;
UPDATE employees SET salary = salary + 7117 WHERE employee_id = 45;
COMMIT;

-- UPDATING EMPLOYEE SALARY 96 --
BEGIN;
UPDATE employees SET salary = salary + 6081 WHERE employee_id = 96;
COMMIT;

-- UPDATING EMPLOYEE SALARY 10 --
BEGIN;
UPDATE employees SET salary = salary + 7886 WHERE employee_id = 10;
COMMIT;

-- UPDATING EMPLOYEE SALARY 65 --
BEGIN;
UPDATE employees SET salary = salary + 3117 WHERE employee_id = 65;
COMMIT;

-- UPDATING EMPLOYEE SALARY 14 --
BEGIN;
UPDATE employees SET salary = salary + 3697 WHERE employee_id = 14;
COMMIT;

-- UPDATING EMPLOYEE SALARY 59 --
BEGIN;
UPDATE employees SET salary = salary + 8050 WHERE employee_id = 59;
COMMIT;

-- UPDATING EMPLOYEE SALARY 79 --
BEGIN;
UPDATE employees SET salary = salary + 1890 WHERE employee_id = 79;
COMMIT;

-- UPDATING EMPLOYEE SALARY 17 --
BEGIN;
UPDATE employees SET salary = salary + 2608 WHERE employee_id = 17;
COMMIT;

-- UPDATING EMPLOYEE SALARY 52 --
BEGIN;
UPDATE employees SET salary = salary + 137 WHERE employee_id = 52;
COMMIT;

-- UPDATING EMPLOYEE SALARY 21 --
BEGIN;
UPDATE employees SET salary = salary + 8925 WHERE employee_id = 21;
COMMIT;

-- UPDATING EMPLOYEE SALARY 21 --
BEGIN;
UPDATE employees SET salary = salary + 7209 WHERE employee_id = 21;
COMMIT;

-- UPDATING EMPLOYEE SALARY 98 --
BEGIN;
UPDATE employees SET salary = salary + 161 WHERE employee_id = 98;
COMMIT;

-- UPDATING EMPLOYEE SALARY 10 --
BEGIN;
UPDATE employees SET salary = salary + 8894 WHERE employee_id = 10;
COMMIT;

-- UPDATING EMPLOYEE SALARY 17 --
BEGIN;
UPDATE employees SET salary = salary + 3790 WHERE employee_id = 17;
COMMIT;

-- UPDATING EMPLOYEE SALARY 39 --
BEGIN;
UPDATE employees SET salary = salary + 2907 WHERE employee_id = 39;
COMMIT;

-- UPDATING EMPLOYEE SALARY 10 --
BEGIN;
UPDATE employees SET salary = salary + 4526 WHERE employee_id = 10;
COMMIT;

-- UPDATING EMPLOYEE SALARY 27 --
BEGIN;
UPDATE employees SET salary = salary + 9101 WHERE employee_id = 27;
COMMIT;

-- UPDATING EMPLOYEE SALARY 79 --
BEGIN;
UPDATE employees SET salary = salary + 6352 WHERE employee_id = 79;
COMMIT;

-- UPDATING EMPLOYEE SALARY 92 --
BEGIN;
UPDATE employees SET salary = salary + 4919 WHERE employee_id = 92;
COMMIT;

-- UPDATING EMPLOYEE SALARY 50 --
BEGIN;
UPDATE employees SET salary = salary + 4211 WHERE employee_id = 50;
COMMIT;

-- UPDATING EMPLOYEE SALARY 14 --
BEGIN;
UPDATE employees SET salary = salary + 2247 WHERE employee_id = 14;
COMMIT;

-- UPDATING EMPLOYEE SALARY 69 --
BEGIN;
UPDATE employees SET salary = salary + 4244 WHERE employee_id = 69;
COMMIT;

-- UPDATING EMPLOYEE SALARY 22 --
BEGIN;
UPDATE employees SET salary = salary + 9574 WHERE employee_id = 22;
COMMIT;

-- INSERTING EMPLOYEE 104 --
BEGIN;
INSERT INTO employees (employee_id, first_name, last_name, email, phone_number, hire_date, job_id, salary,manager_id,department_id) VALUES (104, 'Mia', 'Wallace', 'mia.wallace@gmail.com', '555-6780', '1992-08-19', 55, 190000.00, 27, 160);
INSERT INTO dependents (dependent_id, first_name, last_name, relationship, employee_id) VALUES (302, 'Stephen', 'Hawking', 'spouse', 104);
COMMIT;

-- INSERTING EMPLOYEE 105 --
BEGIN;
INSERT INTO employees (employee_id, first_name, last_name, email, phone_number, hire_date, job_id, salary,manager_id,department_id) VALUES (105, 'Kate', 'Winslet', 'kate.winslet@gmail.com', '555-6781', '1996-09-22', 55, 490000.00, 58, 628);
INSERT INTO dependents (dependent_id, first_name, last_name, relationship, employee_id) VALUES (303, 'Maria', 'Mayer', 'parent', 105);
INSERT INTO dependents (dependent_id, first_name, last_name, relationship, employee_id) VALUES (304, 'Ada', 'Lovelace', 'spouse', 105);
INSERT INTO dependents (dependent_id, first_name, last_name, relationship, employee_id) VALUES (305, 'Barbara', 'McClintock', 'spouse', 105);
INSERT INTO dependents (dependent_id, first_name, last_name, relationship, employee_id) VALUES (306, 'Carl', 'Sagan', 'spouse', 105);
COMMIT;

-- INSERTING EMPLOYEE 106 --
BEGIN;
INSERT INTO employees (employee_id, first_name, last_name, email, phone_number, hire_date, job_id, salary,manager_id,department_id) VALUES (106, 'Bob', 'Brown', 'bob.brown@gmail.com', '555-4321', '2018-06-29', 40, 80000.00, 102, 444);
INSERT INTO dependents (dependent_id, first_name, last_name, relationship, employee_id) VALUES (307, 'Carl', 'Sagan', 'parent', 106);
INSERT INTO dependents (dependent_id, first_name, last_name, relationship, employee_id) VALUES (308, 'Chris', 'Evans', 'parent', 106);
INSERT INTO dependents (dependent_id, first_name, last_name, relationship, employee_id) VALUES (309, 'Paul', 'Newman', 'parent', 106);
INSERT INTO dependents (dependent_id, first_name, last_name, relationship, employee_id) VALUES (310, 'Queen', 'Latifah', 'parent', 106);
COMMIT;

-- INSERTING EMPLOYEE 107 --
BEGIN;
INSERT INTO employees (employee_id, first_name, last_name, email, phone_number, hire_date, job_id, salary,manager_id,department_id) VALUES (107, 'Jane', 'Smith', 'jane.smith@gmail.com', '555-5678', '1990-08-15', 9, 60000.00, 63, 529);
INSERT INTO dependents (dependent_id, first_name, last_name, relationship, employee_id) VALUES (311, 'Neil', 'Armstrong', 'child', 107);
COMMIT;

-- INSERTING DEPENDENT 88 --
BEGIN;
INSERT INTO dependents (dependent_id, first_name, last_name, relationship, employee_id) VALUES (312, 'Lise', 'Meitner', 'parent', 88);
END;

-- INSERTING DEPENDENT 22 --
BEGIN;
INSERT INTO dependents (dependent_id, first_name, last_name, relationship, employee_id) VALUES (313, 'James', 'Maxwell', 'child', 22);
END;

-- INSERTING DEPENDENT 61 --
BEGIN;
INSERT INTO dependents (dependent_id, first_name, last_name, relationship, employee_id) VALUES (314, 'Neil', 'Armstrong', 'parent', 61);
END;

-- INSERTING DEPENDENT 44 --
BEGIN;
INSERT INTO dependents (dependent_id, first_name, last_name, relationship, employee_id) VALUES (315, 'Max', 'Planck', 'spouse', 44);
END;

-- UPDATING EMPLOYEE SALARY 19 --
BEGIN;
UPDATE employees SET salary = salary + 476 WHERE employee_id = 19;
COMMIT;

-- UPDATING EMPLOYEE SALARY 35 --
BEGIN;
UPDATE employees SET salary = salary + 1853 WHERE employee_id = 35;
COMMIT;

-- UPDATING EMPLOYEE SALARY 63 --
BEGIN;
UPDATE employees SET salary = salary + 4887 WHERE employee_id = 63;
COMMIT;

-- UPDATING EMPLOYEE SALARY 71 --
BEGIN;
UPDATE employees SET salary = salary + 1242 WHERE employee_id = 71;
COMMIT;

-- UPDATING EMPLOYEE SALARY 71 --
BEGIN;
UPDATE employees SET salary = salary + 6103 WHERE employee_id = 71;
COMMIT;

-- UPDATING EMPLOYEE SALARY 72 --
BEGIN;
UPDATE employees SET salary = salary + 8389 WHERE employee_id = 72;
COMMIT;

-- UPDATING EMPLOYEE SALARY 89 --
BEGIN;
UPDATE employees SET salary = salary + 6913 WHERE employee_id = 89;
COMMIT;

-- UPDATING EMPLOYEE SALARY 104 --
BEGIN;
UPDATE employees SET salary = salary + 7521 WHERE employee_id = 104;
COMMIT;

-- UPDATING EMPLOYEE SALARY 106 --
BEGIN;
UPDATE employees SET salary = salary + 2206 WHERE employee_id = 106;
COMMIT;

-- UPDATING EMPLOYEE SALARY 45 --
BEGIN;
UPDATE employees SET salary = salary + 8116 WHERE employee_id = 45;
COMMIT;

-- UPDATING EMPLOYEE SALARY 80 --
BEGIN;
UPDATE employees SET salary = salary + 704 WHERE employee_id = 80;
COMMIT;

-- UPDATING EMPLOYEE SALARY 36 --
BEGIN;
UPDATE employees SET salary = salary + 6465 WHERE employee_id = 36;
COMMIT;

-- UPDATING EMPLOYEE SALARY 26 --
BEGIN;
UPDATE employees SET salary = salary + 5077 WHERE employee_id = 26;
COMMIT;

-- UPDATING EMPLOYEE SALARY 41 --
BEGIN;
UPDATE employees SET salary = salary + 3721 WHERE employee_id = 41;
COMMIT;

-- UPDATING EMPLOYEE SALARY 104 --
BEGIN;
UPDATE employees SET salary = salary + 7745 WHERE employee_id = 104;
COMMIT;

-- UPDATING EMPLOYEE SALARY 76 --
BEGIN;
UPDATE employees SET salary = salary + 6201 WHERE employee_id = 76;
COMMIT;

-- UPDATING EMPLOYEE SALARY 98 --
BEGIN;
UPDATE employees SET salary = salary + 9048 WHERE employee_id = 98;
COMMIT;

-- UPDATING EMPLOYEE SALARY 77 --
BEGIN;
UPDATE employees SET salary = salary + 5413 WHERE employee_id = 77;
COMMIT;

-- UPDATING EMPLOYEE SALARY 65 --
BEGIN;
UPDATE employees SET salary = salary + 1261 WHERE employee_id = 65;
COMMIT;

-- UPDATING EMPLOYEE SALARY 106 --
BEGIN;
UPDATE employees SET salary = salary + 8122 WHERE employee_id = 106;
COMMIT;

-- UPDATING EMPLOYEE SALARY 41 --
BEGIN;
UPDATE employees SET salary = salary + 830 WHERE employee_id = 41;
COMMIT;

-- UPDATING EMPLOYEE SALARY 71 --
BEGIN;
UPDATE employees SET salary = salary + 7077 WHERE employee_id = 71;
COMMIT;

-- UPDATING EMPLOYEE SALARY 77 --
BEGIN;
UPDATE employees SET salary = salary + 4308 WHERE employee_id = 77;
COMMIT;

-- UPDATING EMPLOYEE SALARY 14 --
BEGIN;
UPDATE employees SET salary = salary + 980 WHERE employee_id = 14;
COMMIT;

-- UPDATING EMPLOYEE SALARY 70 --
BEGIN;
UPDATE employees SET salary = salary + 9456 WHERE employee_id = 70;
COMMIT;

-- UPDATING EMPLOYEE SALARY 14 --
BEGIN;
UPDATE employees SET salary = salary + 4319 WHERE employee_id = 14;
COMMIT;

-- UPDATING EMPLOYEE SALARY 41 --
BEGIN;
UPDATE employees SET salary = salary + 611 WHERE employee_id = 41;
COMMIT;

-- UPDATING EMPLOYEE SALARY 83 --
BEGIN;
UPDATE employees SET salary = salary + 8987 WHERE employee_id = 83;
COMMIT;

-- UPDATING EMPLOYEE SALARY 73 --
BEGIN;
UPDATE employees SET salary = salary + 7966 WHERE employee_id = 73;
COMMIT;

-- UPDATING EMPLOYEE SALARY 64 --
BEGIN;
UPDATE employees SET salary = salary + 7426 WHERE employee_id = 64;
COMMIT;

-- UPDATING EMPLOYEE SALARY 50 --
BEGIN;
UPDATE employees SET salary = salary + 4865 WHERE employee_id = 50;
COMMIT;

-- UPDATING EMPLOYEE SALARY 59 --
BEGIN;
UPDATE employees SET salary = salary + 5174 WHERE employee_id = 59;
COMMIT;

-- UPDATING EMPLOYEE SALARY 62 --
BEGIN;
UPDATE employees SET salary = salary + 4397 WHERE employee_id = 62;
COMMIT;

-- UPDATING EMPLOYEE SALARY 58 --
BEGIN;
UPDATE employees SET salary = salary + 6175 WHERE employee_id = 58;
COMMIT;

-- UPDATING EMPLOYEE SALARY 45 --
BEGIN;
UPDATE employees SET salary = salary + 5192 WHERE employee_id = 45;
COMMIT;

-- UPDATING EMPLOYEE SALARY 82 --
BEGIN;
UPDATE employees SET salary = salary + 2984 WHERE employee_id = 82;
COMMIT;

-- UPDATING EMPLOYEE SALARY 106 --
BEGIN;
UPDATE employees SET salary = salary + 5597 WHERE employee_id = 106;
COMMIT;

-- UPDATING EMPLOYEE SALARY 99 --
BEGIN;
UPDATE employees SET salary = salary + 230 WHERE employee_id = 99;
COMMIT;

-- UPDATING EMPLOYEE SALARY 75 --
BEGIN;
UPDATE employees SET salary = salary + 3903 WHERE employee_id = 75;
COMMIT;

-- UPDATING EMPLOYEE SALARY 86 --
BEGIN;
UPDATE employees SET salary = salary + 5901 WHERE employee_id = 86;
COMMIT;

-- UPDATING EMPLOYEE SALARY 98 --
BEGIN;
UPDATE employees SET salary = salary + 3465 WHERE employee_id = 98;
COMMIT;

-- UPDATING EMPLOYEE SALARY 64 --
BEGIN;
UPDATE employees SET salary = salary + 2225 WHERE employee_id = 64;
COMMIT;

-- UPDATING EMPLOYEE SALARY 80 --
BEGIN;
UPDATE employees SET salary = salary + 6064 WHERE employee_id = 80;
COMMIT;

-- UPDATING EMPLOYEE SALARY 33 --
BEGIN;
UPDATE employees SET salary = salary + 1588 WHERE employee_id = 33;
COMMIT;

-- UPDATING EMPLOYEE SALARY 54 --
BEGIN;
UPDATE employees SET salary = salary + 9811 WHERE employee_id = 54;
COMMIT;

-- UPDATING EMPLOYEE SALARY 60 --
BEGIN;
UPDATE employees SET salary = salary + 6277 WHERE employee_id = 60;
COMMIT;

-- UPDATING EMPLOYEE SALARY 90 --
BEGIN;
UPDATE employees SET salary = salary + 6379 WHERE employee_id = 90;
COMMIT;

-- UPDATING EMPLOYEE SALARY 21 --
BEGIN;
UPDATE employees SET salary = salary + 4864 WHERE employee_id = 21;
COMMIT;

-- UPDATING EMPLOYEE SALARY 83 --
BEGIN;
UPDATE employees SET salary = salary + 2757 WHERE employee_id = 83;
COMMIT;

-- UPDATING EMPLOYEE SALARY 97 --
BEGIN;
UPDATE employees SET salary = salary + 3905 WHERE employee_id = 97;
COMMIT;

-- UPDATING EMPLOYEE SALARY 80 --
BEGIN;
UPDATE employees SET salary = salary + 302 WHERE employee_id = 80;
COMMIT;

-- UPDATING EMPLOYEE SALARY 98 --
BEGIN;
UPDATE employees SET salary = salary + 3983 WHERE employee_id = 98;
COMMIT;

-- UPDATING EMPLOYEE SALARY 79 --
BEGIN;
UPDATE employees SET salary = salary + 3193 WHERE employee_id = 79;
COMMIT;

-- UPDATING EMPLOYEE SALARY 21 --
BEGIN;
UPDATE employees SET salary = salary + 9052 WHERE employee_id = 21;
COMMIT;

-- UPDATING EMPLOYEE SALARY 102 --
BEGIN;
UPDATE employees SET salary = salary + 9365 WHERE employee_id = 102;
COMMIT;

-- UPDATING EMPLOYEE SALARY 58 --
BEGIN;
UPDATE employees SET salary = salary + 2322 WHERE employee_id = 58;
COMMIT;

-- UPDATING EMPLOYEE SALARY 105 --
BEGIN;
UPDATE employees SET salary = salary + 2995 WHERE employee_id = 105;
COMMIT;

-- UPDATING EMPLOYEE SALARY 41 --
BEGIN;
UPDATE employees SET salary = salary + 7670 WHERE employee_id = 41;
COMMIT;

-- UPDATING EMPLOYEE SALARY 28 --
BEGIN;
UPDATE employees SET salary = salary + 6363 WHERE employee_id = 28;
COMMIT;

-- INSERTING EMPLOYEE 108 --
BEGIN;
INSERT INTO employees (employee_id, first_name, last_name, email, phone_number, hire_date, job_id, salary,manager_id,department_id) VALUES (108, 'John', 'Doe', 'john.doe@gmail.com', '555-1234', '1995-02-23', 57, 55000.00, 92, 57);
INSERT INTO dependents (dependent_id, first_name, last_name, relationship, employee_id) VALUES (316, 'Rachel', 'Carson', 'child', 108);
COMMIT;

-- INSERTING EMPLOYEE 109 --
BEGIN;
INSERT INTO employees (employee_id, first_name, last_name, email, phone_number, hire_date, job_id, salary,manager_id,department_id) VALUES (109, 'Isla', 'Fisher', 'isla.fisher@gmail.com', '555-4569', '2010-01-03', 4, 470000.00, 25, 77);
COMMIT;

-- INSERTING EMPLOYEE 110 --
BEGIN;
INSERT INTO employees (employee_id, first_name, last_name, email, phone_number, hire_date, job_id, salary,manager_id,department_id) VALUES (110, 'Natalie', 'Portman', 'natalie.portman@gmail.com', '555-9014', '1999-01-21', 58, 520000.00, 95, 623);
INSERT INTO dependents (dependent_id, first_name, last_name, relationship, employee_id) VALUES (317, 'Charles', 'Darwin', 'parent', 110);
COMMIT;

-- DELETING EMPLOYEE 19 --
BEGIN;
UPDATE employees SET manager_id = 36 WHERE employee_id = 32;
UPDATE employees SET manager_id = 36 WHERE employee_id = 91;
DELETE FROM dependents WHERE employee_id = 19;
DELETE FROM employees WHERE employee_id = 19;
COMMIT;

-- INSERTING DEPENDENT 80 --
BEGIN;
INSERT INTO dependents (dependent_id, first_name, last_name, relationship, employee_id) VALUES (318, 'Marie', 'Curie', 'parent', 80);
END;

-- INSERTING DEPENDENT 37 --
BEGIN;
INSERT INTO dependents (dependent_id, first_name, last_name, relationship, employee_id) VALUES (319, 'Louis', 'Pasteur', 'child', 37);
END;

-- INSERTING DEPENDENT 98 --
BEGIN;
INSERT INTO dependents (dependent_id, first_name, last_name, relationship, employee_id) VALUES (320, 'Emma', 'Stone', 'parent', 98);
END;

-- DELETING DEPENDENT 268 --
BEGIN;
DELETE FROM dependents WHERE dependent_id = 268;
COMMIT;

-- UPDATING EMPLOYEE SALARY 106 --
BEGIN;
UPDATE employees SET salary = salary + 4955 WHERE employee_id = 106;
COMMIT;

-- UPDATING EMPLOYEE SALARY 102 --
BEGIN;
UPDATE employees SET salary = salary + 1065 WHERE employee_id = 102;
COMMIT;

-- UPDATING EMPLOYEE SALARY 39 --
BEGIN;
UPDATE employees SET salary = salary + 1698 WHERE employee_id = 39;
COMMIT;

-- UPDATING EMPLOYEE SALARY 10 --
BEGIN;
UPDATE employees SET salary = salary + 2101 WHERE employee_id = 10;
COMMIT;

-- UPDATING EMPLOYEE SALARY 69 --
BEGIN;
UPDATE employees SET salary = salary + 4371 WHERE employee_id = 69;
COMMIT;

-- UPDATING EMPLOYEE SALARY 105 --
BEGIN;
UPDATE employees SET salary = salary + 605 WHERE employee_id = 105;
COMMIT;

-- UPDATING EMPLOYEE SALARY 64 --
BEGIN;
UPDATE employees SET salary = salary + 3040 WHERE employee_id = 64;
COMMIT;

-- UPDATING EMPLOYEE SALARY 90 --
BEGIN;
UPDATE employees SET salary = salary + 7963 WHERE employee_id = 90;
COMMIT;

-- UPDATING EMPLOYEE SALARY 68 --
BEGIN;
UPDATE employees SET salary = salary + 5366 WHERE employee_id = 68;
COMMIT;

-- UPDATING EMPLOYEE SALARY 28 --
BEGIN;
UPDATE employees SET salary = salary + 8847 WHERE employee_id = 28;
COMMIT;

-- UPDATING EMPLOYEE SALARY 101 --
BEGIN;
UPDATE employees SET salary = salary + 4978 WHERE employee_id = 101;
COMMIT;

-- UPDATING EMPLOYEE SALARY 97 --
BEGIN;
UPDATE employees SET salary = salary + 1437 WHERE employee_id = 97;
COMMIT;

-- UPDATING EMPLOYEE SALARY 44 --
BEGIN;
UPDATE employees SET salary = salary + 3131 WHERE employee_id = 44;
COMMIT;

-- UPDATING EMPLOYEE SALARY 53 --
BEGIN;
UPDATE employees SET salary = salary + 1082 WHERE employee_id = 53;
COMMIT;

-- UPDATING EMPLOYEE SALARY 84 --
BEGIN;
UPDATE employees SET salary = salary + 8498 WHERE employee_id = 84;
COMMIT;

-- UPDATING EMPLOYEE SALARY 62 --
BEGIN;
UPDATE employees SET salary = salary + 7807 WHERE employee_id = 62;
COMMIT;

-- UPDATING EMPLOYEE SALARY 80 --
BEGIN;
UPDATE employees SET salary = salary + 7445 WHERE employee_id = 80;
COMMIT;

-- UPDATING EMPLOYEE SALARY 62 --
BEGIN;
UPDATE employees SET salary = salary + 316 WHERE employee_id = 62;
COMMIT;

-- UPDATING EMPLOYEE SALARY 74 --
BEGIN;
UPDATE employees SET salary = salary + 5724 WHERE employee_id = 74;
COMMIT;

-- UPDATING EMPLOYEE SALARY 1 --
BEGIN;
UPDATE employees SET salary = salary + 2620 WHERE employee_id = 1;
COMMIT;

-- UPDATING EMPLOYEE SALARY 78 --
BEGIN;
UPDATE employees SET salary = salary + 6727 WHERE employee_id = 78;
COMMIT;

-- UPDATING EMPLOYEE SALARY 36 --
BEGIN;
UPDATE employees SET salary = salary + 7649 WHERE employee_id = 36;
COMMIT;

-- UPDATING EMPLOYEE SALARY 59 --
BEGIN;
UPDATE employees SET salary = salary + 2167 WHERE employee_id = 59;
COMMIT;

-- UPDATING EMPLOYEE SALARY 35 --
BEGIN;
UPDATE employees SET salary = salary + 5672 WHERE employee_id = 35;
COMMIT;

-- UPDATING EMPLOYEE SALARY 17 --
BEGIN;
UPDATE employees SET salary = salary + 3831 WHERE employee_id = 17;
COMMIT;

-- UPDATING EMPLOYEE SALARY 96 --
BEGIN;
UPDATE employees SET salary = salary + 1147 WHERE employee_id = 96;
COMMIT;

-- UPDATING EMPLOYEE SALARY 89 --
BEGIN;
UPDATE employees SET salary = salary + 2072 WHERE employee_id = 89;
COMMIT;

-- UPDATING EMPLOYEE SALARY 76 --
BEGIN;
UPDATE employees SET salary = salary + 1350 WHERE employee_id = 76;
COMMIT;

-- UPDATING EMPLOYEE SALARY 1 --
BEGIN;
UPDATE employees SET salary = salary + 9134 WHERE employee_id = 1;
COMMIT;

-- UPDATING EMPLOYEE SALARY 77 --
BEGIN;
UPDATE employees SET salary = salary + 5914 WHERE employee_id = 77;
COMMIT;

-- UPDATING EMPLOYEE SALARY 83 --
BEGIN;
UPDATE employees SET salary = salary + 731 WHERE employee_id = 83;
COMMIT;

-- UPDATING EMPLOYEE SALARY 76 --
BEGIN;
UPDATE employees SET salary = salary + 467 WHERE employee_id = 76;
COMMIT;

-- UPDATING EMPLOYEE SALARY 108 --
BEGIN;
UPDATE employees SET salary = salary + 6178 WHERE employee_id = 108;
COMMIT;

-- UPDATING EMPLOYEE SALARY 65 --
BEGIN;
UPDATE employees SET salary = salary + 650 WHERE employee_id = 65;
COMMIT;

-- UPDATING EMPLOYEE SALARY 45 --
BEGIN;
UPDATE employees SET salary = salary + 6790 WHERE employee_id = 45;
COMMIT;

-- UPDATING EMPLOYEE SALARY 96 --
BEGIN;
UPDATE employees SET salary = salary + 6493 WHERE employee_id = 96;
COMMIT;

-- UPDATING EMPLOYEE SALARY 34 --
BEGIN;
UPDATE employees SET salary = salary + 3741 WHERE employee_id = 34;
COMMIT;

-- UPDATING EMPLOYEE SALARY 72 --
BEGIN;
UPDATE employees SET salary = salary + 7529 WHERE employee_id = 72;
COMMIT;

-- UPDATING EMPLOYEE SALARY 53 --
BEGIN;
UPDATE employees SET salary = salary + 8915 WHERE employee_id = 53;
COMMIT;

-- UPDATING EMPLOYEE SALARY 67 --
BEGIN;
UPDATE employees SET salary = salary + 6007 WHERE employee_id = 67;
COMMIT;

-- UPDATING EMPLOYEE SALARY 41 --
BEGIN;
UPDATE employees SET salary = salary + 7999 WHERE employee_id = 41;
COMMIT;

-- INSERTING EMPLOYEE 111 --
BEGIN;
INSERT INTO employees (employee_id, first_name, last_name, email, phone_number, hire_date, job_id, salary,manager_id,department_id) VALUES (111, 'Tom', 'Hanks', 'tom.hanks@gmail.com', '555-9014', '2017-07-07', 26, 320000.00, 98, 129);
INSERT INTO dependents (dependent_id, first_name, last_name, relationship, employee_id) VALUES (321, 'Max', 'Planck', 'spouse', 111);
INSERT INTO dependents (dependent_id, first_name, last_name, relationship, employee_id) VALUES (322, 'Queen', 'Latifah', 'parent', 111);
COMMIT;

-- INSERTING EMPLOYEE 112 --
BEGIN;
INSERT INTO employees (employee_id, first_name, last_name, email, phone_number, hire_date, job_id, salary,manager_id,department_id) VALUES (112, 'Rihanna', 'Black', 'rihanna.black@gmail.com', '555-1235', '2011-01-03', 64, 240000.00, 58, 516);
INSERT INTO dependents (dependent_id, first_name, last_name, relationship, employee_id) VALUES (323, 'Galileo', 'Galilei', 'child', 112);
INSERT INTO dependents (dependent_id, first_name, last_name, relationship, employee_id) VALUES (324, 'Meryl', 'Streep', 'spouse', 112);
COMMIT;

-- INSERTING EMPLOYEE 113 --
BEGIN;
INSERT INTO employees (employee_id, first_name, last_name, email, phone_number, hire_date, job_id, salary,manager_id,department_id) VALUES (113, 'Mia', 'Wallace', 'mia.wallace@gmail.com', '555-6780', '2018-10-31', 32, 190000.00, 62, 463);
INSERT INTO dependents (dependent_id, first_name, last_name, relationship, employee_id) VALUES (325, 'Betty', 'White', 'child', 113);
INSERT INTO dependents (dependent_id, first_name, last_name, relationship, employee_id) VALUES (326, 'Jane', 'Goodall', 'spouse', 113);
INSERT INTO dependents (dependent_id, first_name, last_name, relationship, employee_id) VALUES (327, 'Oprah', 'Winfrey', 'child', 113);
INSERT INTO dependents (dependent_id, first_name, last_name, relationship, employee_id) VALUES (328, 'Alan', 'Turing', 'parent', 113);
COMMIT;

-- INSERTING DEPENDENT 85 --
BEGIN;
INSERT INTO dependents (dependent_id, first_name, last_name, relationship, employee_id) VALUES (329, 'Rosalind', 'Franklin', 'spouse', 85);
END;

-- INSERTING DEPENDENT 68 --
BEGIN;
INSERT INTO dependents (dependent_id, first_name, last_name, relationship, employee_id) VALUES (330, 'Emmy', 'Noether', 'child', 68);
END;

-- INSERTING DEPENDENT 81 --
BEGIN;
INSERT INTO dependents (dependent_id, first_name, last_name, relationship, employee_id) VALUES (331, 'Galileo', 'Galilei', 'parent', 81);
END;

-- UPDATING EMPLOYEE SALARY 6 --
BEGIN;
UPDATE employees SET salary = salary + 4756 WHERE employee_id = 6;
COMMIT;

-- UPDATING EMPLOYEE SALARY 94 --
BEGIN;
UPDATE employees SET salary = salary + 5823 WHERE employee_id = 94;
COMMIT;

-- INSERTING EMPLOYEE 114 --
BEGIN;
INSERT INTO employees (employee_id, first_name, last_name, email, phone_number, hire_date, job_id, salary,manager_id,department_id) VALUES (114, 'Leonardo', 'DiCaprio', 'leonardo.dicaprio@gmail.com', '555-2346', '2004-10-09', 6, 180000.00, 25, 526);
INSERT INTO dependents (dependent_id, first_name, last_name, relationship, employee_id) VALUES (332, 'Tom', 'Cruise', 'parent', 114);
COMMIT;

-- INSERTING EMPLOYEE 115 --
BEGIN;
INSERT INTO employees (employee_id, first_name, last_name, email, phone_number, hire_date, job_id, salary,manager_id,department_id) VALUES (115, 'Charlie', 'Davis', 'charlie.davis@gmail.com', '555-6789', '2005-10-05', 58, 90000.00, 41, 502);
INSERT INTO dependents (dependent_id, first_name, last_name, relationship, employee_id) VALUES (333, 'Grace', 'Hopper', 'parent', 115);
INSERT INTO dependents (dependent_id, first_name, last_name, relationship, employee_id) VALUES (334, 'Oprah', 'Winfrey', 'spouse', 115);
COMMIT;

-- DELETING EMPLOYEE 115 --
BEGIN;
DELETE FROM dependents WHERE employee_id = 115;
DELETE FROM employees WHERE employee_id = 115;
COMMIT;

-- INSERTING DEPENDENT 93 --
BEGIN;
INSERT INTO dependents (dependent_id, first_name, last_name, relationship, employee_id) VALUES (335, 'Betty', 'White', 'parent', 93);
END;

-- INSERTING DEPENDENT 38 --
BEGIN;
INSERT INTO dependents (dependent_id, first_name, last_name, relationship, employee_id) VALUES (336, 'Emma', 'Stone', 'parent', 38);
END;

-- DELETING DEPENDENT 84 --
BEGIN;
DELETE FROM dependents WHERE dependent_id = 84;
COMMIT;

-- UPDATING EMPLOYEE SALARY 36 --
BEGIN;
UPDATE employees SET salary = salary + 2566 WHERE employee_id = 36;
COMMIT;

-- UPDATING EMPLOYEE SALARY 86 --
BEGIN;
UPDATE employees SET salary = salary + 311 WHERE employee_id = 86;
COMMIT;

-- UPDATING EMPLOYEE SALARY 101 --
BEGIN;
UPDATE employees SET salary = salary + 8474 WHERE employee_id = 101;
COMMIT;

-- UPDATING EMPLOYEE SALARY 70 --
BEGIN;
UPDATE employees SET salary = salary + 633 WHERE employee_id = 70;
COMMIT;

-- UPDATING EMPLOYEE SALARY 61 --
BEGIN;
UPDATE employees SET salary = salary + 9796 WHERE employee_id = 61;
COMMIT;

-- UPDATING EMPLOYEE SALARY 110 --
BEGIN;
UPDATE employees SET salary = salary + 6174 WHERE employee_id = 110;
COMMIT;

-- UPDATING EMPLOYEE SALARY 49 --
BEGIN;
UPDATE employees SET salary = salary + 7408 WHERE employee_id = 49;
COMMIT;

-- UPDATING EMPLOYEE SALARY 75 --
BEGIN;
UPDATE employees SET salary = salary + 9561 WHERE employee_id = 75;
COMMIT;

-- UPDATING EMPLOYEE SALARY 36 --
BEGIN;
UPDATE employees SET salary = salary + 6651 WHERE employee_id = 36;
COMMIT;

-- UPDATING EMPLOYEE SALARY 6 --
BEGIN;
UPDATE employees SET salary = salary + 292 WHERE employee_id = 6;
COMMIT;

-- UPDATING EMPLOYEE SALARY 1 --
BEGIN;
UPDATE employees SET salary = salary + 4755 WHERE employee_id = 1;
COMMIT;

-- UPDATING EMPLOYEE SALARY 104 --
BEGIN;
UPDATE employees SET salary = salary + 4701 WHERE employee_id = 104;
COMMIT;

-- UPDATING EMPLOYEE SALARY 83 --
BEGIN;
UPDATE employees SET salary = salary + 6936 WHERE employee_id = 83;
COMMIT;

-- UPDATING EMPLOYEE SALARY 74 --
BEGIN;
UPDATE employees SET salary = salary + 2411 WHERE employee_id = 74;
COMMIT;

-- UPDATING EMPLOYEE SALARY 9 --
BEGIN;
UPDATE employees SET salary = salary + 1260 WHERE employee_id = 9;
COMMIT;

-- UPDATING EMPLOYEE SALARY 28 --
BEGIN;
UPDATE employees SET salary = salary + 7471 WHERE employee_id = 28;
COMMIT;

-- UPDATING EMPLOYEE SALARY 37 --
BEGIN;
UPDATE employees SET salary = salary + 8079 WHERE employee_id = 37;
COMMIT;

-- UPDATING EMPLOYEE SALARY 21 --
BEGIN;
UPDATE employees SET salary = salary + 2467 WHERE employee_id = 21;
COMMIT;

-- UPDATING EMPLOYEE SALARY 59 --
BEGIN;
UPDATE employees SET salary = salary + 6222 WHERE employee_id = 59;
COMMIT;

-- UPDATING EMPLOYEE SALARY 30 --
BEGIN;
UPDATE employees SET salary = salary + 457 WHERE employee_id = 30;
COMMIT;

-- UPDATING EMPLOYEE SALARY 80 --
BEGIN;
UPDATE employees SET salary = salary + 1335 WHERE employee_id = 80;
COMMIT;

-- UPDATING EMPLOYEE SALARY 66 --
BEGIN;
UPDATE employees SET salary = salary + 5324 WHERE employee_id = 66;
COMMIT;

-- UPDATING EMPLOYEE SALARY 41 --
BEGIN;
UPDATE employees SET salary = salary + 4817 WHERE employee_id = 41;
COMMIT;

-- UPDATING EMPLOYEE SALARY 33 --
BEGIN;
UPDATE employees SET salary = salary + 3832 WHERE employee_id = 33;
COMMIT;

-- INSERTING EMPLOYEE 116 --
BEGIN;
INSERT INTO employees (employee_id, first_name, last_name, email, phone_number, hire_date, job_id, salary,manager_id,department_id) VALUES (116, 'Hannah', 'Montana', 'hannah.montana@gmail.com', '555-6543', '1993-12-13', 64, 140000.00, 64, 170);
INSERT INTO dependents (dependent_id, first_name, last_name, relationship, employee_id) VALUES (337, 'Alan', 'Turing', 'child', 116);
INSERT INTO dependents (dependent_id, first_name, last_name, relationship, employee_id) VALUES (338, 'Hugh', 'Jackman', 'child', 116);
COMMIT;

-- INSERTING DEPENDENT 86 --
BEGIN;
INSERT INTO dependents (dependent_id, first_name, last_name, relationship, employee_id) VALUES (339, 'Richard', 'Feynman', 'child', 86);
END;

-- UPDATING EMPLOYEE SALARY 62 --
BEGIN;
UPDATE employees SET salary = salary + 7480 WHERE employee_id = 62;
COMMIT;

-- UPDATING EMPLOYEE SALARY 88 --
BEGIN;
UPDATE employees SET salary = salary + 9083 WHERE employee_id = 88;
COMMIT;

-- UPDATING EMPLOYEE SALARY 9 --
BEGIN;
UPDATE employees SET salary = salary + 5405 WHERE employee_id = 9;
COMMIT;

-- UPDATING EMPLOYEE SALARY 80 --
BEGIN;
UPDATE employees SET salary = salary + 6892 WHERE employee_id = 80;
COMMIT;

-- UPDATING EMPLOYEE SALARY 63 --
BEGIN;
UPDATE employees SET salary = salary + 9774 WHERE employee_id = 63;
COMMIT;

-- UPDATING EMPLOYEE SALARY 26 --
BEGIN;
UPDATE employees SET salary = salary + 9986 WHERE employee_id = 26;
COMMIT;

-- UPDATING EMPLOYEE SALARY 90 --
BEGIN;
UPDATE employees SET salary = salary + 1275 WHERE employee_id = 90;
COMMIT;

-- UPDATING EMPLOYEE SALARY 109 --
BEGIN;
UPDATE employees SET salary = salary + 2317 WHERE employee_id = 109;
COMMIT;

-- UPDATING EMPLOYEE SALARY 17 --
BEGIN;
UPDATE employees SET salary = salary + 9572 WHERE employee_id = 17;
COMMIT;

-- UPDATING EMPLOYEE SALARY 64 --
BEGIN;
UPDATE employees SET salary = salary + 5220 WHERE employee_id = 64;
COMMIT;

-- UPDATING EMPLOYEE SALARY 60 --
BEGIN;
UPDATE employees SET salary = salary + 1914 WHERE employee_id = 60;
COMMIT;

-- UPDATING EMPLOYEE SALARY 102 --
BEGIN;
UPDATE employees SET salary = salary + 1242 WHERE employee_id = 102;
COMMIT;

-- UPDATING EMPLOYEE SALARY 87 --
BEGIN;
UPDATE employees SET salary = salary + 7718 WHERE employee_id = 87;
COMMIT;

-- UPDATING EMPLOYEE SALARY 39 --
BEGIN;
UPDATE employees SET salary = salary + 9650 WHERE employee_id = 39;
COMMIT;

-- UPDATING EMPLOYEE SALARY 77 --
BEGIN;
UPDATE employees SET salary = salary + 8018 WHERE employee_id = 77;
COMMIT;

-- UPDATING EMPLOYEE SALARY 60 --
BEGIN;
UPDATE employees SET salary = salary + 8714 WHERE employee_id = 60;
COMMIT;

-- UPDATING EMPLOYEE SALARY 95 --
BEGIN;
UPDATE employees SET salary = salary + 2346 WHERE employee_id = 95;
COMMIT;

-- UPDATING EMPLOYEE SALARY 107 --
BEGIN;
UPDATE employees SET salary = salary + 4309 WHERE employee_id = 107;
COMMIT;

-- UPDATING EMPLOYEE SALARY 66 --
BEGIN;
UPDATE employees SET salary = salary + 4885 WHERE employee_id = 66;
COMMIT;

-- UPDATING EMPLOYEE SALARY 11 --
BEGIN;
UPDATE employees SET salary = salary + 9207 WHERE employee_id = 11;
COMMIT;

-- UPDATING EMPLOYEE SALARY 92 --
BEGIN;
UPDATE employees SET salary = salary + 7940 WHERE employee_id = 92;
COMMIT;

-- UPDATING EMPLOYEE SALARY 114 --
BEGIN;
UPDATE employees SET salary = salary + 7946 WHERE employee_id = 114;
COMMIT;

-- UPDATING EMPLOYEE SALARY 104 --
BEGIN;
UPDATE employees SET salary = salary + 9103 WHERE employee_id = 104;
COMMIT;

-- UPDATING EMPLOYEE SALARY 80 --
BEGIN;
UPDATE employees SET salary = salary + 5848 WHERE employee_id = 80;
COMMIT;

-- UPDATING EMPLOYEE SALARY 70 --
BEGIN;
UPDATE employees SET salary = salary + 3095 WHERE employee_id = 70;
COMMIT;

-- UPDATING EMPLOYEE SALARY 108 --
BEGIN;
UPDATE employees SET salary = salary + 5558 WHERE employee_id = 108;
COMMIT;

-- UPDATING EMPLOYEE SALARY 21 --
BEGIN;
UPDATE employees SET salary = salary + 3558 WHERE employee_id = 21;
COMMIT;

-- UPDATING EMPLOYEE SALARY 74 --
BEGIN;
UPDATE employees SET salary = salary + 5851 WHERE employee_id = 74;
COMMIT;

-- UPDATING EMPLOYEE SALARY 99 --
BEGIN;
UPDATE employees SET salary = salary + 4171 WHERE employee_id = 99;
COMMIT;

-- UPDATING EMPLOYEE SALARY 77 --
BEGIN;
UPDATE employees SET salary = salary + 36 WHERE employee_id = 77;
COMMIT;

-- UPDATING EMPLOYEE SALARY 62 --
BEGIN;
UPDATE employees SET salary = salary + 1285 WHERE employee_id = 62;
COMMIT;

-- UPDATING EMPLOYEE SALARY 105 --
BEGIN;
UPDATE employees SET salary = salary + 9946 WHERE employee_id = 105;
COMMIT;

-- UPDATING EMPLOYEE SALARY 82 --
BEGIN;
UPDATE employees SET salary = salary + 5515 WHERE employee_id = 82;
COMMIT;

-- UPDATING EMPLOYEE SALARY 105 --
BEGIN;
UPDATE employees SET salary = salary + 7949 WHERE employee_id = 105;
COMMIT;

-- UPDATING EMPLOYEE SALARY 92 --
BEGIN;
UPDATE employees SET salary = salary + 9696 WHERE employee_id = 92;
COMMIT;

-- UPDATING EMPLOYEE SALARY 103 --
BEGIN;
UPDATE employees SET salary = salary + 7730 WHERE employee_id = 103;
COMMIT;

-- UPDATING EMPLOYEE SALARY 98 --
BEGIN;
UPDATE employees SET salary = salary + 5044 WHERE employee_id = 98;
COMMIT;

-- UPDATING EMPLOYEE SALARY 46 --
BEGIN;
UPDATE employees SET salary = salary + 4231 WHERE employee_id = 46;
COMMIT;

-- UPDATING EMPLOYEE SALARY 90 --
BEGIN;
UPDATE employees SET salary = salary + 6389 WHERE employee_id = 90;
COMMIT;

-- UPDATING EMPLOYEE SALARY 28 --
BEGIN;
UPDATE employees SET salary = salary + 2741 WHERE employee_id = 28;
COMMIT;

-- UPDATING EMPLOYEE SALARY 95 --
BEGIN;
UPDATE employees SET salary = salary + 9245 WHERE employee_id = 95;
COMMIT;

-- UPDATING EMPLOYEE SALARY 62 --
BEGIN;
UPDATE employees SET salary = salary + 7388 WHERE employee_id = 62;
COMMIT;

-- UPDATING EMPLOYEE SALARY 73 --
BEGIN;
UPDATE employees SET salary = salary + 3689 WHERE employee_id = 73;
COMMIT;

-- UPDATING EMPLOYEE SALARY 25 --
BEGIN;
UPDATE employees SET salary = salary + 6442 WHERE employee_id = 25;
COMMIT;

-- UPDATING EMPLOYEE SALARY 104 --
BEGIN;
UPDATE employees SET salary = salary + 5909 WHERE employee_id = 104;
COMMIT;

-- INSERTING EMPLOYEE 117 --
BEGIN;
INSERT INTO employees (employee_id, first_name, last_name, email, phone_number, hire_date, job_id, salary,manager_id,department_id) VALUES (117, 'Kate', 'Winslet', 'kate.winslet@gmail.com', '555-6781', '2004-07-26', 5, 490000.00, 52, 202);
INSERT INTO dependents (dependent_id, first_name, last_name, relationship, employee_id) VALUES (340, 'Louis', 'Pasteur', 'parent', 117);
INSERT INTO dependents (dependent_id, first_name, last_name, relationship, employee_id) VALUES (341, 'James', 'Maxwell', 'child', 117);
INSERT INTO dependents (dependent_id, first_name, last_name, relationship, employee_id) VALUES (342, 'Katherine', 'Johnson', 'child', 117);
INSERT INTO dependents (dependent_id, first_name, last_name, relationship, employee_id) VALUES (343, 'Susan', 'Sarandon', 'spouse', 117);
COMMIT;

-- INSERTING EMPLOYEE 118 --
BEGIN;
INSERT INTO employees (employee_id, first_name, last_name, email, phone_number, hire_date, job_id, salary,manager_id,department_id) VALUES (118, 'John', 'Doe', 'john.doe@gmail.com', '555-1234', '1991-03-01', 56, 55000.00, 73, 587);
INSERT INTO dependents (dependent_id, first_name, last_name, relationship, employee_id) VALUES (344, 'Louis', 'Pasteur', 'spouse', 118);
INSERT INTO dependents (dependent_id, first_name, last_name, relationship, employee_id) VALUES (345, 'Meryl', 'Streep', 'child', 118);
INSERT INTO dependents (dependent_id, first_name, last_name, relationship, employee_id) VALUES (346, 'Chris', 'Evans', 'child', 118);
INSERT INTO dependents (dependent_id, first_name, last_name, relationship, employee_id) VALUES (347, 'Rita', 'Levi-Montalcini', 'child', 118);
COMMIT;

-- DELETING EMPLOYEE 83 --
BEGIN;
UPDATE employees SET manager_id = 68 WHERE employee_id = 4;
UPDATE employees SET manager_id = 68 WHERE employee_id = 83;
DELETE FROM dependents WHERE employee_id = 83;
DELETE FROM employees WHERE employee_id = 83;
COMMIT;

-- INSERTING DEPENDENT 118 --
BEGIN;
INSERT INTO dependents (dependent_id, first_name, last_name, relationship, employee_id) VALUES (348, 'Emma', 'Stone', 'parent', 118);
END;

-- INSERTING DEPENDENT 109 --
BEGIN;
INSERT INTO dependents (dependent_id, first_name, last_name, relationship, employee_id) VALUES (349, 'Louis', 'Armstrong', 'child', 109);
END;

-- DELETING DEPENDENT 99 --
BEGIN;
DELETE FROM dependents WHERE dependent_id = 99;
COMMIT;

-- UPDATING EMPLOYEE SALARY 65 --
BEGIN;
UPDATE employees SET salary = salary + 406 WHERE employee_id = 65;
COMMIT;

-- UPDATING EMPLOYEE SALARY 36 --
BEGIN;
UPDATE employees SET salary = salary + 7100 WHERE employee_id = 36;
COMMIT;

-- UPDATING EMPLOYEE SALARY 80 --
BEGIN;
UPDATE employees SET salary = salary + 559 WHERE employee_id = 80;
COMMIT;

-- UPDATING EMPLOYEE SALARY 98 --
BEGIN;
UPDATE employees SET salary = salary + 183 WHERE employee_id = 98;
COMMIT;

-- UPDATING EMPLOYEE SALARY 62 --
BEGIN;
UPDATE employees SET salary = salary + 279 WHERE employee_id = 62;
COMMIT;

-- UPDATING EMPLOYEE SALARY 99 --
BEGIN;
UPDATE employees SET salary = salary + 3847 WHERE employee_id = 99;
COMMIT;

-- UPDATING EMPLOYEE SALARY 41 --
BEGIN;
UPDATE employees SET salary = salary + 8553 WHERE employee_id = 41;
COMMIT;

-- UPDATING EMPLOYEE SALARY 105 --
BEGIN;
UPDATE employees SET salary = salary + 4394 WHERE employee_id = 105;
COMMIT;

-- UPDATING EMPLOYEE SALARY 41 --
BEGIN;
UPDATE employees SET salary = salary + 6803 WHERE employee_id = 41;
COMMIT;

-- UPDATING EMPLOYEE SALARY 9 --
BEGIN;
UPDATE employees SET salary = salary + 2056 WHERE employee_id = 9;
COMMIT;

-- UPDATING EMPLOYEE SALARY 91 --
BEGIN;
UPDATE employees SET salary = salary + 7178 WHERE employee_id = 91;
COMMIT;

-- UPDATING EMPLOYEE SALARY 44 --
BEGIN;
UPDATE employees SET salary = salary + 2590 WHERE employee_id = 44;
COMMIT;

-- UPDATING EMPLOYEE SALARY 79 --
BEGIN;
UPDATE employees SET salary = salary + 3255 WHERE employee_id = 79;
COMMIT;

-- UPDATING EMPLOYEE SALARY 25 --
BEGIN;
UPDATE employees SET salary = salary + 4824 WHERE employee_id = 25;
COMMIT;

-- UPDATING EMPLOYEE SALARY 77 --
BEGIN;
UPDATE employees SET salary = salary + 986 WHERE employee_id = 77;
COMMIT;

-- UPDATING EMPLOYEE SALARY 103 --
BEGIN;
UPDATE employees SET salary = salary + 4841 WHERE employee_id = 103;
COMMIT;

-- UPDATING EMPLOYEE SALARY 69 --
BEGIN;
UPDATE employees SET salary = salary + 8223 WHERE employee_id = 69;
COMMIT;

-- UPDATING EMPLOYEE SALARY 113 --
BEGIN;
UPDATE employees SET salary = salary + 2852 WHERE employee_id = 113;
COMMIT;

-- UPDATING EMPLOYEE SALARY 66 --
BEGIN;
UPDATE employees SET salary = salary + 5828 WHERE employee_id = 66;
COMMIT;

-- UPDATING EMPLOYEE SALARY 70 --
BEGIN;
UPDATE employees SET salary = salary + 4009 WHERE employee_id = 70;
COMMIT;

-- UPDATING EMPLOYEE SALARY 1 --
BEGIN;
UPDATE employees SET salary = salary + 7763 WHERE employee_id = 1;
COMMIT;

-- UPDATING EMPLOYEE SALARY 91 --
BEGIN;
UPDATE employees SET salary = salary + 9699 WHERE employee_id = 91;
COMMIT;

-- UPDATING EMPLOYEE SALARY 75 --
BEGIN;
UPDATE employees SET salary = salary + 13 WHERE employee_id = 75;
COMMIT;

-- UPDATING EMPLOYEE SALARY 107 --
BEGIN;
UPDATE employees SET salary = salary + 38 WHERE employee_id = 107;
COMMIT;

-- UPDATING EMPLOYEE SALARY 45 --
BEGIN;
UPDATE employees SET salary = salary + 5296 WHERE employee_id = 45;
COMMIT;

-- UPDATING EMPLOYEE SALARY 70 --
BEGIN;
UPDATE employees SET salary = salary + 7606 WHERE employee_id = 70;
COMMIT;

-- UPDATING EMPLOYEE SALARY 73 --
BEGIN;
UPDATE employees SET salary = salary + 6500 WHERE employee_id = 73;
COMMIT;

-- UPDATING EMPLOYEE SALARY 34 --
BEGIN;
UPDATE employees SET salary = salary + 9398 WHERE employee_id = 34;
COMMIT;

-- UPDATING EMPLOYEE SALARY 65 --
BEGIN;
UPDATE employees SET salary = salary + 8991 WHERE employee_id = 65;
COMMIT;

-- UPDATING EMPLOYEE SALARY 36 --
BEGIN;
UPDATE employees SET salary = salary + 9302 WHERE employee_id = 36;
COMMIT;

-- UPDATING EMPLOYEE SALARY 33 --
BEGIN;
UPDATE employees SET salary = salary + 6241 WHERE employee_id = 33;
COMMIT;

-- UPDATING EMPLOYEE SALARY 1 --
BEGIN;
UPDATE employees SET salary = salary + 5051 WHERE employee_id = 1;
COMMIT;

-- UPDATING EMPLOYEE SALARY 98 --
BEGIN;
UPDATE employees SET salary = salary + 4019 WHERE employee_id = 98;
COMMIT;

-- UPDATING EMPLOYEE SALARY 84 --
BEGIN;
UPDATE employees SET salary = salary + 6973 WHERE employee_id = 84;
COMMIT;

-- UPDATING EMPLOYEE SALARY 101 --
BEGIN;
UPDATE employees SET salary = salary + 9717 WHERE employee_id = 101;
COMMIT;

-- UPDATING EMPLOYEE SALARY 91 --
BEGIN;
UPDATE employees SET salary = salary + 883 WHERE employee_id = 91;
COMMIT;

-- UPDATING EMPLOYEE SALARY 49 --
BEGIN;
UPDATE employees SET salary = salary + 8163 WHERE employee_id = 49;
COMMIT;

-- UPDATING EMPLOYEE SALARY 108 --
BEGIN;
UPDATE employees SET salary = salary + 5745 WHERE employee_id = 108;
COMMIT;

-- UPDATING EMPLOYEE SALARY 74 --
BEGIN;
UPDATE employees SET salary = salary + 738 WHERE employee_id = 74;
COMMIT;

-- UPDATING EMPLOYEE SALARY 61 --
BEGIN;
UPDATE employees SET salary = salary + 4825 WHERE employee_id = 61;
COMMIT;

-- UPDATING EMPLOYEE SALARY 79 --
BEGIN;
UPDATE employees SET salary = salary + 7925 WHERE employee_id = 79;
COMMIT;

-- UPDATING EMPLOYEE SALARY 33 --
BEGIN;
UPDATE employees SET salary = salary + 4399 WHERE employee_id = 33;
COMMIT;

-- UPDATING EMPLOYEE SALARY 54 --
BEGIN;
UPDATE employees SET salary = salary + 4780 WHERE employee_id = 54;
COMMIT;

-- UPDATING EMPLOYEE SALARY 21 --
BEGIN;
UPDATE employees SET salary = salary + 2845 WHERE employee_id = 21;
COMMIT;

-- UPDATING EMPLOYEE SALARY 82 --
BEGIN;
UPDATE employees SET salary = salary + 9647 WHERE employee_id = 82;
COMMIT;

-- UPDATING EMPLOYEE SALARY 109 --
BEGIN;
UPDATE employees SET salary = salary + 8471 WHERE employee_id = 109;
COMMIT;

-- UPDATING EMPLOYEE SALARY 49 --
BEGIN;
UPDATE employees SET salary = salary + 5952 WHERE employee_id = 49;
COMMIT;

-- UPDATING EMPLOYEE SALARY 96 --
BEGIN;
UPDATE employees SET salary = salary + 7660 WHERE employee_id = 96;
COMMIT;

-- UPDATING EMPLOYEE SALARY 100 --
BEGIN;
UPDATE employees SET salary = salary + 4035 WHERE employee_id = 100;
COMMIT;

-- UPDATING EMPLOYEE SALARY 67 --
BEGIN;
UPDATE employees SET salary = salary + 8958 WHERE employee_id = 67;
COMMIT;

-- UPDATING EMPLOYEE SALARY 54 --
BEGIN;
UPDATE employees SET salary = salary + 2190 WHERE employee_id = 54;
COMMIT;

-- UPDATING EMPLOYEE SALARY 75 --
BEGIN;
UPDATE employees SET salary = salary + 2161 WHERE employee_id = 75;
COMMIT;

-- UPDATING EMPLOYEE SALARY 39 --
BEGIN;
UPDATE employees SET salary = salary + 409 WHERE employee_id = 39;
COMMIT;

-- UPDATING EMPLOYEE SALARY 106 --
BEGIN;
UPDATE employees SET salary = salary + 6434 WHERE employee_id = 106;
COMMIT;

-- UPDATING EMPLOYEE SALARY 71 --
BEGIN;
UPDATE employees SET salary = salary + 1813 WHERE employee_id = 71;
COMMIT;

-- UPDATING EMPLOYEE SALARY 63 --
BEGIN;
UPDATE employees SET salary = salary + 8897 WHERE employee_id = 63;
COMMIT;

-- UPDATING EMPLOYEE SALARY 88 --
BEGIN;
UPDATE employees SET salary = salary + 9832 WHERE employee_id = 88;
COMMIT;

-- UPDATING EMPLOYEE SALARY 26 --
BEGIN;
UPDATE employees SET salary = salary + 6485 WHERE employee_id = 26;
COMMIT;

-- UPDATING EMPLOYEE SALARY 117 --
BEGIN;
UPDATE employees SET salary = salary + 3417 WHERE employee_id = 117;
COMMIT;

-- UPDATING EMPLOYEE SALARY 111 --
BEGIN;
UPDATE employees SET salary = salary + 7788 WHERE employee_id = 111;
COMMIT;

-- UPDATING EMPLOYEE SALARY 35 --
BEGIN;
UPDATE employees SET salary = salary + 5848 WHERE employee_id = 35;
COMMIT;

-- UPDATING EMPLOYEE SALARY 95 --
BEGIN;
UPDATE employees SET salary = salary + 9389 WHERE employee_id = 95;
COMMIT;

-- UPDATING EMPLOYEE SALARY 50 --
BEGIN;
UPDATE employees SET salary = salary + 3179 WHERE employee_id = 50;
COMMIT;

-- UPDATING EMPLOYEE SALARY 93 --
BEGIN;
UPDATE employees SET salary = salary + 1008 WHERE employee_id = 93;
COMMIT;

-- UPDATING EMPLOYEE SALARY 30 --
BEGIN;
UPDATE employees SET salary = salary + 9371 WHERE employee_id = 30;
COMMIT;

-- UPDATING EMPLOYEE SALARY 9 --
BEGIN;
UPDATE employees SET salary = salary + 5284 WHERE employee_id = 9;
COMMIT;

-- UPDATING EMPLOYEE SALARY 11 --
BEGIN;
UPDATE employees SET salary = salary + 5053 WHERE employee_id = 11;
COMMIT;

-- UPDATING EMPLOYEE SALARY 76 --
BEGIN;
UPDATE employees SET salary = salary + 842 WHERE employee_id = 76;
COMMIT;

-- UPDATING EMPLOYEE SALARY 114 --
BEGIN;
UPDATE employees SET salary = salary + 1582 WHERE employee_id = 114;
COMMIT;

-- UPDATING EMPLOYEE SALARY 86 --
BEGIN;
UPDATE employees SET salary = salary + 8590 WHERE employee_id = 86;
COMMIT;

-- UPDATING EMPLOYEE SALARY 27 --
BEGIN;
UPDATE employees SET salary = salary + 4390 WHERE employee_id = 27;
COMMIT;

-- UPDATING EMPLOYEE SALARY 77 --
BEGIN;
UPDATE employees SET salary = salary + 4925 WHERE employee_id = 77;
COMMIT;

-- UPDATING EMPLOYEE SALARY 21 --
BEGIN;
UPDATE employees SET salary = salary + 2935 WHERE employee_id = 21;
COMMIT;

-- UPDATING EMPLOYEE SALARY 78 --
BEGIN;
UPDATE employees SET salary = salary + 3724 WHERE employee_id = 78;
COMMIT;

-- UPDATING EMPLOYEE SALARY 64 --
BEGIN;
UPDATE employees SET salary = salary + 4188 WHERE employee_id = 64;
COMMIT;

-- INSERTING EMPLOYEE 119 --
BEGIN;
INSERT INTO employees (employee_id, first_name, last_name, email, phone_number, hire_date, job_id, salary,manager_id,department_id) VALUES (119, 'Dwayne', 'Johnson', 'dwayne.johnson@gmail.com', '555-9014', '2015-07-28', 9, 420000.00, 65, 353);
COMMIT;

-- INSERTING EMPLOYEE 120 --
BEGIN;
INSERT INTO employees (employee_id, first_name, last_name, email, phone_number, hire_date, job_id, salary,manager_id,department_id) VALUES (120, 'Gwen', 'Stefani', 'gwen.stefani@gmail.com', '555-2347', '1996-05-18', 12, 450000.00, 105, 616);
COMMIT;

-- INSERTING EMPLOYEE 121 --
BEGIN;
INSERT INTO employees (employee_id, first_name, last_name, email, phone_number, hire_date, job_id, salary,manager_id,department_id) VALUES (121, 'Leonardo', 'DiCaprio', 'leonardo.dicaprio@gmail.com', '555-2346', '1991-06-17', 6, 180000.00, 94, 577);
INSERT INTO dependents (dependent_id, first_name, last_name, relationship, employee_id) VALUES (350, 'Alan', 'Turing', 'parent', 121);
COMMIT;

-- INSERTING EMPLOYEE 122 --
BEGIN;
INSERT INTO employees (employee_id, first_name, last_name, email, phone_number, hire_date, job_id, salary,manager_id,department_id) VALUES (122, 'Jared', 'Leto', 'jared.leto@gmail.com', '555-5670', '2005-05-04', 16, 480000.00, 86, 246);
COMMIT;

-- DELETING EMPLOYEE 10 --
BEGIN;
UPDATE employees SET manager_id = 119 WHERE employee_id = 29;
UPDATE employees SET manager_id = 119 WHERE employee_id = 30;
UPDATE employees SET manager_id = 119 WHERE employee_id = 38;
UPDATE employees SET manager_id = 119 WHERE employee_id = 42;
UPDATE employees SET manager_id = 119 WHERE employee_id = 92;
DELETE FROM dependents WHERE employee_id = 10;
DELETE FROM employees WHERE employee_id = 10;
COMMIT;

-- INSERTING DEPENDENT 66 --
BEGIN;
INSERT INTO dependents (dependent_id, first_name, last_name, relationship, employee_id) VALUES (351, 'Rachel', 'Carson', 'parent', 66);
END;

-- INSERTING DEPENDENT 44 --
BEGIN;
INSERT INTO dependents (dependent_id, first_name, last_name, relationship, employee_id) VALUES (352, 'David', 'Attenborough', 'child', 44);
END;

-- INSERTING DEPENDENT 14 --
BEGIN;
INSERT INTO dependents (dependent_id, first_name, last_name, relationship, employee_id) VALUES (353, 'David', 'Hilbert', 'spouse', 14);
END;

-- INSERTING DEPENDENT 103 --
BEGIN;
INSERT INTO dependents (dependent_id, first_name, last_name, relationship, employee_id) VALUES (354, 'Iris', 'Apfel', 'parent', 103);
END;

-- DELETING DEPENDENT 111 --
BEGIN;
DELETE FROM dependents WHERE dependent_id = 111;
COMMIT;

-- UPDATING EMPLOYEE SALARY 86 --
BEGIN;
UPDATE employees SET salary = salary + 6693 WHERE employee_id = 86;
COMMIT;

-- UPDATING EMPLOYEE SALARY 89 --
BEGIN;
UPDATE employees SET salary = salary + 2197 WHERE employee_id = 89;
COMMIT;

-- UPDATING EMPLOYEE SALARY 30 --
BEGIN;
UPDATE employees SET salary = salary + 7992 WHERE employee_id = 30;
COMMIT;

-- UPDATING EMPLOYEE SALARY 117 --
BEGIN;
UPDATE employees SET salary = salary + 355 WHERE employee_id = 117;
COMMIT;

-- UPDATING EMPLOYEE SALARY 75 --
BEGIN;
UPDATE employees SET salary = salary + 3729 WHERE employee_id = 75;
COMMIT;

-- UPDATING EMPLOYEE SALARY 69 --
BEGIN;
UPDATE employees SET salary = salary + 7607 WHERE employee_id = 69;
COMMIT;

-- UPDATING EMPLOYEE SALARY 68 --
BEGIN;
UPDATE employees SET salary = salary + 3977 WHERE employee_id = 68;
COMMIT;

-- UPDATING EMPLOYEE SALARY 92 --
BEGIN;
UPDATE employees SET salary = salary + 6268 WHERE employee_id = 92;
COMMIT;

-- UPDATING EMPLOYEE SALARY 14 --
BEGIN;
UPDATE employees SET salary = salary + 7463 WHERE employee_id = 14;
COMMIT;

-- UPDATING EMPLOYEE SALARY 25 --
BEGIN;
UPDATE employees SET salary = salary + 5142 WHERE employee_id = 25;
COMMIT;

-- UPDATING EMPLOYEE SALARY 72 --
BEGIN;
UPDATE employees SET salary = salary + 3610 WHERE employee_id = 72;
COMMIT;

-- UPDATING EMPLOYEE SALARY 14 --
BEGIN;
UPDATE employees SET salary = salary + 2188 WHERE employee_id = 14;
COMMIT;

-- UPDATING EMPLOYEE SALARY 45 --
BEGIN;
UPDATE employees SET salary = salary + 7085 WHERE employee_id = 45;
COMMIT;

-- UPDATING EMPLOYEE SALARY 62 --
BEGIN;
UPDATE employees SET salary = salary + 5627 WHERE employee_id = 62;
COMMIT;

-- UPDATING EMPLOYEE SALARY 91 --
BEGIN;
UPDATE employees SET salary = salary + 9039 WHERE employee_id = 91;
COMMIT;

-- UPDATING EMPLOYEE SALARY 37 --
BEGIN;
UPDATE employees SET salary = salary + 4284 WHERE employee_id = 37;
COMMIT;

-- UPDATING EMPLOYEE SALARY 60 --
BEGIN;
UPDATE employees SET salary = salary + 3293 WHERE employee_id = 60;
COMMIT;

-- UPDATING EMPLOYEE SALARY 113 --
BEGIN;
UPDATE employees SET salary = salary + 5651 WHERE employee_id = 113;
COMMIT;

-- UPDATING EMPLOYEE SALARY 35 --
BEGIN;
UPDATE employees SET salary = salary + 9999 WHERE employee_id = 35;
COMMIT;

-- UPDATING EMPLOYEE SALARY 37 --
BEGIN;
UPDATE employees SET salary = salary + 1751 WHERE employee_id = 37;
COMMIT;

-- UPDATING EMPLOYEE SALARY 54 --
BEGIN;
UPDATE employees SET salary = salary + 6172 WHERE employee_id = 54;
COMMIT;

-- UPDATING EMPLOYEE SALARY 44 --
BEGIN;
UPDATE employees SET salary = salary + 3190 WHERE employee_id = 44;
COMMIT;

-- UPDATING EMPLOYEE SALARY 90 --
BEGIN;
UPDATE employees SET salary = salary + 3631 WHERE employee_id = 90;
COMMIT;

-- UPDATING EMPLOYEE SALARY 90 --
BEGIN;
UPDATE employees SET salary = salary + 3758 WHERE employee_id = 90;
COMMIT;

-- UPDATING EMPLOYEE SALARY 61 --
BEGIN;
UPDATE employees SET salary = salary + 8778 WHERE employee_id = 61;
COMMIT;

-- UPDATING EMPLOYEE SALARY 85 --
BEGIN;
UPDATE employees SET salary = salary + 8299 WHERE employee_id = 85;
COMMIT;

-- UPDATING EMPLOYEE SALARY 49 --
BEGIN;
UPDATE employees SET salary = salary + 8568 WHERE employee_id = 49;
COMMIT;

-- UPDATING EMPLOYEE SALARY 11 --
BEGIN;
UPDATE employees SET salary = salary + 9633 WHERE employee_id = 11;
COMMIT;

-- UPDATING EMPLOYEE SALARY 54 --
BEGIN;
UPDATE employees SET salary = salary + 3512 WHERE employee_id = 54;
COMMIT;

-- UPDATING EMPLOYEE SALARY 69 --
BEGIN;
UPDATE employees SET salary = salary + 7554 WHERE employee_id = 69;
COMMIT;

-- UPDATING EMPLOYEE SALARY 92 --
BEGIN;
UPDATE employees SET salary = salary + 6553 WHERE employee_id = 92;
COMMIT;

-- UPDATING EMPLOYEE SALARY 117 --
BEGIN;
UPDATE employees SET salary = salary + 9798 WHERE employee_id = 117;
COMMIT;

-- UPDATING EMPLOYEE SALARY 100 --
BEGIN;
UPDATE employees SET salary = salary + 1225 WHERE employee_id = 100;
COMMIT;

-- UPDATING EMPLOYEE SALARY 75 --
BEGIN;
UPDATE employees SET salary = salary + 6116 WHERE employee_id = 75;
COMMIT;

-- UPDATING EMPLOYEE SALARY 70 --
BEGIN;
UPDATE employees SET salary = salary + 9378 WHERE employee_id = 70;
COMMIT;

-- UPDATING EMPLOYEE SALARY 92 --
BEGIN;
UPDATE employees SET salary = salary + 958 WHERE employee_id = 92;
COMMIT;

-- UPDATING EMPLOYEE SALARY 26 --
BEGIN;
UPDATE employees SET salary = salary + 5010 WHERE employee_id = 26;
COMMIT;

-- UPDATING EMPLOYEE SALARY 45 --
BEGIN;
UPDATE employees SET salary = salary + 5540 WHERE employee_id = 45;
COMMIT;

-- UPDATING EMPLOYEE SALARY 61 --
BEGIN;
UPDATE employees SET salary = salary + 7729 WHERE employee_id = 61;
COMMIT;

-- UPDATING EMPLOYEE SALARY 50 --
BEGIN;
UPDATE employees SET salary = salary + 1662 WHERE employee_id = 50;
COMMIT;

-- UPDATING EMPLOYEE SALARY 120 --
BEGIN;
UPDATE employees SET salary = salary + 1041 WHERE employee_id = 120;
COMMIT;

-- UPDATING EMPLOYEE SALARY 27 --
BEGIN;
UPDATE employees SET salary = salary + 8067 WHERE employee_id = 27;
COMMIT;

-- UPDATING EMPLOYEE SALARY 26 --
BEGIN;
UPDATE employees SET salary = salary + 7836 WHERE employee_id = 26;
COMMIT;

-- UPDATING EMPLOYEE SALARY 34 --
BEGIN;
UPDATE employees SET salary = salary + 9933 WHERE employee_id = 34;
COMMIT;

-- UPDATING EMPLOYEE SALARY 28 --
BEGIN;
UPDATE employees SET salary = salary + 5758 WHERE employee_id = 28;
COMMIT;

-- UPDATING EMPLOYEE SALARY 107 --
BEGIN;
UPDATE employees SET salary = salary + 4273 WHERE employee_id = 107;
COMMIT;

-- UPDATING EMPLOYEE SALARY 60 --
BEGIN;
UPDATE employees SET salary = salary + 637 WHERE employee_id = 60;
COMMIT;

-- UPDATING EMPLOYEE SALARY 77 --
BEGIN;
UPDATE employees SET salary = salary + 5678 WHERE employee_id = 77;
COMMIT;

-- UPDATING EMPLOYEE SALARY 6 --
BEGIN;
UPDATE employees SET salary = salary + 654 WHERE employee_id = 6;
COMMIT;

-- UPDATING EMPLOYEE SALARY 114 --
BEGIN;
UPDATE employees SET salary = salary + 5686 WHERE employee_id = 114;
COMMIT;

-- UPDATING EMPLOYEE SALARY 117 --
BEGIN;
UPDATE employees SET salary = salary + 2482 WHERE employee_id = 117;
COMMIT;

-- UPDATING EMPLOYEE SALARY 50 --
BEGIN;
UPDATE employees SET salary = salary + 8283 WHERE employee_id = 50;
COMMIT;

-- UPDATING EMPLOYEE SALARY 68 --
BEGIN;
UPDATE employees SET salary = salary + 4386 WHERE employee_id = 68;
COMMIT;

-- UPDATING EMPLOYEE SALARY 50 --
BEGIN;
UPDATE employees SET salary = salary + 3611 WHERE employee_id = 50;
COMMIT;

-- UPDATING EMPLOYEE SALARY 90 --
BEGIN;
UPDATE employees SET salary = salary + 3984 WHERE employee_id = 90;
COMMIT;

-- UPDATING EMPLOYEE SALARY 39 --
BEGIN;
UPDATE employees SET salary = salary + 9971 WHERE employee_id = 39;
COMMIT;

-- UPDATING EMPLOYEE SALARY 69 --
BEGIN;
UPDATE employees SET salary = salary + 3706 WHERE employee_id = 69;
COMMIT;

-- UPDATING EMPLOYEE SALARY 112 --
BEGIN;
UPDATE employees SET salary = salary + 6669 WHERE employee_id = 112;
COMMIT;

-- UPDATING EMPLOYEE SALARY 37 --
BEGIN;
UPDATE employees SET salary = salary + 8306 WHERE employee_id = 37;
COMMIT;

-- UPDATING EMPLOYEE SALARY 65 --
BEGIN;
UPDATE employees SET salary = salary + 186 WHERE employee_id = 65;
COMMIT;

-- UPDATING EMPLOYEE SALARY 72 --
BEGIN;
UPDATE employees SET salary = salary + 6955 WHERE employee_id = 72;
COMMIT;

-- UPDATING EMPLOYEE SALARY 25 --
BEGIN;
UPDATE employees SET salary = salary + 2744 WHERE employee_id = 25;
COMMIT;

-- UPDATING EMPLOYEE SALARY 93 --
BEGIN;
UPDATE employees SET salary = salary + 5840 WHERE employee_id = 93;
COMMIT;

-- UPDATING EMPLOYEE SALARY 74 --
BEGIN;
UPDATE employees SET salary = salary + 1491 WHERE employee_id = 74;
COMMIT;

-- INSERTING EMPLOYEE 123 --
BEGIN;
INSERT INTO employees (employee_id, first_name, last_name, email, phone_number, hire_date, job_id, salary,manager_id,department_id) VALUES (123, 'Mia', 'Wallace', 'mia.wallace@gmail.com', '555-6780', '2014-04-11', 19, 190000.00, 81, 310);
INSERT INTO dependents (dependent_id, first_name, last_name, relationship, employee_id) VALUES (355, 'Albert', 'Einstein', 'child', 123);
INSERT INTO dependents (dependent_id, first_name, last_name, relationship, employee_id) VALUES (356, 'Marie', 'Curie', 'spouse', 123);
INSERT INTO dependents (dependent_id, first_name, last_name, relationship, employee_id) VALUES (357, 'Paul', 'Newman', 'spouse', 123);
COMMIT;

-- INSERTING EMPLOYEE 124 --
BEGIN;
INSERT INTO employees (employee_id, first_name, last_name, email, phone_number, hire_date, job_id, salary,manager_id,department_id) VALUES (124, 'Vin', 'Diesel', 'vin.diesel@gmail.com', '555-5670', '2014-06-30', 37, 280000.00, 76, 253);
INSERT INTO dependents (dependent_id, first_name, last_name, relationship, employee_id) VALUES (358, 'Chris', 'Evans', 'child', 124);
INSERT INTO dependents (dependent_id, first_name, last_name, relationship, employee_id) VALUES (359, 'Dorothy', 'Hodgkin', 'parent', 124);
INSERT INTO dependents (dependent_id, first_name, last_name, relationship, employee_id) VALUES (360, 'Nikola', 'Tesla', 'spouse', 124);
INSERT INTO dependents (dependent_id, first_name, last_name, relationship, employee_id) VALUES (361, 'Louis', 'Armstrong', 'spouse', 124);
COMMIT;

-- INSERTING EMPLOYEE 125 --
BEGIN;
INSERT INTO employees (employee_id, first_name, last_name, email, phone_number, hire_date, job_id, salary,manager_id,department_id) VALUES (125, 'Brad', 'Pitt', 'brad.pitt@gmail.com', '555-7892', '2000-04-03', 39, 400000.00, 59, 597);
INSERT INTO dependents (dependent_id, first_name, last_name, relationship, employee_id) VALUES (362, 'Charles', 'Darwin', 'spouse', 125);
INSERT INTO dependents (dependent_id, first_name, last_name, relationship, employee_id) VALUES (363, 'Hugh', 'Jackman', 'spouse', 125);
INSERT INTO dependents (dependent_id, first_name, last_name, relationship, employee_id) VALUES (364, 'Carl', 'Sagan', 'child', 125);
INSERT INTO dependents (dependent_id, first_name, last_name, relationship, employee_id) VALUES (365, 'Stephen', 'Hawking', 'child', 125);
COMMIT;

-- INSERTING EMPLOYEE 126 --
BEGIN;
INSERT INTO employees (employee_id, first_name, last_name, email, phone_number, hire_date, job_id, salary,manager_id,department_id) VALUES (126, 'Will', 'Ferrell', 'will.ferrell@gmail.com', '555-6781', '2012-04-18', 14, 290000.00, 124, 211);
INSERT INTO dependents (dependent_id, first_name, last_name, relationship, employee_id) VALUES (366, 'Carl', 'Sagan', 'spouse', 126);
INSERT INTO dependents (dependent_id, first_name, last_name, relationship, employee_id) VALUES (367, 'Alan', 'Turing', 'parent', 126);
INSERT INTO dependents (dependent_id, first_name, last_name, relationship, employee_id) VALUES (368, 'Grace', 'Hopper', 'parent', 126);
COMMIT;

-- INSERTING EMPLOYEE 127 --
BEGIN;
INSERT INTO employees (employee_id, first_name, last_name, email, phone_number, hire_date, job_id, salary,manager_id,department_id) VALUES (127, 'Cameron', 'Diaz', 'cameron.diaz@gmail.com', '555-8903', '2009-09-29', 4, 410000.00, 14, 536);
INSERT INTO dependents (dependent_id, first_name, last_name, relationship, employee_id) VALUES (369, 'Rachel', 'Carson', 'parent', 127);
COMMIT;

-- DELETING EMPLOYEE 101 --
BEGIN;
DELETE FROM dependents WHERE employee_id = 101;
DELETE FROM employees WHERE employee_id = 101;
COMMIT;

-- DELETING EMPLOYEE 21 --
BEGIN;
UPDATE employees SET manager_id = 25 WHERE employee_id = 25;
UPDATE employees SET manager_id = 25 WHERE employee_id = 7;
UPDATE employees SET manager_id = 25 WHERE employee_id = 17;
UPDATE employees SET manager_id = 25 WHERE employee_id = 36;
UPDATE employees SET manager_id = 25 WHERE employee_id = 71;
UPDATE employees SET manager_id = 25 WHERE employee_id = 73;
UPDATE employees SET manager_id = 25 WHERE employee_id = 100;
DELETE FROM dependents WHERE employee_id = 21;
DELETE FROM employees WHERE employee_id = 21;
COMMIT;

-- INSERTING DEPENDENT 1 --
BEGIN;
INSERT INTO dependents (dependent_id, first_name, last_name, relationship, employee_id) VALUES (370, 'Max', 'Planck', 'child', 1);
END;

-- INSERTING DEPENDENT 26 --
BEGIN;
INSERT INTO dependents (dependent_id, first_name, last_name, relationship, employee_id) VALUES (371, 'Stephen', 'Hawking', 'spouse', 26);
END;

-- INSERTING DEPENDENT 11 --
BEGIN;
INSERT INTO dependents (dependent_id, first_name, last_name, relationship, employee_id) VALUES (372, 'Charles', 'Darwin', 'parent', 11);
END;

-- INSERTING DEPENDENT 91 --
BEGIN;
INSERT INTO dependents (dependent_id, first_name, last_name, relationship, employee_id) VALUES (373, 'Emmy', 'Noether', 'parent', 91);
END;

-- INSERTING DEPENDENT 65 --
BEGIN;
INSERT INTO dependents (dependent_id, first_name, last_name, relationship, employee_id) VALUES (374, 'Susan', 'Sarandon', 'parent', 65);
END;

-- DELETING DEPENDENT 207 --
BEGIN;
DELETE FROM dependents WHERE dependent_id = 207;
COMMIT;

-- DELETING DEPENDENT 81 --
BEGIN;
DELETE FROM dependents WHERE dependent_id = 81;
COMMIT;

-- UPDATING EMPLOYEE SALARY 68 --
BEGIN;
UPDATE employees SET salary = salary + 4107 WHERE employee_id = 68;
COMMIT;

-- UPDATING EMPLOYEE SALARY 107 --
BEGIN;
UPDATE employees SET salary = salary + 8203 WHERE employee_id = 107;
COMMIT;

-- UPDATING EMPLOYEE SALARY 49 --
BEGIN;
UPDATE employees SET salary = salary + 2325 WHERE employee_id = 49;
COMMIT;

-- UPDATING EMPLOYEE SALARY 65 --
BEGIN;
UPDATE employees SET salary = salary + 4130 WHERE employee_id = 65;
COMMIT;

-- UPDATING EMPLOYEE SALARY 122 --
BEGIN;
UPDATE employees SET salary = salary + 2638 WHERE employee_id = 122;
COMMIT;

-- UPDATING EMPLOYEE SALARY 1 --
BEGIN;
UPDATE employees SET salary = salary + 9571 WHERE employee_id = 1;
COMMIT;

-- UPDATING EMPLOYEE SALARY 59 --
BEGIN;
UPDATE employees SET salary = salary + 81 WHERE employee_id = 59;
COMMIT;

-- UPDATING EMPLOYEE SALARY 79 --
BEGIN;
UPDATE employees SET salary = salary + 7908 WHERE employee_id = 79;
COMMIT;

-- UPDATING EMPLOYEE SALARY 122 --
BEGIN;
UPDATE employees SET salary = salary + 4896 WHERE employee_id = 122;
COMMIT;

-- UPDATING EMPLOYEE SALARY 68 --
BEGIN;
UPDATE employees SET salary = salary + 7807 WHERE employee_id = 68;
COMMIT;

-- UPDATING EMPLOYEE SALARY 95 --
BEGIN;
UPDATE employees SET salary = salary + 2969 WHERE employee_id = 95;
COMMIT;

-- UPDATING EMPLOYEE SALARY 28 --
BEGIN;
UPDATE employees SET salary = salary + 5852 WHERE employee_id = 28;
COMMIT;

-- UPDATING EMPLOYEE SALARY 91 --
BEGIN;
UPDATE employees SET salary = salary + 4911 WHERE employee_id = 91;
COMMIT;

-- UPDATING EMPLOYEE SALARY 39 --
BEGIN;
UPDATE employees SET salary = salary + 2427 WHERE employee_id = 39;
COMMIT;

-- UPDATING EMPLOYEE SALARY 80 --
BEGIN;
UPDATE employees SET salary = salary + 6397 WHERE employee_id = 80;
COMMIT;

-- UPDATING EMPLOYEE SALARY 68 --
BEGIN;
UPDATE employees SET salary = salary + 8166 WHERE employee_id = 68;
COMMIT;

-- UPDATING EMPLOYEE SALARY 111 --
BEGIN;
UPDATE employees SET salary = salary + 7591 WHERE employee_id = 111;
COMMIT;

-- UPDATING EMPLOYEE SALARY 63 --
BEGIN;
UPDATE employees SET salary = salary + 8059 WHERE employee_id = 63;
COMMIT;

-- UPDATING EMPLOYEE SALARY 125 --
BEGIN;
UPDATE employees SET salary = salary + 1430 WHERE employee_id = 125;
COMMIT;

-- UPDATING EMPLOYEE SALARY 36 --
BEGIN;
UPDATE employees SET salary = salary + 7463 WHERE employee_id = 36;
COMMIT;

-- UPDATING EMPLOYEE SALARY 96 --
BEGIN;
UPDATE employees SET salary = salary + 9242 WHERE employee_id = 96;
COMMIT;

-- UPDATING EMPLOYEE SALARY 38 --
BEGIN;
UPDATE employees SET salary = salary + 682 WHERE employee_id = 38;
COMMIT;

-- UPDATING EMPLOYEE SALARY 102 --
BEGIN;
UPDATE employees SET salary = salary + 5011 WHERE employee_id = 102;
COMMIT;

-- UPDATING EMPLOYEE SALARY 36 --
BEGIN;
UPDATE employees SET salary = salary + 8333 WHERE employee_id = 36;
COMMIT;

-- UPDATING EMPLOYEE SALARY 105 --
BEGIN;
UPDATE employees SET salary = salary + 6016 WHERE employee_id = 105;
COMMIT;

-- UPDATING EMPLOYEE SALARY 127 --
BEGIN;
UPDATE employees SET salary = salary + 3980 WHERE employee_id = 127;
COMMIT;

-- UPDATING EMPLOYEE SALARY 36 --
BEGIN;
UPDATE employees SET salary = salary + 3185 WHERE employee_id = 36;
COMMIT;

-- UPDATING EMPLOYEE SALARY 109 --
BEGIN;
UPDATE employees SET salary = salary + 8924 WHERE employee_id = 109;
COMMIT;

-- UPDATING EMPLOYEE SALARY 122 --
BEGIN;
UPDATE employees SET salary = salary + 9588 WHERE employee_id = 122;
COMMIT;

-- UPDATING EMPLOYEE SALARY 110 --
BEGIN;
UPDATE employees SET salary = salary + 1628 WHERE employee_id = 110;
COMMIT;

-- UPDATING EMPLOYEE SALARY 84 --
BEGIN;
UPDATE employees SET salary = salary + 5390 WHERE employee_id = 84;
COMMIT;

-- UPDATING EMPLOYEE SALARY 79 --
BEGIN;
UPDATE employees SET salary = salary + 7066 WHERE employee_id = 79;
COMMIT;

-- UPDATING EMPLOYEE SALARY 103 --
BEGIN;
UPDATE employees SET salary = salary + 2633 WHERE employee_id = 103;
COMMIT;

-- UPDATING EMPLOYEE SALARY 89 --
BEGIN;
UPDATE employees SET salary = salary + 9579 WHERE employee_id = 89;
COMMIT;

-- UPDATING EMPLOYEE SALARY 63 --
BEGIN;
UPDATE employees SET salary = salary + 3896 WHERE employee_id = 63;
COMMIT;

-- UPDATING EMPLOYEE SALARY 59 --
BEGIN;
UPDATE employees SET salary = salary + 4652 WHERE employee_id = 59;
COMMIT;

-- UPDATING EMPLOYEE SALARY 122 --
BEGIN;
UPDATE employees SET salary = salary + 6744 WHERE employee_id = 122;
COMMIT;

-- UPDATING EMPLOYEE SALARY 120 --
BEGIN;
UPDATE employees SET salary = salary + 9779 WHERE employee_id = 120;
COMMIT;

-- UPDATING EMPLOYEE SALARY 22 --
BEGIN;
UPDATE employees SET salary = salary + 8051 WHERE employee_id = 22;
COMMIT;

-- UPDATING EMPLOYEE SALARY 1 --
BEGIN;
UPDATE employees SET salary = salary + 5930 WHERE employee_id = 1;
COMMIT;

-- UPDATING EMPLOYEE SALARY 110 --
BEGIN;
UPDATE employees SET salary = salary + 4794 WHERE employee_id = 110;
COMMIT;

-- UPDATING EMPLOYEE SALARY 94 --
BEGIN;
UPDATE employees SET salary = salary + 417 WHERE employee_id = 94;
COMMIT;

-- UPDATING EMPLOYEE SALARY 59 --
BEGIN;
UPDATE employees SET salary = salary + 8896 WHERE employee_id = 59;
COMMIT;

-- UPDATING EMPLOYEE SALARY 127 --
BEGIN;
UPDATE employees SET salary = salary + 5493 WHERE employee_id = 127;
COMMIT;

-- UPDATING EMPLOYEE SALARY 58 --
BEGIN;
UPDATE employees SET salary = salary + 9718 WHERE employee_id = 58;
COMMIT;

-- UPDATING EMPLOYEE SALARY 88 --
BEGIN;
UPDATE employees SET salary = salary + 2849 WHERE employee_id = 88;
COMMIT;

-- UPDATING EMPLOYEE SALARY 73 --
BEGIN;
UPDATE employees SET salary = salary + 6906 WHERE employee_id = 73;
COMMIT;

-- UPDATING EMPLOYEE SALARY 58 --
BEGIN;
UPDATE employees SET salary = salary + 8008 WHERE employee_id = 58;
COMMIT;

-- UPDATING EMPLOYEE SALARY 89 --
BEGIN;
UPDATE employees SET salary = salary + 8432 WHERE employee_id = 89;
COMMIT;

-- UPDATING EMPLOYEE SALARY 119 --
BEGIN;
UPDATE employees SET salary = salary + 3586 WHERE employee_id = 119;
COMMIT;

-- UPDATING EMPLOYEE SALARY 123 --
BEGIN;
UPDATE employees SET salary = salary + 4443 WHERE employee_id = 123;
COMMIT;

-- UPDATING EMPLOYEE SALARY 125 --
BEGIN;
UPDATE employees SET salary = salary + 4990 WHERE employee_id = 125;
COMMIT;

-- UPDATING EMPLOYEE SALARY 17 --
BEGIN;
UPDATE employees SET salary = salary + 7957 WHERE employee_id = 17;
COMMIT;

-- UPDATING EMPLOYEE SALARY 95 --
BEGIN;
UPDATE employees SET salary = salary + 553 WHERE employee_id = 95;
COMMIT;

-- UPDATING EMPLOYEE SALARY 76 --
BEGIN;
UPDATE employees SET salary = salary + 3222 WHERE employee_id = 76;
COMMIT;

-- UPDATING EMPLOYEE SALARY 26 --
BEGIN;
UPDATE employees SET salary = salary + 2011 WHERE employee_id = 26;
COMMIT;

-- UPDATING EMPLOYEE SALARY 120 --
BEGIN;
UPDATE employees SET salary = salary + 3436 WHERE employee_id = 120;
COMMIT;

-- UPDATING EMPLOYEE SALARY 11 --
BEGIN;
UPDATE employees SET salary = salary + 9663 WHERE employee_id = 11;
COMMIT;

-- UPDATING EMPLOYEE SALARY 98 --
BEGIN;
UPDATE employees SET salary = salary + 4172 WHERE employee_id = 98;
COMMIT;

-- UPDATING EMPLOYEE SALARY 61 --
BEGIN;
UPDATE employees SET salary = salary + 7210 WHERE employee_id = 61;
COMMIT;

-- UPDATING EMPLOYEE SALARY 114 --
BEGIN;
UPDATE employees SET salary = salary + 8604 WHERE employee_id = 114;
COMMIT;

-- UPDATING EMPLOYEE SALARY 81 --
BEGIN;
UPDATE employees SET salary = salary + 2698 WHERE employee_id = 81;
COMMIT;

-- UPDATING EMPLOYEE SALARY 77 --
BEGIN;
UPDATE employees SET salary = salary + 4771 WHERE employee_id = 77;
COMMIT;

-- UPDATING EMPLOYEE SALARY 126 --
BEGIN;
UPDATE employees SET salary = salary + 9471 WHERE employee_id = 126;
COMMIT;

-- UPDATING EMPLOYEE SALARY 90 --
BEGIN;
UPDATE employees SET salary = salary + 5163 WHERE employee_id = 90;
COMMIT;

-- UPDATING EMPLOYEE SALARY 93 --
BEGIN;
UPDATE employees SET salary = salary + 7825 WHERE employee_id = 93;
COMMIT;

-- UPDATING EMPLOYEE SALARY 41 --
BEGIN;
UPDATE employees SET salary = salary + 8185 WHERE employee_id = 41;
COMMIT;

-- UPDATING EMPLOYEE SALARY 87 --
BEGIN;
UPDATE employees SET salary = salary + 3873 WHERE employee_id = 87;
COMMIT;

-- UPDATING EMPLOYEE SALARY 116 --
BEGIN;
UPDATE employees SET salary = salary + 5381 WHERE employee_id = 116;
COMMIT;

-- UPDATING EMPLOYEE SALARY 108 --
BEGIN;
UPDATE employees SET salary = salary + 4232 WHERE employee_id = 108;
COMMIT;

-- UPDATING EMPLOYEE SALARY 36 --
BEGIN;
UPDATE employees SET salary = salary + 7165 WHERE employee_id = 36;
COMMIT;

-- UPDATING EMPLOYEE SALARY 104 --
BEGIN;
UPDATE employees SET salary = salary + 3628 WHERE employee_id = 104;
COMMIT;

-- UPDATING EMPLOYEE SALARY 35 --
BEGIN;
UPDATE employees SET salary = salary + 6338 WHERE employee_id = 35;
COMMIT;

-- UPDATING EMPLOYEE SALARY 112 --
BEGIN;
UPDATE employees SET salary = salary + 3802 WHERE employee_id = 112;
COMMIT;

-- UPDATING EMPLOYEE SALARY 65 --
BEGIN;
UPDATE employees SET salary = salary + 9995 WHERE employee_id = 65;
COMMIT;

-- UPDATING EMPLOYEE SALARY 86 --
BEGIN;
UPDATE employees SET salary = salary + 5181 WHERE employee_id = 86;
COMMIT;

-- UPDATING EMPLOYEE SALARY 65 --
BEGIN;
UPDATE employees SET salary = salary + 643 WHERE employee_id = 65;
COMMIT;

-- INSERTING EMPLOYEE 128 --
BEGIN;
INSERT INTO employees (employee_id, first_name, last_name, email, phone_number, hire_date, job_id, salary,manager_id,department_id) VALUES (128, 'Samuel', 'Jackson', 'samuel.jackson@gmail.com', '555-8903', '2010-03-22', 46, 310000.00, 87, 659);
INSERT INTO dependents (dependent_id, first_name, last_name, relationship, employee_id) VALUES (375, 'Alan', 'Turing', 'parent', 128);
COMMIT;

-- INSERTING EMPLOYEE 129 --
BEGIN;
INSERT INTO employees (employee_id, first_name, last_name, email, phone_number, hire_date, job_id, salary,manager_id,department_id) VALUES (129, 'Samuel', 'Jackson', 'samuel.jackson@gmail.com', '555-8903', '2023-05-24', 10, 310000.00, 116, 289);
INSERT INTO dependents (dependent_id, first_name, last_name, relationship, employee_id) VALUES (376, 'Robert', 'Redford', 'parent', 129);
INSERT INTO dependents (dependent_id, first_name, last_name, relationship, employee_id) VALUES (377, 'Carl', 'Sagan', 'spouse', 129);
COMMIT;

-- INSERTING EMPLOYEE 130 --
BEGIN;
INSERT INTO employees (employee_id, first_name, last_name, email, phone_number, hire_date, job_id, salary,manager_id,department_id) VALUES (130, 'Katherine', 'Johnson', 'katherine.johnson@gmail.com', '555-8901', '2000-02-08', 25, 170000.00, 49, 58);
COMMIT;

-- DELETING EMPLOYEE 98 --
BEGIN;
UPDATE employees SET manager_id = 73 WHERE employee_id = 111;
DELETE FROM dependents WHERE employee_id = 98;
DELETE FROM employees WHERE employee_id = 98;
COMMIT;

-- DELETING EMPLOYEE 52 --
BEGIN;
UPDATE employees SET manager_id = 68 WHERE employee_id = 117;
DELETE FROM dependents WHERE employee_id = 52;
DELETE FROM employees WHERE employee_id = 52;
COMMIT;

-- INSERTING DEPENDENT 130 --
BEGIN;
INSERT INTO dependents (dependent_id, first_name, last_name, relationship, employee_id) VALUES (378, 'Grace', 'Kelly', 'child', 130);
END;

-- INSERTING DEPENDENT 105 --
BEGIN;
INSERT INTO dependents (dependent_id, first_name, last_name, relationship, employee_id) VALUES (379, 'Isaac', 'Newton', 'parent', 105);
END;

-- INSERTING DEPENDENT 49 --
BEGIN;
INSERT INTO dependents (dependent_id, first_name, last_name, relationship, employee_id) VALUES (380, 'Louis', 'Pasteur', 'child', 49);
END;

-- DELETING DEPENDENT 327 --
BEGIN;
DELETE FROM dependents WHERE dependent_id = 327;
COMMIT;

-- DELETING DEPENDENT 315 --
BEGIN;
DELETE FROM dependents WHERE dependent_id = 315;
COMMIT;

-- UPDATING EMPLOYEE SALARY 46 --
BEGIN;
UPDATE employees SET salary = salary + 9405 WHERE employee_id = 46;
COMMIT;

-- UPDATING EMPLOYEE SALARY 54 --
BEGIN;
UPDATE employees SET salary = salary + 3425 WHERE employee_id = 54;
COMMIT;

-- UPDATING EMPLOYEE SALARY 107 --
BEGIN;
UPDATE employees SET salary = salary + 1821 WHERE employee_id = 107;
COMMIT;

-- UPDATING EMPLOYEE SALARY 106 --
BEGIN;
UPDATE employees SET salary = salary + 1317 WHERE employee_id = 106;
COMMIT;

-- UPDATING EMPLOYEE SALARY 119 --
BEGIN;
UPDATE employees SET salary = salary + 468 WHERE employee_id = 119;
COMMIT;

-- UPDATING EMPLOYEE SALARY 85 --
BEGIN;
UPDATE employees SET salary = salary + 8540 WHERE employee_id = 85;
COMMIT;

-- UPDATING EMPLOYEE SALARY 6 --
BEGIN;
UPDATE employees SET salary = salary + 6201 WHERE employee_id = 6;
COMMIT;

-- UPDATING EMPLOYEE SALARY 109 --
BEGIN;
UPDATE employees SET salary = salary + 2740 WHERE employee_id = 109;
COMMIT;

-- UPDATING EMPLOYEE SALARY 126 --
BEGIN;
UPDATE employees SET salary = salary + 7699 WHERE employee_id = 126;
COMMIT;

-- UPDATING EMPLOYEE SALARY 75 --
BEGIN;
UPDATE employees SET salary = salary + 6836 WHERE employee_id = 75;
COMMIT;

-- UPDATING EMPLOYEE SALARY 36 --
BEGIN;
UPDATE employees SET salary = salary + 9019 WHERE employee_id = 36;
COMMIT;

-- UPDATING EMPLOYEE SALARY 79 --
BEGIN;
UPDATE employees SET salary = salary + 5745 WHERE employee_id = 79;
COMMIT;

-- UPDATING EMPLOYEE SALARY 59 --
BEGIN;
UPDATE employees SET salary = salary + 7642 WHERE employee_id = 59;
COMMIT;

-- UPDATING EMPLOYEE SALARY 11 --
BEGIN;
UPDATE employees SET salary = salary + 5199 WHERE employee_id = 11;
COMMIT;

-- UPDATING EMPLOYEE SALARY 89 --
BEGIN;
UPDATE employees SET salary = salary + 1365 WHERE employee_id = 89;
COMMIT;

-- UPDATING EMPLOYEE SALARY 22 --
BEGIN;
UPDATE employees SET salary = salary + 9895 WHERE employee_id = 22;
COMMIT;

-- UPDATING EMPLOYEE SALARY 91 --
BEGIN;
UPDATE employees SET salary = salary + 9634 WHERE employee_id = 91;
COMMIT;

-- UPDATING EMPLOYEE SALARY 89 --
BEGIN;
UPDATE employees SET salary = salary + 4831 WHERE employee_id = 89;
COMMIT;

-- UPDATING EMPLOYEE SALARY 61 --
BEGIN;
UPDATE employees SET salary = salary + 3933 WHERE employee_id = 61;
COMMIT;

-- UPDATING EMPLOYEE SALARY 110 --
BEGIN;
UPDATE employees SET salary = salary + 1197 WHERE employee_id = 110;
COMMIT;

-- UPDATING EMPLOYEE SALARY 126 --
BEGIN;
UPDATE employees SET salary = salary + 5285 WHERE employee_id = 126;
COMMIT;

-- UPDATING EMPLOYEE SALARY 107 --
BEGIN;
UPDATE employees SET salary = salary + 5877 WHERE employee_id = 107;
COMMIT;

-- UPDATING EMPLOYEE SALARY 27 --
BEGIN;
UPDATE employees SET salary = salary + 8054 WHERE employee_id = 27;
COMMIT;

-- UPDATING EMPLOYEE SALARY 119 --
BEGIN;
UPDATE employees SET salary = salary + 3199 WHERE employee_id = 119;
COMMIT;

-- UPDATING EMPLOYEE SALARY 80 --
BEGIN;
UPDATE employees SET salary = salary + 4654 WHERE employee_id = 80;
COMMIT;

-- UPDATING EMPLOYEE SALARY 128 --
BEGIN;
UPDATE employees SET salary = salary + 7656 WHERE employee_id = 128;
COMMIT;

-- UPDATING EMPLOYEE SALARY 102 --
BEGIN;
UPDATE employees SET salary = salary + 5230 WHERE employee_id = 102;
COMMIT;

-- UPDATING EMPLOYEE SALARY 25 --
BEGIN;
UPDATE employees SET salary = salary + 654 WHERE employee_id = 25;
COMMIT;

-- UPDATING EMPLOYEE SALARY 88 --
BEGIN;
UPDATE employees SET salary = salary + 7011 WHERE employee_id = 88;
COMMIT;

-- UPDATING EMPLOYEE SALARY 77 --
BEGIN;
UPDATE employees SET salary = salary + 38 WHERE employee_id = 77;
COMMIT;

-- UPDATING EMPLOYEE SALARY 80 --
BEGIN;
UPDATE employees SET salary = salary + 6561 WHERE employee_id = 80;
COMMIT;

-- UPDATING EMPLOYEE SALARY 44 --
BEGIN;
UPDATE employees SET salary = salary + 3200 WHERE employee_id = 44;
COMMIT;

-- UPDATING EMPLOYEE SALARY 38 --
BEGIN;
UPDATE employees SET salary = salary + 8118 WHERE employee_id = 38;
COMMIT;

-- UPDATING EMPLOYEE SALARY 78 --
BEGIN;
UPDATE employees SET salary = salary + 9190 WHERE employee_id = 78;
COMMIT;

-- INSERTING EMPLOYEE 131 --
BEGIN;
INSERT INTO employees (employee_id, first_name, last_name, email, phone_number, hire_date, job_id, salary,manager_id,department_id) VALUES (131, 'Paul', 'Rudd', 'paul.rudd@gmail.com', '555-1236', '2006-06-15', 7, 540000.00, 28, 250);
COMMIT;

-- INSERTING EMPLOYEE 132 --
BEGIN;
INSERT INTO employees (employee_id, first_name, last_name, email, phone_number, hire_date, job_id, salary,manager_id,department_id) VALUES (132, 'Aaron', 'Paul', 'aaron.paul@gmail.com', '555-6781', '2014-12-14', 12, 390000.00, 127, 496);
COMMIT;

-- INSERTING DEPENDENT 33 --
BEGIN;
INSERT INTO dependents (dependent_id, first_name, last_name, relationship, employee_id) VALUES (381, 'Werner', 'Heisenberg', 'child', 33);
END;

-- INSERTING DEPENDENT 75 --
BEGIN;
INSERT INTO dependents (dependent_id, first_name, last_name, relationship, employee_id) VALUES (382, 'Paul', 'Newman', 'child', 75);
END;

-- UPDATING EMPLOYEE SALARY 103 --
BEGIN;
UPDATE employees SET salary = salary + 9192 WHERE employee_id = 103;
COMMIT;

-- UPDATING EMPLOYEE SALARY 97 --
BEGIN;
UPDATE employees SET salary = salary + 2004 WHERE employee_id = 97;
COMMIT;

-- UPDATING EMPLOYEE SALARY 97 --
BEGIN;
UPDATE employees SET salary = salary + 2649 WHERE employee_id = 97;
COMMIT;

-- UPDATING EMPLOYEE SALARY 58 --
BEGIN;
UPDATE employees SET salary = salary + 1707 WHERE employee_id = 58;
COMMIT;

-- UPDATING EMPLOYEE SALARY 127 --
BEGIN;
UPDATE employees SET salary = salary + 2373 WHERE employee_id = 127;
COMMIT;

-- UPDATING EMPLOYEE SALARY 95 --
BEGIN;
UPDATE employees SET salary = salary + 4457 WHERE employee_id = 95;
COMMIT;

-- UPDATING EMPLOYEE SALARY 37 --
BEGIN;
UPDATE employees SET salary = salary + 1411 WHERE employee_id = 37;
COMMIT;

-- UPDATING EMPLOYEE SALARY 100 --
BEGIN;
UPDATE employees SET salary = salary + 9276 WHERE employee_id = 100;
COMMIT;

-- UPDATING EMPLOYEE SALARY 67 --
BEGIN;
UPDATE employees SET salary = salary + 1000 WHERE employee_id = 67;
COMMIT;

-- UPDATING EMPLOYEE SALARY 90 --
BEGIN;
UPDATE employees SET salary = salary + 8636 WHERE employee_id = 90;
COMMIT;

-- UPDATING EMPLOYEE SALARY 116 --
BEGIN;
UPDATE employees SET salary = salary + 6296 WHERE employee_id = 116;
COMMIT;

-- UPDATING EMPLOYEE SALARY 9 --
BEGIN;
UPDATE employees SET salary = salary + 5319 WHERE employee_id = 9;
COMMIT;

-- UPDATING EMPLOYEE SALARY 22 --
BEGIN;
UPDATE employees SET salary = salary + 6464 WHERE employee_id = 22;
COMMIT;

-- UPDATING EMPLOYEE SALARY 129 --
BEGIN;
UPDATE employees SET salary = salary + 761 WHERE employee_id = 129;
COMMIT;

-- UPDATING EMPLOYEE SALARY 103 --
BEGIN;
UPDATE employees SET salary = salary + 2189 WHERE employee_id = 103;
COMMIT;

-- UPDATING EMPLOYEE SALARY 68 --
BEGIN;
UPDATE employees SET salary = salary + 4923 WHERE employee_id = 68;
COMMIT;

-- UPDATING EMPLOYEE SALARY 116 --
BEGIN;
UPDATE employees SET salary = salary + 4927 WHERE employee_id = 116;
COMMIT;

-- UPDATING EMPLOYEE SALARY 111 --
BEGIN;
UPDATE employees SET salary = salary + 502 WHERE employee_id = 111;
COMMIT;

-- UPDATING EMPLOYEE SALARY 62 --
BEGIN;
UPDATE employees SET salary = salary + 8473 WHERE employee_id = 62;
COMMIT;

-- UPDATING EMPLOYEE SALARY 122 --
BEGIN;
UPDATE employees SET salary = salary + 9795 WHERE employee_id = 122;
COMMIT;

-- UPDATING EMPLOYEE SALARY 14 --
BEGIN;
UPDATE employees SET salary = salary + 3964 WHERE employee_id = 14;
COMMIT;

-- UPDATING EMPLOYEE SALARY 89 --
BEGIN;
UPDATE employees SET salary = salary + 3366 WHERE employee_id = 89;
COMMIT;

-- UPDATING EMPLOYEE SALARY 105 --
BEGIN;
UPDATE employees SET salary = salary + 3259 WHERE employee_id = 105;
COMMIT;

-- UPDATING EMPLOYEE SALARY 132 --
BEGIN;
UPDATE employees SET salary = salary + 9938 WHERE employee_id = 132;
COMMIT;

-- UPDATING EMPLOYEE SALARY 97 --
BEGIN;
UPDATE employees SET salary = salary + 8752 WHERE employee_id = 97;
COMMIT;

-- UPDATING EMPLOYEE SALARY 1 --
BEGIN;
UPDATE employees SET salary = salary + 664 WHERE employee_id = 1;
COMMIT;

-- UPDATING EMPLOYEE SALARY 68 --
BEGIN;
UPDATE employees SET salary = salary + 1503 WHERE employee_id = 68;
COMMIT;

-- UPDATING EMPLOYEE SALARY 36 --
BEGIN;
UPDATE employees SET salary = salary + 2764 WHERE employee_id = 36;
COMMIT;

-- UPDATING EMPLOYEE SALARY 121 --
BEGIN;
UPDATE employees SET salary = salary + 3065 WHERE employee_id = 121;
COMMIT;

-- UPDATING EMPLOYEE SALARY 80 --
BEGIN;
UPDATE employees SET salary = salary + 5635 WHERE employee_id = 80;
COMMIT;

-- UPDATING EMPLOYEE SALARY 93 --
BEGIN;
UPDATE employees SET salary = salary + 3927 WHERE employee_id = 93;
COMMIT;

-- UPDATING EMPLOYEE SALARY 87 --
BEGIN;
UPDATE employees SET salary = salary + 510 WHERE employee_id = 87;
COMMIT;

-- UPDATING EMPLOYEE SALARY 114 --
BEGIN;
UPDATE employees SET salary = salary + 4910 WHERE employee_id = 114;
COMMIT;

-- UPDATING EMPLOYEE SALARY 74 --
BEGIN;
UPDATE employees SET salary = salary + 2150 WHERE employee_id = 74;
COMMIT;

-- UPDATING EMPLOYEE SALARY 61 --
BEGIN;
UPDATE employees SET salary = salary + 7393 WHERE employee_id = 61;
COMMIT;

-- UPDATING EMPLOYEE SALARY 106 --
BEGIN;
UPDATE employees SET salary = salary + 6960 WHERE employee_id = 106;
COMMIT;

-- UPDATING EMPLOYEE SALARY 104 --
BEGIN;
UPDATE employees SET salary = salary + 8855 WHERE employee_id = 104;
COMMIT;

-- UPDATING EMPLOYEE SALARY 99 --
BEGIN;
UPDATE employees SET salary = salary + 7203 WHERE employee_id = 99;
COMMIT;

-- UPDATING EMPLOYEE SALARY 109 --
BEGIN;
UPDATE employees SET salary = salary + 6974 WHERE employee_id = 109;
COMMIT;

-- UPDATING EMPLOYEE SALARY 124 --
BEGIN;
UPDATE employees SET salary = salary + 7992 WHERE employee_id = 124;
COMMIT;

-- UPDATING EMPLOYEE SALARY 111 --
BEGIN;
UPDATE employees SET salary = salary + 4295 WHERE employee_id = 111;
COMMIT;

-- UPDATING EMPLOYEE SALARY 86 --
BEGIN;
UPDATE employees SET salary = salary + 1370 WHERE employee_id = 86;
COMMIT;

-- UPDATING EMPLOYEE SALARY 90 --
BEGIN;
UPDATE employees SET salary = salary + 1100 WHERE employee_id = 90;
COMMIT;

-- UPDATING EMPLOYEE SALARY 9 --
BEGIN;
UPDATE employees SET salary = salary + 3314 WHERE employee_id = 9;
COMMIT;

-- UPDATING EMPLOYEE SALARY 65 --
BEGIN;
UPDATE employees SET salary = salary + 1839 WHERE employee_id = 65;
COMMIT;

-- UPDATING EMPLOYEE SALARY 78 --
BEGIN;
UPDATE employees SET salary = salary + 2901 WHERE employee_id = 78;
COMMIT;

-- UPDATING EMPLOYEE SALARY 108 --
BEGIN;
UPDATE employees SET salary = salary + 4191 WHERE employee_id = 108;
COMMIT;

-- UPDATING EMPLOYEE SALARY 75 --
BEGIN;
UPDATE employees SET salary = salary + 7792 WHERE employee_id = 75;
COMMIT;

-- UPDATING EMPLOYEE SALARY 64 --
BEGIN;
UPDATE employees SET salary = salary + 6457 WHERE employee_id = 64;
COMMIT;

-- UPDATING EMPLOYEE SALARY 1 --
BEGIN;
UPDATE employees SET salary = salary + 899 WHERE employee_id = 1;
COMMIT;

-- UPDATING EMPLOYEE SALARY 28 --
BEGIN;
UPDATE employees SET salary = salary + 6097 WHERE employee_id = 28;
COMMIT;

-- UPDATING EMPLOYEE SALARY 35 --
BEGIN;
UPDATE employees SET salary = salary + 2086 WHERE employee_id = 35;
COMMIT;

-- UPDATING EMPLOYEE SALARY 124 --
BEGIN;
UPDATE employees SET salary = salary + 8233 WHERE employee_id = 124;
COMMIT;

-- UPDATING EMPLOYEE SALARY 100 --
BEGIN;
UPDATE employees SET salary = salary + 7880 WHERE employee_id = 100;
COMMIT;

-- UPDATING EMPLOYEE SALARY 71 --
BEGIN;
UPDATE employees SET salary = salary + 5898 WHERE employee_id = 71;
COMMIT;

-- UPDATING EMPLOYEE SALARY 122 --
BEGIN;
UPDATE employees SET salary = salary + 8169 WHERE employee_id = 122;
COMMIT;

-- UPDATING EMPLOYEE SALARY 68 --
BEGIN;
UPDATE employees SET salary = salary + 6902 WHERE employee_id = 68;
COMMIT;

-- UPDATING EMPLOYEE SALARY 61 --
BEGIN;
UPDATE employees SET salary = salary + 7031 WHERE employee_id = 61;
COMMIT;

-- UPDATING EMPLOYEE SALARY 126 --
BEGIN;
UPDATE employees SET salary = salary + 776 WHERE employee_id = 126;
COMMIT;

-- UPDATING EMPLOYEE SALARY 94 --
BEGIN;
UPDATE employees SET salary = salary + 7751 WHERE employee_id = 94;
COMMIT;

-- UPDATING EMPLOYEE SALARY 130 --
BEGIN;
UPDATE employees SET salary = salary + 7334 WHERE employee_id = 130;
COMMIT;

-- UPDATING EMPLOYEE SALARY 124 --
BEGIN;
UPDATE employees SET salary = salary + 504 WHERE employee_id = 124;
COMMIT;

-- UPDATING EMPLOYEE SALARY 38 --
BEGIN;
UPDATE employees SET salary = salary + 8696 WHERE employee_id = 38;
COMMIT;

-- UPDATING EMPLOYEE SALARY 96 --
BEGIN;
UPDATE employees SET salary = salary + 8592 WHERE employee_id = 96;
COMMIT;

-- UPDATING EMPLOYEE SALARY 105 --
BEGIN;
UPDATE employees SET salary = salary + 1151 WHERE employee_id = 105;
COMMIT;

-- INSERTING EMPLOYEE 133 --
BEGIN;
INSERT INTO employees (employee_id, first_name, last_name, email, phone_number, hire_date, job_id, salary,manager_id,department_id) VALUES (133, 'Bob', 'Brown', 'bob.brown@gmail.com', '555-4321', '1997-09-18', 27, 80000.00, 37, 175);
COMMIT;

-- INSERTING EMPLOYEE 134 --
BEGIN;
INSERT INTO employees (employee_id, first_name, last_name, email, phone_number, hire_date, job_id, salary,manager_id,department_id) VALUES (134, 'Steve', 'Jobs', 'steve.jobs@gmail.com', '555-2347', '1997-06-15', 1, 250000.00, 84, 370);
INSERT INTO dependents (dependent_id, first_name, last_name, relationship, employee_id) VALUES (383, 'Grace', 'Kelly', 'child', 134);
INSERT INTO dependents (dependent_id, first_name, last_name, relationship, employee_id) VALUES (384, 'David', 'Hilbert', 'child', 134);
INSERT INTO dependents (dependent_id, first_name, last_name, relationship, employee_id) VALUES (385, 'Lise', 'Meitner', 'parent', 134);
COMMIT;

-- INSERTING EMPLOYEE 135 --
BEGIN;
INSERT INTO employees (employee_id, first_name, last_name, email, phone_number, hire_date, job_id, salary,manager_id,department_id) VALUES (135, 'Hugh', 'Jackman', 'hugh.jackman@gmail.com', '555-3458', '1995-09-14', 5, 460000.00, 76, 541);
INSERT INTO dependents (dependent_id, first_name, last_name, relationship, employee_id) VALUES (386, 'Frank', 'Sinatra', 'parent', 135);
INSERT INTO dependents (dependent_id, first_name, last_name, relationship, employee_id) VALUES (387, 'Alan', 'Turing', 'spouse', 135);
COMMIT;

-- INSERTING EMPLOYEE 136 --
BEGIN;
INSERT INTO employees (employee_id, first_name, last_name, email, phone_number, hire_date, job_id, salary,manager_id,department_id) VALUES (136, 'Ethan', 'Hunt', 'ethan.hunt@gmail.com', '555-7890', '2017-02-08', 13, 110000.00, 123, 479);
INSERT INTO dependents (dependent_id, first_name, last_name, relationship, employee_id) VALUES (388, 'Grace', 'Hopper', 'parent', 136);
INSERT INTO dependents (dependent_id, first_name, last_name, relationship, employee_id) VALUES (389, 'Frank', 'Sinatra', 'child', 136);
COMMIT;

-- INSERTING EMPLOYEE 137 --
BEGIN;
INSERT INTO employees (employee_id, first_name, last_name, email, phone_number, hire_date, job_id, salary,manager_id,department_id) VALUES (137, 'Jack', 'Sparrow', 'jack.sparrow@gmail.com', '555-4567', '2023-01-09', 44, 160000.00, 127, 520);
COMMIT;

-- DELETING EMPLOYEE 109 --
BEGIN;
DELETE FROM dependents WHERE employee_id = 109;
DELETE FROM employees WHERE employee_id = 109;
COMMIT;

-- INSERTING DEPENDENT 129 --
BEGIN;
INSERT INTO dependents (dependent_id, first_name, last_name, relationship, employee_id) VALUES (390, 'Robert', 'Redford', 'child', 129);
END;

-- INSERTING DEPENDENT 66 --
BEGIN;
INSERT INTO dependents (dependent_id, first_name, last_name, relationship, employee_id) VALUES (391, 'James', 'Maxwell', 'spouse', 66);
END;

-- INSERTING DEPENDENT 80 --
BEGIN;
INSERT INTO dependents (dependent_id, first_name, last_name, relationship, employee_id) VALUES (392, 'Rita', 'Levi-Montalcini', 'spouse', 80);
END;

-- INSERTING DEPENDENT 62 --
BEGIN;
INSERT INTO dependents (dependent_id, first_name, last_name, relationship, employee_id) VALUES (393, 'Marie', 'Curie', 'parent', 62);
END;

-- INSERTING DEPENDENT 121 --
BEGIN;
INSERT INTO dependents (dependent_id, first_name, last_name, relationship, employee_id) VALUES (394, 'Tom', 'Cruise', 'parent', 121);
END;

-- DELETING DEPENDENT 173 --
BEGIN;
DELETE FROM dependents WHERE dependent_id = 173;
COMMIT;

-- UPDATING EMPLOYEE SALARY 25 --
BEGIN;
UPDATE employees SET salary = salary + 9059 WHERE employee_id = 25;
COMMIT;

-- UPDATING EMPLOYEE SALARY 25 --
BEGIN;
UPDATE employees SET salary = salary + 4418 WHERE employee_id = 25;
COMMIT;

-- UPDATING EMPLOYEE SALARY 41 --
BEGIN;
UPDATE employees SET salary = salary + 1660 WHERE employee_id = 41;
COMMIT;

-- UPDATING EMPLOYEE SALARY 63 --
BEGIN;
UPDATE employees SET salary = salary + 9549 WHERE employee_id = 63;
COMMIT;

-- UPDATING EMPLOYEE SALARY 88 --
BEGIN;
UPDATE employees SET salary = salary + 9048 WHERE employee_id = 88;
COMMIT;

-- UPDATING EMPLOYEE SALARY 100 --
BEGIN;
UPDATE employees SET salary = salary + 8861 WHERE employee_id = 100;
COMMIT;

-- UPDATING EMPLOYEE SALARY 58 --
BEGIN;
UPDATE employees SET salary = salary + 3116 WHERE employee_id = 58;
COMMIT;

-- UPDATING EMPLOYEE SALARY 60 --
BEGIN;
UPDATE employees SET salary = salary + 1512 WHERE employee_id = 60;
COMMIT;

-- UPDATING EMPLOYEE SALARY 90 --
BEGIN;
UPDATE employees SET salary = salary + 9962 WHERE employee_id = 90;
COMMIT;

-- UPDATING EMPLOYEE SALARY 82 --
BEGIN;
UPDATE employees SET salary = salary + 492 WHERE employee_id = 82;
COMMIT;

-- UPDATING EMPLOYEE SALARY 70 --
BEGIN;
UPDATE employees SET salary = salary + 3970 WHERE employee_id = 70;
COMMIT;

-- UPDATING EMPLOYEE SALARY 75 --
BEGIN;
UPDATE employees SET salary = salary + 3820 WHERE employee_id = 75;
COMMIT;

-- UPDATING EMPLOYEE SALARY 34 --
BEGIN;
UPDATE employees SET salary = salary + 3569 WHERE employee_id = 34;
COMMIT;

-- UPDATING EMPLOYEE SALARY 86 --
BEGIN;
UPDATE employees SET salary = salary + 1496 WHERE employee_id = 86;
COMMIT;

-- UPDATING EMPLOYEE SALARY 95 --
BEGIN;
UPDATE employees SET salary = salary + 1397 WHERE employee_id = 95;
COMMIT;

-- UPDATING EMPLOYEE SALARY 27 --
BEGIN;
UPDATE employees SET salary = salary + 7105 WHERE employee_id = 27;
COMMIT;

-- UPDATING EMPLOYEE SALARY 67 --
BEGIN;
UPDATE employees SET salary = salary + 247 WHERE employee_id = 67;
COMMIT;

-- UPDATING EMPLOYEE SALARY 114 --
BEGIN;
UPDATE employees SET salary = salary + 3416 WHERE employee_id = 114;
COMMIT;

-- UPDATING EMPLOYEE SALARY 116 --
BEGIN;
UPDATE employees SET salary = salary + 6773 WHERE employee_id = 116;
COMMIT;

-- UPDATING EMPLOYEE SALARY 110 --
BEGIN;
UPDATE employees SET salary = salary + 793 WHERE employee_id = 110;
COMMIT;

-- UPDATING EMPLOYEE SALARY 122 --
BEGIN;
UPDATE employees SET salary = salary + 708 WHERE employee_id = 122;
COMMIT;

-- UPDATING EMPLOYEE SALARY 22 --
BEGIN;
UPDATE employees SET salary = salary + 5229 WHERE employee_id = 22;
COMMIT;

-- UPDATING EMPLOYEE SALARY 37 --
BEGIN;
UPDATE employees SET salary = salary + 5474 WHERE employee_id = 37;
COMMIT;

-- UPDATING EMPLOYEE SALARY 33 --
BEGIN;
UPDATE employees SET salary = salary + 5647 WHERE employee_id = 33;
COMMIT;

-- UPDATING EMPLOYEE SALARY 137 --
BEGIN;
UPDATE employees SET salary = salary + 6700 WHERE employee_id = 137;
COMMIT;

-- UPDATING EMPLOYEE SALARY 120 --
BEGIN;
UPDATE employees SET salary = salary + 4790 WHERE employee_id = 120;
COMMIT;

-- UPDATING EMPLOYEE SALARY 89 --
BEGIN;
UPDATE employees SET salary = salary + 5353 WHERE employee_id = 89;
COMMIT;

-- UPDATING EMPLOYEE SALARY 14 --
BEGIN;
UPDATE employees SET salary = salary + 3494 WHERE employee_id = 14;
COMMIT;

-- UPDATING EMPLOYEE SALARY 66 --
BEGIN;
UPDATE employees SET salary = salary + 7860 WHERE employee_id = 66;
COMMIT;

-- UPDATING EMPLOYEE SALARY 92 --
BEGIN;
UPDATE employees SET salary = salary + 9210 WHERE employee_id = 92;
COMMIT;

-- INSERTING EMPLOYEE 138 --
BEGIN;
INSERT INTO employees (employee_id, first_name, last_name, email, phone_number, hire_date, job_id, salary,manager_id,department_id) VALUES (138, 'Xander', 'Cage', 'xander.cage@gmail.com', '555-7892', '2022-10-25', 22, 300000.00, 25, 332);
INSERT INTO dependents (dependent_id, first_name, last_name, relationship, employee_id) VALUES (395, 'Tom', 'Cruise', 'parent', 138);
INSERT INTO dependents (dependent_id, first_name, last_name, relationship, employee_id) VALUES (396, 'David', 'Attenborough', 'spouse', 138);
INSERT INTO dependents (dependent_id, first_name, last_name, relationship, employee_id) VALUES (397, 'Isaac', 'Newton', 'spouse', 138);
INSERT INTO dependents (dependent_id, first_name, last_name, relationship, employee_id) VALUES (398, 'Louis', 'Pasteur', 'spouse', 138);
COMMIT;

-- INSERTING EMPLOYEE 139 --
BEGIN;
INSERT INTO employees (employee_id, first_name, last_name, email, phone_number, hire_date, job_id, salary,manager_id,department_id) VALUES (139, 'George', 'Clooney', 'george.clooney@gmail.com', '555-0987', '2003-09-07', 61, 130000.00, 110, 434);
COMMIT;

-- INSERTING EMPLOYEE 140 --
BEGIN;
INSERT INTO employees (employee_id, first_name, last_name, email, phone_number, hire_date, job_id, salary,manager_id,department_id) VALUES (140, 'Aaron', 'Paul', 'aaron.paul@gmail.com', '555-6781', '2002-08-11', 52, 390000.00, 88, 405);
INSERT INTO dependents (dependent_id, first_name, last_name, relationship, employee_id) VALUES (399, 'Paul', 'Newman', 'child', 140);
INSERT INTO dependents (dependent_id, first_name, last_name, relationship, employee_id) VALUES (400, 'Niels', 'Bohr', 'parent', 140);
INSERT INTO dependents (dependent_id, first_name, last_name, relationship, employee_id) VALUES (401, 'Werner', 'Heisenberg', 'parent', 140);
INSERT INTO dependents (dependent_id, first_name, last_name, relationship, employee_id) VALUES (402, 'Nikola', 'Tesla', 'parent', 140);
COMMIT;

-- INSERTING DEPENDENT 54 --
BEGIN;
INSERT INTO dependents (dependent_id, first_name, last_name, relationship, employee_id) VALUES (403, 'Max', 'Planck', 'child', 54);
END;

-- INSERTING DEPENDENT 91 --
BEGIN;
INSERT INTO dependents (dependent_id, first_name, last_name, relationship, employee_id) VALUES (404, 'Nikola', 'Tesla', 'spouse', 91);
END;

-- INSERTING DEPENDENT 28 --
BEGIN;
INSERT INTO dependents (dependent_id, first_name, last_name, relationship, employee_id) VALUES (405, 'Kate', 'Winslet', 'child', 28);
END;

-- UPDATING EMPLOYEE SALARY 137 --
BEGIN;
UPDATE employees SET salary = salary + 3009 WHERE employee_id = 137;
COMMIT;

-- UPDATING EMPLOYEE SALARY 99 --
BEGIN;
UPDATE employees SET salary = salary + 7562 WHERE employee_id = 99;
COMMIT;

-- UPDATING EMPLOYEE SALARY 78 --
BEGIN;
UPDATE employees SET salary = salary + 2144 WHERE employee_id = 78;
COMMIT;

-- UPDATING EMPLOYEE SALARY 41 --
BEGIN;
UPDATE employees SET salary = salary + 912 WHERE employee_id = 41;
COMMIT;

-- UPDATING EMPLOYEE SALARY 111 --
BEGIN;
UPDATE employees SET salary = salary + 9586 WHERE employee_id = 111;
COMMIT;

-- UPDATING EMPLOYEE SALARY 9 --
BEGIN;
UPDATE employees SET salary = salary + 4120 WHERE employee_id = 9;
COMMIT;

-- UPDATING EMPLOYEE SALARY 41 --
BEGIN;
UPDATE employees SET salary = salary + 7110 WHERE employee_id = 41;
COMMIT;

-- UPDATING EMPLOYEE SALARY 65 --
BEGIN;
UPDATE employees SET salary = salary + 4442 WHERE employee_id = 65;
COMMIT;

-- UPDATING EMPLOYEE SALARY 75 --
BEGIN;
UPDATE employees SET salary = salary + 9049 WHERE employee_id = 75;
COMMIT;

-- UPDATING EMPLOYEE SALARY 100 --
BEGIN;
UPDATE employees SET salary = salary + 5887 WHERE employee_id = 100;
COMMIT;

-- UPDATING EMPLOYEE SALARY 112 --
BEGIN;
UPDATE employees SET salary = salary + 5372 WHERE employee_id = 112;
COMMIT;

-- UPDATING EMPLOYEE SALARY 108 --
BEGIN;
UPDATE employees SET salary = salary + 2712 WHERE employee_id = 108;
COMMIT;

-- UPDATING EMPLOYEE SALARY 38 --
BEGIN;
UPDATE employees SET salary = salary + 759 WHERE employee_id = 38;
COMMIT;

-- UPDATING EMPLOYEE SALARY 92 --
BEGIN;
UPDATE employees SET salary = salary + 478 WHERE employee_id = 92;
COMMIT;

-- UPDATING EMPLOYEE SALARY 30 --
BEGIN;
UPDATE employees SET salary = salary + 9957 WHERE employee_id = 30;
COMMIT;

-- UPDATING EMPLOYEE SALARY 90 --
BEGIN;
UPDATE employees SET salary = salary + 5854 WHERE employee_id = 90;
COMMIT;

-- UPDATING EMPLOYEE SALARY 102 --
BEGIN;
UPDATE employees SET salary = salary + 3721 WHERE employee_id = 102;
COMMIT;

-- UPDATING EMPLOYEE SALARY 134 --
BEGIN;
UPDATE employees SET salary = salary + 9547 WHERE employee_id = 134;
COMMIT;

-- UPDATING EMPLOYEE SALARY 135 --
BEGIN;
UPDATE employees SET salary = salary + 482 WHERE employee_id = 135;
COMMIT;

-- UPDATING EMPLOYEE SALARY 11 --
BEGIN;
UPDATE employees SET salary = salary + 7654 WHERE employee_id = 11;
COMMIT;

-- UPDATING EMPLOYEE SALARY 89 --
BEGIN;
UPDATE employees SET salary = salary + 4510 WHERE employee_id = 89;
COMMIT;

-- UPDATING EMPLOYEE SALARY 124 --
BEGIN;
UPDATE employees SET salary = salary + 3881 WHERE employee_id = 124;
COMMIT;

-- UPDATING EMPLOYEE SALARY 121 --
BEGIN;
UPDATE employees SET salary = salary + 5465 WHERE employee_id = 121;
COMMIT;

-- UPDATING EMPLOYEE SALARY 135 --
BEGIN;
UPDATE employees SET salary = salary + 4043 WHERE employee_id = 135;
COMMIT;

-- UPDATING EMPLOYEE SALARY 128 --
BEGIN;
UPDATE employees SET salary = salary + 4732 WHERE employee_id = 128;
COMMIT;

-- UPDATING EMPLOYEE SALARY 81 --
BEGIN;
UPDATE employees SET salary = salary + 168 WHERE employee_id = 81;
COMMIT;

-- UPDATING EMPLOYEE SALARY 28 --
BEGIN;
UPDATE employees SET salary = salary + 5183 WHERE employee_id = 28;
COMMIT;

-- UPDATING EMPLOYEE SALARY 100 --
BEGIN;
UPDATE employees SET salary = salary + 1247 WHERE employee_id = 100;
COMMIT;

-- UPDATING EMPLOYEE SALARY 104 --
BEGIN;
UPDATE employees SET salary = salary + 5897 WHERE employee_id = 104;
COMMIT;

-- UPDATING EMPLOYEE SALARY 1 --
BEGIN;
UPDATE employees SET salary = salary + 3845 WHERE employee_id = 1;
COMMIT;

-- UPDATING EMPLOYEE SALARY 81 --
BEGIN;
UPDATE employees SET salary = salary + 9955 WHERE employee_id = 81;
COMMIT;

-- UPDATING EMPLOYEE SALARY 116 --
BEGIN;
UPDATE employees SET salary = salary + 8707 WHERE employee_id = 116;
COMMIT;

-- UPDATING EMPLOYEE SALARY 113 --
BEGIN;
UPDATE employees SET salary = salary + 9758 WHERE employee_id = 113;
COMMIT;

-- UPDATING EMPLOYEE SALARY 11 --
BEGIN;
UPDATE employees SET salary = salary + 9739 WHERE employee_id = 11;
COMMIT;

-- UPDATING EMPLOYEE SALARY 116 --
BEGIN;
UPDATE employees SET salary = salary + 770 WHERE employee_id = 116;
COMMIT;

-- UPDATING EMPLOYEE SALARY 97 --
BEGIN;
UPDATE employees SET salary = salary + 383 WHERE employee_id = 97;
COMMIT;

-- UPDATING EMPLOYEE SALARY 114 --
BEGIN;
UPDATE employees SET salary = salary + 6128 WHERE employee_id = 114;
COMMIT;

-- UPDATING EMPLOYEE SALARY 108 --
BEGIN;
UPDATE employees SET salary = salary + 2358 WHERE employee_id = 108;
COMMIT;

-- UPDATING EMPLOYEE SALARY 119 --
BEGIN;
UPDATE employees SET salary = salary + 1934 WHERE employee_id = 119;
COMMIT;

-- UPDATING EMPLOYEE SALARY 30 --
BEGIN;
UPDATE employees SET salary = salary + 2755 WHERE employee_id = 30;
COMMIT;

-- UPDATING EMPLOYEE SALARY 75 --
BEGIN;
UPDATE employees SET salary = salary + 9418 WHERE employee_id = 75;
COMMIT;

-- UPDATING EMPLOYEE SALARY 104 --
BEGIN;
UPDATE employees SET salary = salary + 8143 WHERE employee_id = 104;
COMMIT;

-- UPDATING EMPLOYEE SALARY 127 --
BEGIN;
UPDATE employees SET salary = salary + 8476 WHERE employee_id = 127;
COMMIT;

-- UPDATING EMPLOYEE SALARY 87 --
BEGIN;
UPDATE employees SET salary = salary + 1084 WHERE employee_id = 87;
COMMIT;

-- UPDATING EMPLOYEE SALARY 27 --
BEGIN;
UPDATE employees SET salary = salary + 6146 WHERE employee_id = 27;
COMMIT;

-- UPDATING EMPLOYEE SALARY 65 --
BEGIN;
UPDATE employees SET salary = salary + 7423 WHERE employee_id = 65;
COMMIT;

-- UPDATING EMPLOYEE SALARY 44 --
BEGIN;
UPDATE employees SET salary = salary + 4082 WHERE employee_id = 44;
COMMIT;

-- UPDATING EMPLOYEE SALARY 68 --
BEGIN;
UPDATE employees SET salary = salary + 4372 WHERE employee_id = 68;
COMMIT;

-- UPDATING EMPLOYEE SALARY 135 --
BEGIN;
UPDATE employees SET salary = salary + 5699 WHERE employee_id = 135;
COMMIT;

-- UPDATING EMPLOYEE SALARY 128 --
BEGIN;
UPDATE employees SET salary = salary + 6583 WHERE employee_id = 128;
COMMIT;

-- UPDATING EMPLOYEE SALARY 45 --
BEGIN;
UPDATE employees SET salary = salary + 2930 WHERE employee_id = 45;
COMMIT;

-- UPDATING EMPLOYEE SALARY 37 --
BEGIN;
UPDATE employees SET salary = salary + 4896 WHERE employee_id = 37;
COMMIT;

-- UPDATING EMPLOYEE SALARY 50 --
BEGIN;
UPDATE employees SET salary = salary + 9274 WHERE employee_id = 50;
COMMIT;

-- UPDATING EMPLOYEE SALARY 58 --
BEGIN;
UPDATE employees SET salary = salary + 9547 WHERE employee_id = 58;
COMMIT;

-- UPDATING EMPLOYEE SALARY 85 --
BEGIN;
UPDATE employees SET salary = salary + 5570 WHERE employee_id = 85;
COMMIT;

-- UPDATING EMPLOYEE SALARY 72 --
BEGIN;
UPDATE employees SET salary = salary + 5430 WHERE employee_id = 72;
COMMIT;

-- UPDATING EMPLOYEE SALARY 94 --
BEGIN;
UPDATE employees SET salary = salary + 3095 WHERE employee_id = 94;
COMMIT;

-- UPDATING EMPLOYEE SALARY 63 --
BEGIN;
UPDATE employees SET salary = salary + 5826 WHERE employee_id = 63;
COMMIT;

-- UPDATING EMPLOYEE SALARY 99 --
BEGIN;
UPDATE employees SET salary = salary + 2196 WHERE employee_id = 99;
COMMIT;

-- UPDATING EMPLOYEE SALARY 74 --
BEGIN;
UPDATE employees SET salary = salary + 990 WHERE employee_id = 74;
COMMIT;

-- UPDATING EMPLOYEE SALARY 131 --
BEGIN;
UPDATE employees SET salary = salary + 8464 WHERE employee_id = 131;
COMMIT;

-- UPDATING EMPLOYEE SALARY 92 --
BEGIN;
UPDATE employees SET salary = salary + 3168 WHERE employee_id = 92;
COMMIT;

-- UPDATING EMPLOYEE SALARY 70 --
BEGIN;
UPDATE employees SET salary = salary + 7601 WHERE employee_id = 70;
COMMIT;

-- UPDATING EMPLOYEE SALARY 76 --
BEGIN;
UPDATE employees SET salary = salary + 6280 WHERE employee_id = 76;
COMMIT;

-- UPDATING EMPLOYEE SALARY 91 --
BEGIN;
UPDATE employees SET salary = salary + 3551 WHERE employee_id = 91;
COMMIT;

-- UPDATING EMPLOYEE SALARY 65 --
BEGIN;
UPDATE employees SET salary = salary + 310 WHERE employee_id = 65;
COMMIT;

-- UPDATING EMPLOYEE SALARY 14 --
BEGIN;
UPDATE employees SET salary = salary + 8557 WHERE employee_id = 14;
COMMIT;

-- UPDATING EMPLOYEE SALARY 93 --
BEGIN;
UPDATE employees SET salary = salary + 2172 WHERE employee_id = 93;
COMMIT;

-- UPDATING EMPLOYEE SALARY 81 --
BEGIN;
UPDATE employees SET salary = salary + 2487 WHERE employee_id = 81;
COMMIT;

-- UPDATING EMPLOYEE SALARY 80 --
BEGIN;
UPDATE employees SET salary = salary + 7333 WHERE employee_id = 80;
COMMIT;

-- UPDATING EMPLOYEE SALARY 77 --
BEGIN;
UPDATE employees SET salary = salary + 6036 WHERE employee_id = 77;
COMMIT;

-- UPDATING EMPLOYEE SALARY 120 --
BEGIN;
UPDATE employees SET salary = salary + 4482 WHERE employee_id = 120;
COMMIT;

-- UPDATING EMPLOYEE SALARY 128 --
BEGIN;
UPDATE employees SET salary = salary + 4859 WHERE employee_id = 128;
COMMIT;

-- UPDATING EMPLOYEE SALARY 27 --
BEGIN;
UPDATE employees SET salary = salary + 9061 WHERE employee_id = 27;
COMMIT;

-- UPDATING EMPLOYEE SALARY 54 --
BEGIN;
UPDATE employees SET salary = salary + 3720 WHERE employee_id = 54;
COMMIT;

-- UPDATING EMPLOYEE SALARY 88 --
BEGIN;
UPDATE employees SET salary = salary + 2905 WHERE employee_id = 88;
COMMIT;

-- UPDATING EMPLOYEE SALARY 105 --
BEGIN;
UPDATE employees SET salary = salary + 6488 WHERE employee_id = 105;
COMMIT;

-- UPDATING EMPLOYEE SALARY 45 --
BEGIN;
UPDATE employees SET salary = salary + 718 WHERE employee_id = 45;
COMMIT;

-- UPDATING EMPLOYEE SALARY 27 --
BEGIN;
UPDATE employees SET salary = salary + 3549 WHERE employee_id = 27;
COMMIT;

-- UPDATING EMPLOYEE SALARY 36 --
BEGIN;
UPDATE employees SET salary = salary + 3645 WHERE employee_id = 36;
COMMIT;

-- UPDATING EMPLOYEE SALARY 84 --
BEGIN;
UPDATE employees SET salary = salary + 2715 WHERE employee_id = 84;
COMMIT;

-- UPDATING EMPLOYEE SALARY 128 --
BEGIN;
UPDATE employees SET salary = salary + 7373 WHERE employee_id = 128;
COMMIT;

-- UPDATING EMPLOYEE SALARY 74 --
BEGIN;
UPDATE employees SET salary = salary + 2861 WHERE employee_id = 74;
COMMIT;

-- UPDATING EMPLOYEE SALARY 45 --
BEGIN;
UPDATE employees SET salary = salary + 14 WHERE employee_id = 45;
COMMIT;

-- UPDATING EMPLOYEE SALARY 64 --
BEGIN;
UPDATE employees SET salary = salary + 4560 WHERE employee_id = 64;
COMMIT;

-- UPDATING EMPLOYEE SALARY 6 --
BEGIN;
UPDATE employees SET salary = salary + 243 WHERE employee_id = 6;
COMMIT;

-- UPDATING EMPLOYEE SALARY 134 --
BEGIN;
UPDATE employees SET salary = salary + 3212 WHERE employee_id = 134;
COMMIT;

-- UPDATING EMPLOYEE SALARY 85 --
BEGIN;
UPDATE employees SET salary = salary + 312 WHERE employee_id = 85;
COMMIT;

-- UPDATING EMPLOYEE SALARY 91 --
BEGIN;
UPDATE employees SET salary = salary + 6366 WHERE employee_id = 91;
COMMIT;

-- UPDATING EMPLOYEE SALARY 53 --
BEGIN;
UPDATE employees SET salary = salary + 2029 WHERE employee_id = 53;
COMMIT;

-- INSERTING EMPLOYEE 141 --
BEGIN;
INSERT INTO employees (employee_id, first_name, last_name, email, phone_number, hire_date, job_id, salary,manager_id,department_id) VALUES (141, 'Hannah', 'Montana', 'hannah.montana@gmail.com', '555-6543', '1990-06-04', 46, 140000.00, 87, 230);
INSERT INTO dependents (dependent_id, first_name, last_name, relationship, employee_id) VALUES (406, 'Meryl', 'Streep', 'parent', 141);
COMMIT;

-- INSERTING EMPLOYEE 142 --
BEGIN;
INSERT INTO employees (employee_id, first_name, last_name, email, phone_number, hire_date, job_id, salary,manager_id,department_id) VALUES (142, 'Xena', 'Warrior', 'xena.warrior@gmail.com', '555-3458', '2016-04-02', 5, 360000.00, 67, 546);
INSERT INTO dependents (dependent_id, first_name, last_name, relationship, employee_id) VALUES (407, 'Hugh', 'Jackman', 'child', 142);
INSERT INTO dependents (dependent_id, first_name, last_name, relationship, employee_id) VALUES (408, 'Paul', 'Newman', 'spouse', 142);
COMMIT;

-- INSERTING EMPLOYEE 143 --
BEGIN;
INSERT INTO employees (employee_id, first_name, last_name, email, phone_number, hire_date, job_id, salary,manager_id,department_id) VALUES (143, 'Scarlett', 'Johansson', 'scarlett.johansson@gmail.com', '555-4569', '2021-09-05', 61, 570000.00, 27, 379);
INSERT INTO dependents (dependent_id, first_name, last_name, relationship, employee_id) VALUES (409, 'Alan', 'Turing', 'spouse', 143);
INSERT INTO dependents (dependent_id, first_name, last_name, relationship, employee_id) VALUES (410, 'Werner', 'Heisenberg', 'child', 143);
COMMIT;

-- DELETING EMPLOYEE 70 --
BEGIN;
UPDATE employees SET manager_id = 120 WHERE employee_id = 97;
DELETE FROM dependents WHERE employee_id = 70;
DELETE FROM employees WHERE employee_id = 70;
COMMIT;

-- DELETING EMPLOYEE 111 --
BEGIN;
DELETE FROM dependents WHERE employee_id = 111;
DELETE FROM employees WHERE employee_id = 111;
COMMIT;

-- INSERTING DEPENDENT 95 --
BEGIN;
INSERT INTO dependents (dependent_id, first_name, last_name, relationship, employee_id) VALUES (411, 'Louis', 'Armstrong', 'parent', 95);
END;

-- INSERTING DEPENDENT 96 --
BEGIN;
INSERT INTO dependents (dependent_id, first_name, last_name, relationship, employee_id) VALUES (412, 'Isaac', 'Newton', 'spouse', 96);
END;

-- INSERTING DEPENDENT 95 --
BEGIN;
INSERT INTO dependents (dependent_id, first_name, last_name, relationship, employee_id) VALUES (413, 'Marie', 'Curie', 'child', 95);
END;

-- DELETING DEPENDENT 238 --
BEGIN;
DELETE FROM dependents WHERE dependent_id = 238;
COMMIT;

-- DELETING DEPENDENT 225 --
BEGIN;
DELETE FROM dependents WHERE dependent_id = 225;
COMMIT;

-- UPDATING EMPLOYEE SALARY 87 --
BEGIN;
UPDATE employees SET salary = salary + 9819 WHERE employee_id = 87;
COMMIT;

-- UPDATING EMPLOYEE SALARY 110 --
BEGIN;
UPDATE employees SET salary = salary + 2316 WHERE employee_id = 110;
COMMIT;

-- UPDATING EMPLOYEE SALARY 38 --
BEGIN;
UPDATE employees SET salary = salary + 4221 WHERE employee_id = 38;
COMMIT;

-- UPDATING EMPLOYEE SALARY 88 --
BEGIN;
UPDATE employees SET salary = salary + 7993 WHERE employee_id = 88;
COMMIT;

-- UPDATING EMPLOYEE SALARY 128 --
BEGIN;
UPDATE employees SET salary = salary + 2388 WHERE employee_id = 128;
COMMIT;

-- UPDATING EMPLOYEE SALARY 133 --
BEGIN;
UPDATE employees SET salary = salary + 6412 WHERE employee_id = 133;
COMMIT;

-- UPDATING EMPLOYEE SALARY 76 --
BEGIN;
UPDATE employees SET salary = salary + 9106 WHERE employee_id = 76;
COMMIT;

-- UPDATING EMPLOYEE SALARY 124 --
BEGIN;
UPDATE employees SET salary = salary + 2697 WHERE employee_id = 124;
COMMIT;

-- UPDATING EMPLOYEE SALARY 49 --
BEGIN;
UPDATE employees SET salary = salary + 3798 WHERE employee_id = 49;
COMMIT;

-- UPDATING EMPLOYEE SALARY 90 --
BEGIN;
UPDATE employees SET salary = salary + 2989 WHERE employee_id = 90;
COMMIT;

-- UPDATING EMPLOYEE SALARY 39 --
BEGIN;
UPDATE employees SET salary = salary + 9701 WHERE employee_id = 39;
COMMIT;

-- UPDATING EMPLOYEE SALARY 39 --
BEGIN;
UPDATE employees SET salary = salary + 1106 WHERE employee_id = 39;
COMMIT;

-- UPDATING EMPLOYEE SALARY 75 --
BEGIN;
UPDATE employees SET salary = salary + 8364 WHERE employee_id = 75;
COMMIT;

-- UPDATING EMPLOYEE SALARY 54 --
BEGIN;
UPDATE employees SET salary = salary + 4820 WHERE employee_id = 54;
COMMIT;

-- UPDATING EMPLOYEE SALARY 65 --
BEGIN;
UPDATE employees SET salary = salary + 2251 WHERE employee_id = 65;
COMMIT;

-- UPDATING EMPLOYEE SALARY 97 --
BEGIN;
UPDATE employees SET salary = salary + 8773 WHERE employee_id = 97;
COMMIT;

-- UPDATING EMPLOYEE SALARY 59 --
BEGIN;
UPDATE employees SET salary = salary + 5583 WHERE employee_id = 59;
COMMIT;

-- UPDATING EMPLOYEE SALARY 54 --
BEGIN;
UPDATE employees SET salary = salary + 3821 WHERE employee_id = 54;
COMMIT;

-- UPDATING EMPLOYEE SALARY 85 --
BEGIN;
UPDATE employees SET salary = salary + 7956 WHERE employee_id = 85;
COMMIT;

-- UPDATING EMPLOYEE SALARY 134 --
BEGIN;
UPDATE employees SET salary = salary + 9921 WHERE employee_id = 134;
COMMIT;

-- UPDATING EMPLOYEE SALARY 139 --
BEGIN;
UPDATE employees SET salary = salary + 4630 WHERE employee_id = 139;
COMMIT;

-- UPDATING EMPLOYEE SALARY 60 --
BEGIN;
UPDATE employees SET salary = salary + 3427 WHERE employee_id = 60;
COMMIT;

-- UPDATING EMPLOYEE SALARY 37 --
BEGIN;
UPDATE employees SET salary = salary + 1242 WHERE employee_id = 37;
COMMIT;

-- UPDATING EMPLOYEE SALARY 143 --
BEGIN;
UPDATE employees SET salary = salary + 6685 WHERE employee_id = 143;
COMMIT;

-- UPDATING EMPLOYEE SALARY 50 --
BEGIN;
UPDATE employees SET salary = salary + 4580 WHERE employee_id = 50;
COMMIT;

-- UPDATING EMPLOYEE SALARY 53 --
BEGIN;
UPDATE employees SET salary = salary + 6394 WHERE employee_id = 53;
COMMIT;

-- UPDATING EMPLOYEE SALARY 58 --
BEGIN;
UPDATE employees SET salary = salary + 3498 WHERE employee_id = 58;
COMMIT;

-- UPDATING EMPLOYEE SALARY 17 --
BEGIN;
UPDATE employees SET salary = salary + 8674 WHERE employee_id = 17;
COMMIT;

-- UPDATING EMPLOYEE SALARY 128 --
BEGIN;
UPDATE employees SET salary = salary + 1593 WHERE employee_id = 128;
COMMIT;

-- UPDATING EMPLOYEE SALARY 64 --
BEGIN;
UPDATE employees SET salary = salary + 404 WHERE employee_id = 64;
COMMIT;

-- UPDATING EMPLOYEE SALARY 106 --
BEGIN;
UPDATE employees SET salary = salary + 9034 WHERE employee_id = 106;
COMMIT;

-- UPDATING EMPLOYEE SALARY 84 --
BEGIN;
UPDATE employees SET salary = salary + 196 WHERE employee_id = 84;
COMMIT;

-- UPDATING EMPLOYEE SALARY 105 --
BEGIN;
UPDATE employees SET salary = salary + 2792 WHERE employee_id = 105;
COMMIT;

-- UPDATING EMPLOYEE SALARY 9 --
BEGIN;
UPDATE employees SET salary = salary + 5237 WHERE employee_id = 9;
COMMIT;

-- UPDATING EMPLOYEE SALARY 120 --
BEGIN;
UPDATE employees SET salary = salary + 5212 WHERE employee_id = 120;
COMMIT;

-- UPDATING EMPLOYEE SALARY 38 --
BEGIN;
UPDATE employees SET salary = salary + 1782 WHERE employee_id = 38;
COMMIT;

-- UPDATING EMPLOYEE SALARY 84 --
BEGIN;
UPDATE employees SET salary = salary + 3764 WHERE employee_id = 84;
COMMIT;

-- UPDATING EMPLOYEE SALARY 102 --
BEGIN;
UPDATE employees SET salary = salary + 3869 WHERE employee_id = 102;
COMMIT;

-- UPDATING EMPLOYEE SALARY 122 --
BEGIN;
UPDATE employees SET salary = salary + 8387 WHERE employee_id = 122;
COMMIT;

-- UPDATING EMPLOYEE SALARY 27 --
BEGIN;
UPDATE employees SET salary = salary + 3404 WHERE employee_id = 27;
COMMIT;

-- UPDATING EMPLOYEE SALARY 59 --
BEGIN;
UPDATE employees SET salary = salary + 8727 WHERE employee_id = 59;
COMMIT;

-- UPDATING EMPLOYEE SALARY 46 --
BEGIN;
UPDATE employees SET salary = salary + 9634 WHERE employee_id = 46;
COMMIT;

-- UPDATING EMPLOYEE SALARY 62 --
BEGIN;
UPDATE employees SET salary = salary + 2149 WHERE employee_id = 62;
COMMIT;

-- UPDATING EMPLOYEE SALARY 22 --
BEGIN;
UPDATE employees SET salary = salary + 4176 WHERE employee_id = 22;
COMMIT;

-- UPDATING EMPLOYEE SALARY 71 --
BEGIN;
UPDATE employees SET salary = salary + 2334 WHERE employee_id = 71;
COMMIT;

-- UPDATING EMPLOYEE SALARY 141 --
BEGIN;
UPDATE employees SET salary = salary + 4232 WHERE employee_id = 141;
COMMIT;

-- UPDATING EMPLOYEE SALARY 93 --
BEGIN;
UPDATE employees SET salary = salary + 2277 WHERE employee_id = 93;
COMMIT;

-- UPDATING EMPLOYEE SALARY 127 --
BEGIN;
UPDATE employees SET salary = salary + 9891 WHERE employee_id = 127;
COMMIT;

-- UPDATING EMPLOYEE SALARY 9 --
BEGIN;
UPDATE employees SET salary = salary + 2988 WHERE employee_id = 9;
COMMIT;

-- UPDATING EMPLOYEE SALARY 30 --
BEGIN;
UPDATE employees SET salary = salary + 1430 WHERE employee_id = 30;
COMMIT;

-- UPDATING EMPLOYEE SALARY 59 --
BEGIN;
UPDATE employees SET salary = salary + 5676 WHERE employee_id = 59;
COMMIT;

-- UPDATING EMPLOYEE SALARY 28 --
BEGIN;
UPDATE employees SET salary = salary + 653 WHERE employee_id = 28;
COMMIT;

-- UPDATING EMPLOYEE SALARY 30 --
BEGIN;
UPDATE employees SET salary = salary + 9546 WHERE employee_id = 30;
COMMIT;

-- UPDATING EMPLOYEE SALARY 129 --
BEGIN;
UPDATE employees SET salary = salary + 5596 WHERE employee_id = 129;
COMMIT;

-- UPDATING EMPLOYEE SALARY 88 --
BEGIN;
UPDATE employees SET salary = salary + 381 WHERE employee_id = 88;
COMMIT;

-- UPDATING EMPLOYEE SALARY 122 --
BEGIN;
UPDATE employees SET salary = salary + 3669 WHERE employee_id = 122;
COMMIT;

-- UPDATING EMPLOYEE SALARY 49 --
BEGIN;
UPDATE employees SET salary = salary + 7859 WHERE employee_id = 49;
COMMIT;

-- UPDATING EMPLOYEE SALARY 136 --
BEGIN;
UPDATE employees SET salary = salary + 1594 WHERE employee_id = 136;
COMMIT;

-- UPDATING EMPLOYEE SALARY 121 --
BEGIN;
UPDATE employees SET salary = salary + 1322 WHERE employee_id = 121;
COMMIT;

-- UPDATING EMPLOYEE SALARY 9 --
BEGIN;
UPDATE employees SET salary = salary + 7313 WHERE employee_id = 9;
COMMIT;

-- UPDATING EMPLOYEE SALARY 121 --
BEGIN;
UPDATE employees SET salary = salary + 8752 WHERE employee_id = 121;
COMMIT;

-- UPDATING EMPLOYEE SALARY 79 --
BEGIN;
UPDATE employees SET salary = salary + 5373 WHERE employee_id = 79;
COMMIT;

-- UPDATING EMPLOYEE SALARY 123 --
BEGIN;
UPDATE employees SET salary = salary + 6593 WHERE employee_id = 123;
COMMIT;

-- UPDATING EMPLOYEE SALARY 58 --
BEGIN;
UPDATE employees SET salary = salary + 9517 WHERE employee_id = 58;
COMMIT;

-- UPDATING EMPLOYEE SALARY 74 --
BEGIN;
UPDATE employees SET salary = salary + 7184 WHERE employee_id = 74;
COMMIT;

-- UPDATING EMPLOYEE SALARY 58 --
BEGIN;
UPDATE employees SET salary = salary + 2071 WHERE employee_id = 58;
COMMIT;

-- UPDATING EMPLOYEE SALARY 41 --
BEGIN;
UPDATE employees SET salary = salary + 2718 WHERE employee_id = 41;
COMMIT;

-- UPDATING EMPLOYEE SALARY 60 --
BEGIN;
UPDATE employees SET salary = salary + 6090 WHERE employee_id = 60;
COMMIT;

-- UPDATING EMPLOYEE SALARY 79 --
BEGIN;
UPDATE employees SET salary = salary + 7599 WHERE employee_id = 79;
COMMIT;

-- UPDATING EMPLOYEE SALARY 96 --
BEGIN;
UPDATE employees SET salary = salary + 9514 WHERE employee_id = 96;
COMMIT;

-- INSERTING EMPLOYEE 144 --
BEGIN;
INSERT INTO employees (employee_id, first_name, last_name, email, phone_number, hire_date, job_id, salary,manager_id,department_id) VALUES (144, 'Charlie', 'Davis', 'charlie.davis@gmail.com', '555-6789', '2007-10-15', 24, 90000.00, 34, 484);
INSERT INTO dependents (dependent_id, first_name, last_name, relationship, employee_id) VALUES (414, 'Carl', 'Sagan', 'child', 144);
INSERT INTO dependents (dependent_id, first_name, last_name, relationship, employee_id) VALUES (415, 'Iris', 'Apfel', 'parent', 144);
INSERT INTO dependents (dependent_id, first_name, last_name, relationship, employee_id) VALUES (416, 'Emma', 'Stone', 'child', 144);
COMMIT;

-- INSERTING DEPENDENT 68 --
BEGIN;
INSERT INTO dependents (dependent_id, first_name, last_name, relationship, employee_id) VALUES (417, 'Galileo', 'Galilei', 'child', 68);
END;

-- UPDATING EMPLOYEE SALARY 50 --
BEGIN;
UPDATE employees SET salary = salary + 9120 WHERE employee_id = 50;
COMMIT;

-- UPDATING EMPLOYEE SALARY 88 --
BEGIN;
UPDATE employees SET salary = salary + 8570 WHERE employee_id = 88;
COMMIT;

-- UPDATING EMPLOYEE SALARY 44 --
BEGIN;
UPDATE employees SET salary = salary + 6182 WHERE employee_id = 44;
COMMIT;

-- UPDATING EMPLOYEE SALARY 121 --
BEGIN;
UPDATE employees SET salary = salary + 3792 WHERE employee_id = 121;
COMMIT;

-- UPDATING EMPLOYEE SALARY 136 --
BEGIN;
UPDATE employees SET salary = salary + 471 WHERE employee_id = 136;
COMMIT;

-- UPDATING EMPLOYEE SALARY 97 --
BEGIN;
UPDATE employees SET salary = salary + 6948 WHERE employee_id = 97;
COMMIT;

-- UPDATING EMPLOYEE SALARY 84 --
BEGIN;
UPDATE employees SET salary = salary + 7621 WHERE employee_id = 84;
COMMIT;

-- UPDATING EMPLOYEE SALARY 117 --
BEGIN;
UPDATE employees SET salary = salary + 921 WHERE employee_id = 117;
COMMIT;

-- UPDATING EMPLOYEE SALARY 142 --
BEGIN;
UPDATE employees SET salary = salary + 3792 WHERE employee_id = 142;
COMMIT;

-- UPDATING EMPLOYEE SALARY 30 --
BEGIN;
UPDATE employees SET salary = salary + 5457 WHERE employee_id = 30;
COMMIT;

-- UPDATING EMPLOYEE SALARY 34 --
BEGIN;
UPDATE employees SET salary = salary + 2879 WHERE employee_id = 34;
COMMIT;

-- UPDATING EMPLOYEE SALARY 100 --
BEGIN;
UPDATE employees SET salary = salary + 6298 WHERE employee_id = 100;
COMMIT;

-- UPDATING EMPLOYEE SALARY 38 --
BEGIN;
UPDATE employees SET salary = salary + 6782 WHERE employee_id = 38;
COMMIT;

-- INSERTING EMPLOYEE 145 --
BEGIN;
INSERT INTO employees (employee_id, first_name, last_name, email, phone_number, hire_date, job_id, salary,manager_id,department_id) VALUES (145, 'George', 'Clooney', 'george.clooney@gmail.com', '555-0987', '2003-06-08', 65, 130000.00, 100, 321);
INSERT INTO dependents (dependent_id, first_name, last_name, relationship, employee_id) VALUES (418, 'Maria', 'Mayer', 'spouse', 145);
INSERT INTO dependents (dependent_id, first_name, last_name, relationship, employee_id) VALUES (419, 'Queen', 'Latifah', 'spouse', 145);
INSERT INTO dependents (dependent_id, first_name, last_name, relationship, employee_id) VALUES (420, 'Niels', 'Bohr', 'parent', 145);
INSERT INTO dependents (dependent_id, first_name, last_name, relationship, employee_id) VALUES (421, 'Alan', 'Turing', 'spouse', 145);
COMMIT;

-- INSERTING DEPENDENT 97 --
BEGIN;
INSERT INTO dependents (dependent_id, first_name, last_name, relationship, employee_id) VALUES (422, 'Carl', 'Sagan', 'child', 97);
END;

-- UPDATING EMPLOYEE SALARY 73 --
BEGIN;
UPDATE employees SET salary = salary + 1505 WHERE employee_id = 73;
COMMIT;

-- UPDATING EMPLOYEE SALARY 131 --
BEGIN;
UPDATE employees SET salary = salary + 2246 WHERE employee_id = 131;
COMMIT;

-- UPDATING EMPLOYEE SALARY 77 --
BEGIN;
UPDATE employees SET salary = salary + 4830 WHERE employee_id = 77;
COMMIT;

-- UPDATING EMPLOYEE SALARY 82 --
BEGIN;
UPDATE employees SET salary = salary + 5281 WHERE employee_id = 82;
COMMIT;

-- UPDATING EMPLOYEE SALARY 93 --
BEGIN;
UPDATE employees SET salary = salary + 588 WHERE employee_id = 93;
COMMIT;

-- UPDATING EMPLOYEE SALARY 22 --
BEGIN;
UPDATE employees SET salary = salary + 7175 WHERE employee_id = 22;
COMMIT;

-- INSERTING EMPLOYEE 146 --
BEGIN;
INSERT INTO employees (employee_id, first_name, last_name, email, phone_number, hire_date, job_id, salary,manager_id,department_id) VALUES (146, 'Olivia', 'Wilde', 'olivia.wilde@gmail.com', '555-0125', '2007-06-14', 30, 530000.00, 106, 566);
INSERT INTO dependents (dependent_id, first_name, last_name, relationship, employee_id) VALUES (423, 'Kate', 'Winslet', 'parent', 146);
INSERT INTO dependents (dependent_id, first_name, last_name, relationship, employee_id) VALUES (424, 'Chris', 'Evans', 'parent', 146);
INSERT INTO dependents (dependent_id, first_name, last_name, relationship, employee_id) VALUES (425, 'Queen', 'Latifah', 'child', 146);
COMMIT;

-- INSERTING EMPLOYEE 147 --
BEGIN;
INSERT INTO employees (employee_id, first_name, last_name, email, phone_number, hire_date, job_id, salary,manager_id,department_id) VALUES (147, 'Tom', 'Hanks', 'tom.hanks@gmail.com', '555-9014', '1996-04-17', 29, 320000.00, 35, 85);
INSERT INTO dependents (dependent_id, first_name, last_name, relationship, employee_id) VALUES (426, 'Tom', 'Cruise', 'child', 147);
COMMIT;

-- INSERTING EMPLOYEE 148 --
BEGIN;
INSERT INTO employees (employee_id, first_name, last_name, email, phone_number, hire_date, job_id, salary,manager_id,department_id) VALUES (148, 'Xander', 'Cage', 'xander.cage@gmail.com', '555-7892', '2011-03-21', 1, 300000.00, 53, 207);
INSERT INTO dependents (dependent_id, first_name, last_name, relationship, employee_id) VALUES (427, 'Richard', 'Feynman', 'parent', 148);
COMMIT;

-- INSERTING EMPLOYEE 149 --
BEGIN;
INSERT INTO employees (employee_id, first_name, last_name, email, phone_number, hire_date, job_id, salary,manager_id,department_id) VALUES (149, 'Charlie', 'Davis', 'charlie.davis@gmail.com', '555-6789', '1993-07-16', 55, 90000.00, 93, 99);
INSERT INTO dependents (dependent_id, first_name, last_name, relationship, employee_id) VALUES (428, 'Rosalind', 'Franklin', 'spouse', 149);
COMMIT;

-- INSERTING EMPLOYEE 150 --
BEGIN;
INSERT INTO employees (employee_id, first_name, last_name, email, phone_number, hire_date, job_id, salary,manager_id,department_id) VALUES (150, 'Jane', 'Smith', 'jane.smith@gmail.com', '555-5678', '2019-12-23', 16, 60000.00, 118, 617);
INSERT INTO dependents (dependent_id, first_name, last_name, relationship, employee_id) VALUES (429, 'Albert', 'Einstein', 'child', 150);
COMMIT;

-- INSERTING DEPENDENT 68 --
BEGIN;
INSERT INTO dependents (dependent_id, first_name, last_name, relationship, employee_id) VALUES (430, 'Stephen', 'Hawking', 'parent', 68);
END;

-- INSERTING DEPENDENT 99 --
BEGIN;
INSERT INTO dependents (dependent_id, first_name, last_name, relationship, employee_id) VALUES (431, 'Jane', 'Goodall', 'child', 99);
END;

-- INSERTING DEPENDENT 81 --
BEGIN;
INSERT INTO dependents (dependent_id, first_name, last_name, relationship, employee_id) VALUES (432, 'Tom', 'Cruise', 'child', 81);
END;

-- INSERTING DEPENDENT 34 --
BEGIN;
INSERT INTO dependents (dependent_id, first_name, last_name, relationship, employee_id) VALUES (433, 'Susan', 'Sarandon', 'child', 34);
END;

-- INSERTING DEPENDENT 91 --
BEGIN;
INSERT INTO dependents (dependent_id, first_name, last_name, relationship, employee_id) VALUES (434, 'Meryl', 'Streep', 'child', 91);
END;

-- UPDATING EMPLOYEE SALARY 46 --
BEGIN;
UPDATE employees SET salary = salary + 7451 WHERE employee_id = 46;
COMMIT;

-- UPDATING EMPLOYEE SALARY 124 --
BEGIN;
UPDATE employees SET salary = salary + 4916 WHERE employee_id = 124;
COMMIT;

-- UPDATING EMPLOYEE SALARY 62 --
BEGIN;
UPDATE employees SET salary = salary + 7040 WHERE employee_id = 62;
COMMIT;

-- UPDATING EMPLOYEE SALARY 112 --
BEGIN;
UPDATE employees SET salary = salary + 992 WHERE employee_id = 112;
COMMIT;

-- UPDATING EMPLOYEE SALARY 9 --
BEGIN;
UPDATE employees SET salary = salary + 1406 WHERE employee_id = 9;
COMMIT;

-- UPDATING EMPLOYEE SALARY 9 --
BEGIN;
UPDATE employees SET salary = salary + 5749 WHERE employee_id = 9;
COMMIT;

-- UPDATING EMPLOYEE SALARY 33 --
BEGIN;
UPDATE employees SET salary = salary + 3624 WHERE employee_id = 33;
COMMIT;

-- UPDATING EMPLOYEE SALARY 28 --
BEGIN;
UPDATE employees SET salary = salary + 2053 WHERE employee_id = 28;
COMMIT;

-- UPDATING EMPLOYEE SALARY 9 --
BEGIN;
UPDATE employees SET salary = salary + 7731 WHERE employee_id = 9;
COMMIT;

-- UPDATING EMPLOYEE SALARY 11 --
BEGIN;
UPDATE employees SET salary = salary + 1377 WHERE employee_id = 11;
COMMIT;

-- UPDATING EMPLOYEE SALARY 143 --
BEGIN;
UPDATE employees SET salary = salary + 8693 WHERE employee_id = 143;
COMMIT;

-- UPDATING EMPLOYEE SALARY 137 --
BEGIN;
UPDATE employees SET salary = salary + 797 WHERE employee_id = 137;
COMMIT;

-- UPDATING EMPLOYEE SALARY 89 --
BEGIN;
UPDATE employees SET salary = salary + 9973 WHERE employee_id = 89;
COMMIT;

-- UPDATING EMPLOYEE SALARY 30 --
BEGIN;
UPDATE employees SET salary = salary + 6135 WHERE employee_id = 30;
COMMIT;

-- UPDATING EMPLOYEE SALARY 78 --
BEGIN;
UPDATE employees SET salary = salary + 2910 WHERE employee_id = 78;
COMMIT;

-- UPDATING EMPLOYEE SALARY 143 --
BEGIN;
UPDATE employees SET salary = salary + 6274 WHERE employee_id = 143;
COMMIT;

-- UPDATING EMPLOYEE SALARY 86 --
BEGIN;
UPDATE employees SET salary = salary + 3278 WHERE employee_id = 86;
COMMIT;

-- UPDATING EMPLOYEE SALARY 104 --
BEGIN;
UPDATE employees SET salary = salary + 928 WHERE employee_id = 104;
COMMIT;

-- UPDATING EMPLOYEE SALARY 118 --
BEGIN;
UPDATE employees SET salary = salary + 3727 WHERE employee_id = 118;
COMMIT;

-- UPDATING EMPLOYEE SALARY 6 --
BEGIN;
UPDATE employees SET salary = salary + 2744 WHERE employee_id = 6;
COMMIT;

-- UPDATING EMPLOYEE SALARY 26 --
BEGIN;
UPDATE employees SET salary = salary + 1056 WHERE employee_id = 26;
COMMIT;

-- UPDATING EMPLOYEE SALARY 9 --
BEGIN;
UPDATE employees SET salary = salary + 6020 WHERE employee_id = 9;
COMMIT;

-- UPDATING EMPLOYEE SALARY 148 --
BEGIN;
UPDATE employees SET salary = salary + 4436 WHERE employee_id = 148;
COMMIT;

-- UPDATING EMPLOYEE SALARY 122 --
BEGIN;
UPDATE employees SET salary = salary + 690 WHERE employee_id = 122;
COMMIT;

-- UPDATING EMPLOYEE SALARY 149 --
BEGIN;
UPDATE employees SET salary = salary + 7734 WHERE employee_id = 149;
COMMIT;

-- UPDATING EMPLOYEE SALARY 140 --
BEGIN;
UPDATE employees SET salary = salary + 4072 WHERE employee_id = 140;
COMMIT;

-- UPDATING EMPLOYEE SALARY 105 --
BEGIN;
UPDATE employees SET salary = salary + 8810 WHERE employee_id = 105;
COMMIT;

-- UPDATING EMPLOYEE SALARY 108 --
BEGIN;
UPDATE employees SET salary = salary + 4634 WHERE employee_id = 108;
COMMIT;

-- UPDATING EMPLOYEE SALARY 135 --
BEGIN;
UPDATE employees SET salary = salary + 4497 WHERE employee_id = 135;
COMMIT;

-- UPDATING EMPLOYEE SALARY 37 --
BEGIN;
UPDATE employees SET salary = salary + 9271 WHERE employee_id = 37;
COMMIT;

-- UPDATING EMPLOYEE SALARY 89 --
BEGIN;
UPDATE employees SET salary = salary + 6557 WHERE employee_id = 89;
COMMIT;

-- UPDATING EMPLOYEE SALARY 113 --
BEGIN;
UPDATE employees SET salary = salary + 3658 WHERE employee_id = 113;
COMMIT;

-- UPDATING EMPLOYEE SALARY 118 --
BEGIN;
UPDATE employees SET salary = salary + 5107 WHERE employee_id = 118;
COMMIT;

-- UPDATING EMPLOYEE SALARY 81 --
BEGIN;
UPDATE employees SET salary = salary + 9940 WHERE employee_id = 81;
COMMIT;

-- UPDATING EMPLOYEE SALARY 28 --
BEGIN;
UPDATE employees SET salary = salary + 8170 WHERE employee_id = 28;
COMMIT;

-- UPDATING EMPLOYEE SALARY 97 --
BEGIN;
UPDATE employees SET salary = salary + 6291 WHERE employee_id = 97;
COMMIT;

-- UPDATING EMPLOYEE SALARY 131 --
BEGIN;
UPDATE employees SET salary = salary + 3744 WHERE employee_id = 131;
COMMIT;

-- UPDATING EMPLOYEE SALARY 76 --
BEGIN;
UPDATE employees SET salary = salary + 2888 WHERE employee_id = 76;
COMMIT;

-- UPDATING EMPLOYEE SALARY 92 --
BEGIN;
UPDATE employees SET salary = salary + 2747 WHERE employee_id = 92;
COMMIT;

-- UPDATING EMPLOYEE SALARY 79 --
BEGIN;
UPDATE employees SET salary = salary + 2689 WHERE employee_id = 79;
COMMIT;

-- UPDATING EMPLOYEE SALARY 65 --
BEGIN;
UPDATE employees SET salary = salary + 6675 WHERE employee_id = 65;
COMMIT;

-- UPDATING EMPLOYEE SALARY 74 --
BEGIN;
UPDATE employees SET salary = salary + 2660 WHERE employee_id = 74;
COMMIT;

-- UPDATING EMPLOYEE SALARY 17 --
BEGIN;
UPDATE employees SET salary = salary + 8303 WHERE employee_id = 17;
COMMIT;

-- UPDATING EMPLOYEE SALARY 141 --
BEGIN;
UPDATE employees SET salary = salary + 6824 WHERE employee_id = 141;
COMMIT;

-- UPDATING EMPLOYEE SALARY 121 --
BEGIN;
UPDATE employees SET salary = salary + 4377 WHERE employee_id = 121;
COMMIT;

-- UPDATING EMPLOYEE SALARY 53 --
BEGIN;
UPDATE employees SET salary = salary + 9795 WHERE employee_id = 53;
COMMIT;

-- UPDATING EMPLOYEE SALARY 139 --
BEGIN;
UPDATE employees SET salary = salary + 449 WHERE employee_id = 139;
COMMIT;

-- UPDATING EMPLOYEE SALARY 119 --
BEGIN;
UPDATE employees SET salary = salary + 7301 WHERE employee_id = 119;
COMMIT;

-- UPDATING EMPLOYEE SALARY 110 --
BEGIN;
UPDATE employees SET salary = salary + 9873 WHERE employee_id = 110;
COMMIT;

-- UPDATING EMPLOYEE SALARY 110 --
BEGIN;
UPDATE employees SET salary = salary + 2182 WHERE employee_id = 110;
COMMIT;

-- UPDATING EMPLOYEE SALARY 59 --
BEGIN;
UPDATE employees SET salary = salary + 6667 WHERE employee_id = 59;
COMMIT;

-- UPDATING EMPLOYEE SALARY 118 --
BEGIN;
UPDATE employees SET salary = salary + 3197 WHERE employee_id = 118;
COMMIT;

-- UPDATING EMPLOYEE SALARY 79 --
BEGIN;
UPDATE employees SET salary = salary + 8354 WHERE employee_id = 79;
COMMIT;

-- UPDATING EMPLOYEE SALARY 116 --
BEGIN;
UPDATE employees SET salary = salary + 6811 WHERE employee_id = 116;
COMMIT;

-- UPDATING EMPLOYEE SALARY 125 --
BEGIN;
UPDATE employees SET salary = salary + 8490 WHERE employee_id = 125;
COMMIT;

-- UPDATING EMPLOYEE SALARY 11 --
BEGIN;
UPDATE employees SET salary = salary + 1265 WHERE employee_id = 11;
COMMIT;

-- UPDATING EMPLOYEE SALARY 134 --
BEGIN;
UPDATE employees SET salary = salary + 5947 WHERE employee_id = 134;
COMMIT;

-- UPDATING EMPLOYEE SALARY 149 --
BEGIN;
UPDATE employees SET salary = salary + 7004 WHERE employee_id = 149;
COMMIT;

-- UPDATING EMPLOYEE SALARY 49 --
BEGIN;
UPDATE employees SET salary = salary + 1975 WHERE employee_id = 49;
COMMIT;

-- UPDATING EMPLOYEE SALARY 1 --
BEGIN;
UPDATE employees SET salary = salary + 5768 WHERE employee_id = 1;
COMMIT;

-- UPDATING EMPLOYEE SALARY 28 --
BEGIN;
UPDATE employees SET salary = salary + 6243 WHERE employee_id = 28;
COMMIT;

-- UPDATING EMPLOYEE SALARY 36 --
BEGIN;
UPDATE employees SET salary = salary + 5300 WHERE employee_id = 36;
COMMIT;

-- UPDATING EMPLOYEE SALARY 87 --
BEGIN;
UPDATE employees SET salary = salary + 1878 WHERE employee_id = 87;
COMMIT;

-- UPDATING EMPLOYEE SALARY 145 --
BEGIN;
UPDATE employees SET salary = salary + 6129 WHERE employee_id = 145;
COMMIT;

-- UPDATING EMPLOYEE SALARY 75 --
BEGIN;
UPDATE employees SET salary = salary + 161 WHERE employee_id = 75;
COMMIT;

-- UPDATING EMPLOYEE SALARY 87 --
BEGIN;
UPDATE employees SET salary = salary + 9318 WHERE employee_id = 87;
COMMIT;

-- UPDATING EMPLOYEE SALARY 104 --
BEGIN;
UPDATE employees SET salary = salary + 399 WHERE employee_id = 104;
COMMIT;

-- UPDATING EMPLOYEE SALARY 65 --
BEGIN;
UPDATE employees SET salary = salary + 1549 WHERE employee_id = 65;
COMMIT;

-- UPDATING EMPLOYEE SALARY 73 --
BEGIN;
UPDATE employees SET salary = salary + 1233 WHERE employee_id = 73;
COMMIT;

-- UPDATING EMPLOYEE SALARY 1 --
BEGIN;
UPDATE employees SET salary = salary + 1289 WHERE employee_id = 1;
COMMIT;

-- UPDATING EMPLOYEE SALARY 130 --
BEGIN;
UPDATE employees SET salary = salary + 6092 WHERE employee_id = 130;
COMMIT;

-- UPDATING EMPLOYEE SALARY 128 --
BEGIN;
UPDATE employees SET salary = salary + 3184 WHERE employee_id = 128;
COMMIT;

-- UPDATING EMPLOYEE SALARY 113 --
BEGIN;
UPDATE employees SET salary = salary + 9346 WHERE employee_id = 113;
COMMIT;

-- UPDATING EMPLOYEE SALARY 147 --
BEGIN;
UPDATE employees SET salary = salary + 6881 WHERE employee_id = 147;
COMMIT;

-- UPDATING EMPLOYEE SALARY 84 --
BEGIN;
UPDATE employees SET salary = salary + 7307 WHERE employee_id = 84;
COMMIT;

-- UPDATING EMPLOYEE SALARY 147 --
BEGIN;
UPDATE employees SET salary = salary + 7799 WHERE employee_id = 147;
COMMIT;

-- UPDATING EMPLOYEE SALARY 28 --
BEGIN;
UPDATE employees SET salary = salary + 7918 WHERE employee_id = 28;
COMMIT;

-- UPDATING EMPLOYEE SALARY 142 --
BEGIN;
UPDATE employees SET salary = salary + 2306 WHERE employee_id = 142;
COMMIT;

-- UPDATING EMPLOYEE SALARY 95 --
BEGIN;
UPDATE employees SET salary = salary + 1242 WHERE employee_id = 95;
COMMIT;

-- UPDATING EMPLOYEE SALARY 117 --
BEGIN;
UPDATE employees SET salary = salary + 1354 WHERE employee_id = 117;
COMMIT;

-- UPDATING EMPLOYEE SALARY 92 --
BEGIN;
UPDATE employees SET salary = salary + 5953 WHERE employee_id = 92;
COMMIT;

-- UPDATING EMPLOYEE SALARY 35 --
BEGIN;
UPDATE employees SET salary = salary + 8397 WHERE employee_id = 35;
COMMIT;

-- UPDATING EMPLOYEE SALARY 147 --
BEGIN;
UPDATE employees SET salary = salary + 7445 WHERE employee_id = 147;
COMMIT;

-- UPDATING EMPLOYEE SALARY 1 --
BEGIN;
UPDATE employees SET salary = salary + 2597 WHERE employee_id = 1;
COMMIT;

-- UPDATING EMPLOYEE SALARY 140 --
BEGIN;
UPDATE employees SET salary = salary + 619 WHERE employee_id = 140;
COMMIT;

-- UPDATING EMPLOYEE SALARY 100 --
BEGIN;
UPDATE employees SET salary = salary + 9645 WHERE employee_id = 100;
COMMIT;

-- UPDATING EMPLOYEE SALARY 129 --
BEGIN;
UPDATE employees SET salary = salary + 4944 WHERE employee_id = 129;
COMMIT;

-- UPDATING EMPLOYEE SALARY 148 --
BEGIN;
UPDATE employees SET salary = salary + 7309 WHERE employee_id = 148;
COMMIT;

-- UPDATING EMPLOYEE SALARY 100 --
BEGIN;
UPDATE employees SET salary = salary + 8579 WHERE employee_id = 100;
COMMIT;

-- UPDATING EMPLOYEE SALARY 6 --
BEGIN;
UPDATE employees SET salary = salary + 1378 WHERE employee_id = 6;
COMMIT;

-- UPDATING EMPLOYEE SALARY 135 --
BEGIN;
UPDATE employees SET salary = salary + 7416 WHERE employee_id = 135;
COMMIT;

-- UPDATING EMPLOYEE SALARY 79 --
BEGIN;
UPDATE employees SET salary = salary + 390 WHERE employee_id = 79;
COMMIT;

-- UPDATING EMPLOYEE SALARY 77 --
BEGIN;
UPDATE employees SET salary = salary + 231 WHERE employee_id = 77;
COMMIT;

-- UPDATING EMPLOYEE SALARY 96 --
BEGIN;
UPDATE employees SET salary = salary + 2096 WHERE employee_id = 96;
COMMIT;

-- UPDATING EMPLOYEE SALARY 116 --
BEGIN;
UPDATE employees SET salary = salary + 1762 WHERE employee_id = 116;
COMMIT;

-- UPDATING EMPLOYEE SALARY 6 --
BEGIN;
UPDATE employees SET salary = salary + 3405 WHERE employee_id = 6;
COMMIT;

-- UPDATING EMPLOYEE SALARY 129 --
BEGIN;
UPDATE employees SET salary = salary + 5970 WHERE employee_id = 129;
COMMIT;

-- UPDATING EMPLOYEE SALARY 64 --
BEGIN;
UPDATE employees SET salary = salary + 8716 WHERE employee_id = 64;
COMMIT;

-- UPDATING EMPLOYEE SALARY 28 --
BEGIN;
UPDATE employees SET salary = salary + 6139 WHERE employee_id = 28;
COMMIT;

-- UPDATING EMPLOYEE SALARY 54 --
BEGIN;
UPDATE employees SET salary = salary + 3617 WHERE employee_id = 54;
COMMIT;

-- UPDATING EMPLOYEE SALARY 44 --
BEGIN;
UPDATE employees SET salary = salary + 1158 WHERE employee_id = 44;
COMMIT;

-- UPDATING EMPLOYEE SALARY 45 --
BEGIN;
UPDATE employees SET salary = salary + 9321 WHERE employee_id = 45;
COMMIT;

-- UPDATING EMPLOYEE SALARY 125 --
BEGIN;
UPDATE employees SET salary = salary + 4002 WHERE employee_id = 125;
COMMIT;

-- INSERTING EMPLOYEE 151 --
BEGIN;
INSERT INTO employees (employee_id, first_name, last_name, email, phone_number, hire_date, job_id, salary,manager_id,department_id) VALUES (151, 'Isla', 'Fisher', 'isla.fisher@gmail.com', '555-4569', '2000-11-23', 36, 470000.00, 60, 336);
INSERT INTO dependents (dependent_id, first_name, last_name, relationship, employee_id) VALUES (435, 'David', 'Attenborough', 'child', 151);
COMMIT;

-- INSERTING EMPLOYEE 152 --
BEGIN;
INSERT INTO employees (employee_id, first_name, last_name, email, phone_number, hire_date, job_id, salary,manager_id,department_id) VALUES (152, 'Xena', 'Warrior', 'xena.warrior@gmail.com', '555-3458', '2009-10-12', 8, 360000.00, 129, 622);
INSERT INTO dependents (dependent_id, first_name, last_name, relationship, employee_id) VALUES (436, 'Hugh', 'Jackman', 'spouse', 152);
INSERT INTO dependents (dependent_id, first_name, last_name, relationship, employee_id) VALUES (437, 'Isaac', 'Newton', 'spouse', 152);
INSERT INTO dependents (dependent_id, first_name, last_name, relationship, employee_id) VALUES (438, 'Richard', 'Feynman', 'parent', 152);
COMMIT;

-- INSERTING EMPLOYEE 153 --
BEGIN;
INSERT INTO employees (employee_id, first_name, last_name, email, phone_number, hire_date, job_id, salary,manager_id,department_id) VALUES (153, 'Samuel', 'Jackson', 'samuel.jackson@gmail.com', '555-8903', '2015-08-25', 7, 310000.00, 147, 482);
COMMIT;

-- INSERTING EMPLOYEE 154 --
BEGIN;
INSERT INTO employees (employee_id, first_name, last_name, email, phone_number, hire_date, job_id, salary,manager_id,department_id) VALUES (154, 'Zoe', 'Saldana', 'zoe.saldana@gmail.com', '555-5670', '2023-07-05', 1, 380000.00, 120, 138);
INSERT INTO dependents (dependent_id, first_name, last_name, relationship, employee_id) VALUES (439, 'Ada', 'Lovelace', 'parent', 154);
INSERT INTO dependents (dependent_id, first_name, last_name, relationship, employee_id) VALUES (440, 'Max', 'Planck', 'spouse', 154);
INSERT INTO dependents (dependent_id, first_name, last_name, relationship, employee_id) VALUES (441, 'Barbara', 'McClintock', 'child', 154);
INSERT INTO dependents (dependent_id, first_name, last_name, relationship, employee_id) VALUES (442, 'Meryl', 'Streep', 'parent', 154);
COMMIT;

-- DELETING EMPLOYEE 69 --
BEGIN;
DELETE FROM dependents WHERE employee_id = 69;
DELETE FROM employees WHERE employee_id = 69;
COMMIT;

-- DELETING EMPLOYEE 113 --
BEGIN;
DELETE FROM dependents WHERE employee_id = 113;
DELETE FROM employees WHERE employee_id = 113;
COMMIT;

-- DELETING EMPLOYEE 145 --
BEGIN;
DELETE FROM dependents WHERE employee_id = 145;
DELETE FROM employees WHERE employee_id = 145;
COMMIT;

-- INSERTING DEPENDENT 140 --
BEGIN;
INSERT INTO dependents (dependent_id, first_name, last_name, relationship, employee_id) VALUES (443, 'Maria', 'Mayer', 'spouse', 140);
END;

-- INSERTING DEPENDENT 96 --
BEGIN;
INSERT INTO dependents (dependent_id, first_name, last_name, relationship, employee_id) VALUES (444, 'Lise', 'Meitner', 'child', 96);
END;

-- INSERTING DEPENDENT 22 --
BEGIN;
INSERT INTO dependents (dependent_id, first_name, last_name, relationship, employee_id) VALUES (445, 'Alex', 'Rodriguez', 'child', 22);
END;

-- INSERTING DEPENDENT 68 --
BEGIN;
INSERT INTO dependents (dependent_id, first_name, last_name, relationship, employee_id) VALUES (446, 'Max', 'Planck', 'child', 68);
END;

-- DELETING DEPENDENT 210 --
BEGIN;
DELETE FROM dependents WHERE dependent_id = 210;
COMMIT;

-- DELETING DEPENDENT 27 --
BEGIN;
DELETE FROM dependents WHERE dependent_id = 27;
COMMIT;

-- DELETING DEPENDENT 445 --
BEGIN;
DELETE FROM dependents WHERE dependent_id = 445;
COMMIT;

-- UPDATING EMPLOYEE SALARY 106 --
BEGIN;
UPDATE employees SET salary = salary + 3529 WHERE employee_id = 106;
COMMIT;

-- UPDATING EMPLOYEE SALARY 107 --
BEGIN;
UPDATE employees SET salary = salary + 2221 WHERE employee_id = 107;
COMMIT;

-- UPDATING EMPLOYEE SALARY 108 --
BEGIN;
UPDATE employees SET salary = salary + 6405 WHERE employee_id = 108;
COMMIT;

-- UPDATING EMPLOYEE SALARY 92 --
BEGIN;
UPDATE employees SET salary = salary + 1308 WHERE employee_id = 92;
COMMIT;

-- UPDATING EMPLOYEE SALARY 78 --
BEGIN;
UPDATE employees SET salary = salary + 7468 WHERE employee_id = 78;
COMMIT;

-- UPDATING EMPLOYEE SALARY 27 --
BEGIN;
UPDATE employees SET salary = salary + 3790 WHERE employee_id = 27;
COMMIT;

-- UPDATING EMPLOYEE SALARY 72 --
BEGIN;
UPDATE employees SET salary = salary + 3520 WHERE employee_id = 72;
COMMIT;

-- UPDATING EMPLOYEE SALARY 63 --
BEGIN;
UPDATE employees SET salary = salary + 8275 WHERE employee_id = 63;
COMMIT;

-- UPDATING EMPLOYEE SALARY 152 --
BEGIN;
UPDATE employees SET salary = salary + 9724 WHERE employee_id = 152;
COMMIT;

-- UPDATING EMPLOYEE SALARY 22 --
BEGIN;
UPDATE employees SET salary = salary + 9684 WHERE employee_id = 22;
COMMIT;

-- INSERTING EMPLOYEE 155 --
BEGIN;
INSERT INTO employees (employee_id, first_name, last_name, email, phone_number, hire_date, job_id, salary,manager_id,department_id) VALUES (155, 'Aaron', 'Paul', 'aaron.paul@gmail.com', '555-6781', '2020-01-19', 2, 390000.00, 79, 331);
COMMIT;

-- INSERTING EMPLOYEE 156 --
BEGIN;
INSERT INTO employees (employee_id, first_name, last_name, email, phone_number, hire_date, job_id, salary,manager_id,department_id) VALUES (156, 'Jane', 'Smith', 'jane.smith@gmail.com', '555-5678', '2010-03-03', 56, 60000.00, 72, 432);
INSERT INTO dependents (dependent_id, first_name, last_name, relationship, employee_id) VALUES (447, 'Paul', 'Dirac', 'child', 156);
INSERT INTO dependents (dependent_id, first_name, last_name, relationship, employee_id) VALUES (448, 'Lise', 'Meitner', 'child', 156);
INSERT INTO dependents (dependent_id, first_name, last_name, relationship, employee_id) VALUES (449, 'Queen', 'Latifah', 'parent', 156);
INSERT INTO dependents (dependent_id, first_name, last_name, relationship, employee_id) VALUES (450, 'Michael', 'Faraday', 'spouse', 156);
COMMIT;

-- INSERTING EMPLOYEE 157 --
BEGIN;
INSERT INTO employees (employee_id, first_name, last_name, email, phone_number, hire_date, job_id, salary,manager_id,department_id) VALUES (157, 'Rihanna', 'Black', 'rihanna.black@gmail.com', '555-1235', '1996-05-06', 14, 240000.00, 112, 321);
INSERT INTO dependents (dependent_id, first_name, last_name, relationship, employee_id) VALUES (451, 'Oprah', 'Winfrey', 'child', 157);
INSERT INTO dependents (dependent_id, first_name, last_name, relationship, employee_id) VALUES (452, 'Queen', 'Latifah', 'child', 157);
INSERT INTO dependents (dependent_id, first_name, last_name, relationship, employee_id) VALUES (453, 'Nikola', 'Tesla', 'parent', 157);
INSERT INTO dependents (dependent_id, first_name, last_name, relationship, employee_id) VALUES (454, 'Hugh', 'Jackman', 'parent', 157);
COMMIT;

-- INSERTING EMPLOYEE 158 --
BEGIN;
INSERT INTO employees (employee_id, first_name, last_name, email, phone_number, hire_date, job_id, salary,manager_id,department_id) VALUES (158, 'Uma', 'Thurman', 'uma.thurman@gmail.com', '555-4569', '1998-03-22', 45, 270000.00, 124, 86);
COMMIT;

-- INSERTING EMPLOYEE 159 --
BEGIN;
INSERT INTO employees (employee_id, first_name, last_name, email, phone_number, hire_date, job_id, salary,manager_id,department_id) VALUES (159, 'Isla', 'Fisher', 'isla.fisher@gmail.com', '555-4569', '2003-12-18', 5, 470000.00, 112, 52);
INSERT INTO dependents (dependent_id, first_name, last_name, relationship, employee_id) VALUES (455, 'Max', 'Planck', 'spouse', 159);
INSERT INTO dependents (dependent_id, first_name, last_name, relationship, employee_id) VALUES (456, 'Hugh', 'Jackman', 'parent', 159);
COMMIT;

-- DELETING EMPLOYEE 122 --
BEGIN;
DELETE FROM dependents WHERE employee_id = 122;
DELETE FROM employees WHERE employee_id = 122;
COMMIT;

-- DELETING EMPLOYEE 132 --
BEGIN;
DELETE FROM dependents WHERE employee_id = 132;
DELETE FROM employees WHERE employee_id = 132;
COMMIT;

-- DELETING EMPLOYEE 82 --
BEGIN;
UPDATE employees SET manager_id = 121 WHERE employee_id = 94;
DELETE FROM dependents WHERE employee_id = 82;
DELETE FROM employees WHERE employee_id = 82;
COMMIT;

-- DELETING EMPLOYEE 28 --
BEGIN;
UPDATE employees SET manager_id = 79 WHERE employee_id = 37;
UPDATE employees SET manager_id = 79 WHERE employee_id = 44;
UPDATE employees SET manager_id = 79 WHERE employee_id = 131;
DELETE FROM dependents WHERE employee_id = 28;
DELETE FROM employees WHERE employee_id = 28;
COMMIT;

-- INSERTING DEPENDENT 137 --
BEGIN;
INSERT INTO dependents (dependent_id, first_name, last_name, relationship, employee_id) VALUES (457, 'Frank', 'Sinatra', 'spouse', 137);
END;

-- INSERTING DEPENDENT 86 --
BEGIN;
INSERT INTO dependents (dependent_id, first_name, last_name, relationship, employee_id) VALUES (458, 'Frank', 'Sinatra', 'spouse', 86);
END;

-- INSERTING DEPENDENT 127 --
BEGIN;
INSERT INTO dependents (dependent_id, first_name, last_name, relationship, employee_id) VALUES (459, 'Queen', 'Latifah', 'spouse', 127);
END;

-- INSERTING DEPENDENT 120 --
BEGIN;
INSERT INTO dependents (dependent_id, first_name, last_name, relationship, employee_id) VALUES (460, 'Marie', 'Curie', 'child', 120);
END;

-- INSERTING DEPENDENT 92 --
BEGIN;
INSERT INTO dependents (dependent_id, first_name, last_name, relationship, employee_id) VALUES (461, 'Neil', 'Armstrong', 'parent', 92);
END;

-- DELETING DEPENDENT 427 --
BEGIN;
DELETE FROM dependents WHERE dependent_id = 427;
COMMIT;

-- DELETING DEPENDENT 141 --
BEGIN;
DELETE FROM dependents WHERE dependent_id = 141;
COMMIT;

-- DELETING DEPENDENT 452 --
BEGIN;
DELETE FROM dependents WHERE dependent_id = 452;
COMMIT;

-- DELETING DEPENDENT 278 --
BEGIN;
DELETE FROM dependents WHERE dependent_id = 278;
COMMIT;

-- UPDATING EMPLOYEE SALARY 27 --
BEGIN;
UPDATE employees SET salary = salary + 862 WHERE employee_id = 27;
COMMIT;

-- UPDATING EMPLOYEE SALARY 100 --
BEGIN;
UPDATE employees SET salary = salary + 564 WHERE employee_id = 100;
COMMIT;

-- UPDATING EMPLOYEE SALARY 123 --
BEGIN;
UPDATE employees SET salary = salary + 1116 WHERE employee_id = 123;
COMMIT;

-- UPDATING EMPLOYEE SALARY 106 --
BEGIN;
UPDATE employees SET salary = salary + 8783 WHERE employee_id = 106;
COMMIT;

-- UPDATING EMPLOYEE SALARY 86 --
BEGIN;
UPDATE employees SET salary = salary + 763 WHERE employee_id = 86;
COMMIT;

-- UPDATING EMPLOYEE SALARY 86 --
BEGIN;
UPDATE employees SET salary = salary + 1940 WHERE employee_id = 86;
COMMIT;

-- UPDATING EMPLOYEE SALARY 68 --
BEGIN;
UPDATE employees SET salary = salary + 7583 WHERE employee_id = 68;
COMMIT;

-- UPDATING EMPLOYEE SALARY 89 --
BEGIN;
UPDATE employees SET salary = salary + 6826 WHERE employee_id = 89;
COMMIT;

-- UPDATING EMPLOYEE SALARY 121 --
BEGIN;
UPDATE employees SET salary = salary + 5504 WHERE employee_id = 121;
COMMIT;

-- UPDATING EMPLOYEE SALARY 59 --
BEGIN;
UPDATE employees SET salary = salary + 7502 WHERE employee_id = 59;
COMMIT;

-- UPDATING EMPLOYEE SALARY 96 --
BEGIN;
UPDATE employees SET salary = salary + 5387 WHERE employee_id = 96;
COMMIT;

-- UPDATING EMPLOYEE SALARY 131 --
BEGIN;
UPDATE employees SET salary = salary + 198 WHERE employee_id = 131;
COMMIT;

-- UPDATING EMPLOYEE SALARY 88 --
BEGIN;
UPDATE employees SET salary = salary + 8721 WHERE employee_id = 88;
COMMIT;

-- UPDATING EMPLOYEE SALARY 112 --
BEGIN;
UPDATE employees SET salary = salary + 7904 WHERE employee_id = 112;
COMMIT;

-- UPDATING EMPLOYEE SALARY 77 --
BEGIN;
UPDATE employees SET salary = salary + 5848 WHERE employee_id = 77;
COMMIT;

-- UPDATING EMPLOYEE SALARY 141 --
BEGIN;
UPDATE employees SET salary = salary + 7017 WHERE employee_id = 141;
COMMIT;

-- UPDATING EMPLOYEE SALARY 148 --
BEGIN;
UPDATE employees SET salary = salary + 3698 WHERE employee_id = 148;
COMMIT;

-- UPDATING EMPLOYEE SALARY 136 --
BEGIN;
UPDATE employees SET salary = salary + 8335 WHERE employee_id = 136;
COMMIT;

-- UPDATING EMPLOYEE SALARY 35 --
BEGIN;
UPDATE employees SET salary = salary + 1751 WHERE employee_id = 35;
COMMIT;

-- UPDATING EMPLOYEE SALARY 121 --
BEGIN;
UPDATE employees SET salary = salary + 3619 WHERE employee_id = 121;
COMMIT;

-- UPDATING EMPLOYEE SALARY 140 --
BEGIN;
UPDATE employees SET salary = salary + 3532 WHERE employee_id = 140;
COMMIT;

-- UPDATING EMPLOYEE SALARY 110 --
BEGIN;
UPDATE employees SET salary = salary + 6669 WHERE employee_id = 110;
COMMIT;

-- UPDATING EMPLOYEE SALARY 157 --
BEGIN;
UPDATE employees SET salary = salary + 5145 WHERE employee_id = 157;
COMMIT;

-- UPDATING EMPLOYEE SALARY 100 --
BEGIN;
UPDATE employees SET salary = salary + 2384 WHERE employee_id = 100;
COMMIT;

-- UPDATING EMPLOYEE SALARY 30 --
BEGIN;
UPDATE employees SET salary = salary + 1936 WHERE employee_id = 30;
COMMIT;

-- UPDATING EMPLOYEE SALARY 25 --
BEGIN;
UPDATE employees SET salary = salary + 1917 WHERE employee_id = 25;
COMMIT;

-- UPDATING EMPLOYEE SALARY 9 --
BEGIN;
UPDATE employees SET salary = salary + 8535 WHERE employee_id = 9;
COMMIT;

-- UPDATING EMPLOYEE SALARY 93 --
BEGIN;
UPDATE employees SET salary = salary + 9465 WHERE employee_id = 93;
COMMIT;

-- UPDATING EMPLOYEE SALARY 140 --
BEGIN;
UPDATE employees SET salary = salary + 7417 WHERE employee_id = 140;
COMMIT;

-- UPDATING EMPLOYEE SALARY 147 --
BEGIN;
UPDATE employees SET salary = salary + 9843 WHERE employee_id = 147;
COMMIT;

-- UPDATING EMPLOYEE SALARY 147 --
BEGIN;
UPDATE employees SET salary = salary + 4760 WHERE employee_id = 147;
COMMIT;

-- UPDATING EMPLOYEE SALARY 25 --
BEGIN;
UPDATE employees SET salary = salary + 6885 WHERE employee_id = 25;
COMMIT;

-- UPDATING EMPLOYEE SALARY 149 --
BEGIN;
UPDATE employees SET salary = salary + 990 WHERE employee_id = 149;
COMMIT;

-- UPDATING EMPLOYEE SALARY 27 --
BEGIN;
UPDATE employees SET salary = salary + 2340 WHERE employee_id = 27;
COMMIT;

-- UPDATING EMPLOYEE SALARY 1 --
BEGIN;
UPDATE employees SET salary = salary + 370 WHERE employee_id = 1;
COMMIT;

-- UPDATING EMPLOYEE SALARY 124 --
BEGIN;
UPDATE employees SET salary = salary + 8228 WHERE employee_id = 124;
COMMIT;

-- UPDATING EMPLOYEE SALARY 63 --
BEGIN;
UPDATE employees SET salary = salary + 6955 WHERE employee_id = 63;
COMMIT;

-- UPDATING EMPLOYEE SALARY 64 --
BEGIN;
UPDATE employees SET salary = salary + 5758 WHERE employee_id = 64;
COMMIT;

-- UPDATING EMPLOYEE SALARY 150 --
BEGIN;
UPDATE employees SET salary = salary + 3503 WHERE employee_id = 150;
COMMIT;

-- UPDATING EMPLOYEE SALARY 126 --
BEGIN;
UPDATE employees SET salary = salary + 2151 WHERE employee_id = 126;
COMMIT;

-- INSERTING EMPLOYEE 160 --
BEGIN;
INSERT INTO employees (employee_id, first_name, last_name, email, phone_number, hire_date, job_id, salary,manager_id,department_id) VALUES (160, 'Jack', 'Sparrow', 'jack.sparrow@gmail.com', '555-4567', '2018-12-02', 26, 160000.00, 46, 440);
COMMIT;

-- INSERTING EMPLOYEE 161 --
BEGIN;
INSERT INTO employees (employee_id, first_name, last_name, email, phone_number, hire_date, job_id, salary,manager_id,department_id) VALUES (161, 'John', 'Doe', 'john.doe@gmail.com', '555-1234', '1996-02-24', 34, 55000.00, 143, 96);
INSERT INTO dependents (dependent_id, first_name, last_name, relationship, employee_id) VALUES (462, 'James', 'Maxwell', 'parent', 161);
INSERT INTO dependents (dependent_id, first_name, last_name, relationship, employee_id) VALUES (463, 'Hugh', 'Jackman', 'spouse', 161);
INSERT INTO dependents (dependent_id, first_name, last_name, relationship, employee_id) VALUES (464, 'David', 'Attenborough', 'parent', 161);
INSERT INTO dependents (dependent_id, first_name, last_name, relationship, employee_id) VALUES (465, 'Albert', 'Einstein', 'parent', 161);
COMMIT;

-- INSERTING EMPLOYEE 162 --
BEGIN;
INSERT INTO employees (employee_id, first_name, last_name, email, phone_number, hire_date, job_id, salary,manager_id,department_id) VALUES (162, 'Bob', 'Brown', 'bob.brown@gmail.com', '555-4321', '2004-04-27', 47, 80000.00, 126, 585);
INSERT INTO dependents (dependent_id, first_name, last_name, relationship, employee_id) VALUES (466, 'Albert', 'Einstein', 'spouse', 162);
INSERT INTO dependents (dependent_id, first_name, last_name, relationship, employee_id) VALUES (467, 'David', 'Attenborough', 'spouse', 162);
COMMIT;

-- INSERTING EMPLOYEE 163 --
BEGIN;
INSERT INTO employees (employee_id, first_name, last_name, email, phone_number, hire_date, job_id, salary,manager_id,department_id) VALUES (163, 'Katherine', 'Johnson', 'katherine.johnson@gmail.com', '555-8901', '2025-10-15', 46, 170000.00, 159, 98);
INSERT INTO dependents (dependent_id, first_name, last_name, relationship, employee_id) VALUES (468, 'James', 'Maxwell', 'child', 163);
INSERT INTO dependents (dependent_id, first_name, last_name, relationship, employee_id) VALUES (469, 'Rachel', 'Carson', 'parent', 163);
COMMIT;

-- DELETING EMPLOYEE 95 --
BEGIN;
UPDATE employees SET manager_id = 54 WHERE employee_id = 110;
DELETE FROM dependents WHERE employee_id = 95;
DELETE FROM employees WHERE employee_id = 95;
COMMIT;

-- INSERTING DEPENDENT 11 --
BEGIN;
INSERT INTO dependents (dependent_id, first_name, last_name, relationship, employee_id) VALUES (470, 'Louis', 'Armstrong', 'child', 11);
END;

-- INSERTING DEPENDENT 128 --
BEGIN;
INSERT INTO dependents (dependent_id, first_name, last_name, relationship, employee_id) VALUES (471, 'Alex', 'Rodriguez', 'child', 128);
END;

-- INSERTING DEPENDENT 89 --
BEGIN;
INSERT INTO dependents (dependent_id, first_name, last_name, relationship, employee_id) VALUES (472, 'Maria', 'Mayer', 'spouse', 89);
END;

-- INSERTING DEPENDENT 106 --
BEGIN;
INSERT INTO dependents (dependent_id, first_name, last_name, relationship, employee_id) VALUES (473, 'Robert', 'Redford', 'spouse', 106);
END;

-- DELETING DEPENDENT 130 --
BEGIN;
DELETE FROM dependents WHERE dependent_id = 130;
COMMIT;

-- UPDATING EMPLOYEE SALARY 44 --
BEGIN;
UPDATE employees SET salary = salary + 1395 WHERE employee_id = 44;
COMMIT;

-- UPDATING EMPLOYEE SALARY 114 --
BEGIN;
UPDATE employees SET salary = salary + 589 WHERE employee_id = 114;
COMMIT;

-- UPDATING EMPLOYEE SALARY 114 --
BEGIN;
UPDATE employees SET salary = salary + 34 WHERE employee_id = 114;
COMMIT;

-- UPDATING EMPLOYEE SALARY 131 --
BEGIN;
UPDATE employees SET salary = salary + 1483 WHERE employee_id = 131;
COMMIT;

-- UPDATING EMPLOYEE SALARY 38 --
BEGIN;
UPDATE employees SET salary = salary + 4055 WHERE employee_id = 38;
COMMIT;

-- UPDATING EMPLOYEE SALARY 114 --
BEGIN;
UPDATE employees SET salary = salary + 3804 WHERE employee_id = 114;
COMMIT;

-- UPDATING EMPLOYEE SALARY 123 --
BEGIN;
UPDATE employees SET salary = salary + 7979 WHERE employee_id = 123;
COMMIT;

-- UPDATING EMPLOYEE SALARY 119 --
BEGIN;
UPDATE employees SET salary = salary + 1158 WHERE employee_id = 119;
COMMIT;

-- UPDATING EMPLOYEE SALARY 110 --
BEGIN;
UPDATE employees SET salary = salary + 8321 WHERE employee_id = 110;
COMMIT;

-- UPDATING EMPLOYEE SALARY 160 --
BEGIN;
UPDATE employees SET salary = salary + 8244 WHERE employee_id = 160;
COMMIT;

-- UPDATING EMPLOYEE SALARY 103 --
BEGIN;
UPDATE employees SET salary = salary + 3465 WHERE employee_id = 103;
COMMIT;

-- UPDATING EMPLOYEE SALARY 26 --
BEGIN;
UPDATE employees SET salary = salary + 9857 WHERE employee_id = 26;
COMMIT;

-- UPDATING EMPLOYEE SALARY 155 --
BEGIN;
UPDATE employees SET salary = salary + 4785 WHERE employee_id = 155;
COMMIT;

-- UPDATING EMPLOYEE SALARY 1 --
BEGIN;
UPDATE employees SET salary = salary + 7059 WHERE employee_id = 1;
COMMIT;

-- UPDATING EMPLOYEE SALARY 129 --
BEGIN;
UPDATE employees SET salary = salary + 8903 WHERE employee_id = 129;
COMMIT;

-- UPDATING EMPLOYEE SALARY 22 --
BEGIN;
UPDATE employees SET salary = salary + 9871 WHERE employee_id = 22;
COMMIT;

-- UPDATING EMPLOYEE SALARY 62 --
BEGIN;
UPDATE employees SET salary = salary + 4988 WHERE employee_id = 62;
COMMIT;

-- UPDATING EMPLOYEE SALARY 59 --
BEGIN;
UPDATE employees SET salary = salary + 5189 WHERE employee_id = 59;
COMMIT;

-- UPDATING EMPLOYEE SALARY 66 --
BEGIN;
UPDATE employees SET salary = salary + 4578 WHERE employee_id = 66;
COMMIT;

-- UPDATING EMPLOYEE SALARY 155 --
BEGIN;
UPDATE employees SET salary = salary + 8419 WHERE employee_id = 155;
COMMIT;

-- UPDATING EMPLOYEE SALARY 68 --
BEGIN;
UPDATE employees SET salary = salary + 2797 WHERE employee_id = 68;
COMMIT;

-- UPDATING EMPLOYEE SALARY 116 --
BEGIN;
UPDATE employees SET salary = salary + 8958 WHERE employee_id = 116;
COMMIT;

-- UPDATING EMPLOYEE SALARY 106 --
BEGIN;
UPDATE employees SET salary = salary + 6703 WHERE employee_id = 106;
COMMIT;

-- UPDATING EMPLOYEE SALARY 138 --
BEGIN;
UPDATE employees SET salary = salary + 1646 WHERE employee_id = 138;
COMMIT;

-- UPDATING EMPLOYEE SALARY 148 --
BEGIN;
UPDATE employees SET salary = salary + 87 WHERE employee_id = 148;
COMMIT;

-- UPDATING EMPLOYEE SALARY 116 --
BEGIN;
UPDATE employees SET salary = salary + 4956 WHERE employee_id = 116;
COMMIT;

-- UPDATING EMPLOYEE SALARY 61 --
BEGIN;
UPDATE employees SET salary = salary + 2835 WHERE employee_id = 61;
COMMIT;

-- UPDATING EMPLOYEE SALARY 146 --
BEGIN;
UPDATE employees SET salary = salary + 5122 WHERE employee_id = 146;
COMMIT;

-- UPDATING EMPLOYEE SALARY 22 --
BEGIN;
UPDATE employees SET salary = salary + 6352 WHERE employee_id = 22;
COMMIT;

-- UPDATING EMPLOYEE SALARY 73 --
BEGIN;
UPDATE employees SET salary = salary + 5460 WHERE employee_id = 73;
COMMIT;

-- UPDATING EMPLOYEE SALARY 92 --
BEGIN;
UPDATE employees SET salary = salary + 4302 WHERE employee_id = 92;
COMMIT;

-- UPDATING EMPLOYEE SALARY 104 --
BEGIN;
UPDATE employees SET salary = salary + 2124 WHERE employee_id = 104;
COMMIT;

-- UPDATING EMPLOYEE SALARY 41 --
BEGIN;
UPDATE employees SET salary = salary + 8238 WHERE employee_id = 41;
COMMIT;

-- UPDATING EMPLOYEE SALARY 89 --
BEGIN;
UPDATE employees SET salary = salary + 322 WHERE employee_id = 89;
COMMIT;

-- UPDATING EMPLOYEE SALARY 147 --
BEGIN;
UPDATE employees SET salary = salary + 2681 WHERE employee_id = 147;
COMMIT;

-- UPDATING EMPLOYEE SALARY 38 --
BEGIN;
UPDATE employees SET salary = salary + 2643 WHERE employee_id = 38;
COMMIT;

-- UPDATING EMPLOYEE SALARY 163 --
BEGIN;
UPDATE employees SET salary = salary + 3682 WHERE employee_id = 163;
COMMIT;

-- UPDATING EMPLOYEE SALARY 103 --
BEGIN;
UPDATE employees SET salary = salary + 2907 WHERE employee_id = 103;
COMMIT;

-- UPDATING EMPLOYEE SALARY 158 --
BEGIN;
UPDATE employees SET salary = salary + 3328 WHERE employee_id = 158;
COMMIT;

-- UPDATING EMPLOYEE SALARY 65 --
BEGIN;
UPDATE employees SET salary = salary + 7390 WHERE employee_id = 65;
COMMIT;

-- UPDATING EMPLOYEE SALARY 148 --
BEGIN;
UPDATE employees SET salary = salary + 2016 WHERE employee_id = 148;
COMMIT;

-- UPDATING EMPLOYEE SALARY 45 --
BEGIN;
UPDATE employees SET salary = salary + 5578 WHERE employee_id = 45;
COMMIT;

-- UPDATING EMPLOYEE SALARY 74 --
BEGIN;
UPDATE employees SET salary = salary + 8708 WHERE employee_id = 74;
COMMIT;

-- UPDATING EMPLOYEE SALARY 85 --
BEGIN;
UPDATE employees SET salary = salary + 1241 WHERE employee_id = 85;
COMMIT;

-- UPDATING EMPLOYEE SALARY 9 --
BEGIN;
UPDATE employees SET salary = salary + 6989 WHERE employee_id = 9;
COMMIT;

-- UPDATING EMPLOYEE SALARY 103 --
BEGIN;
UPDATE employees SET salary = salary + 662 WHERE employee_id = 103;
COMMIT;

-- UPDATING EMPLOYEE SALARY 107 --
BEGIN;
UPDATE employees SET salary = salary + 7562 WHERE employee_id = 107;
COMMIT;

-- UPDATING EMPLOYEE SALARY 114 --
BEGIN;
UPDATE employees SET salary = salary + 6488 WHERE employee_id = 114;
COMMIT;

-- UPDATING EMPLOYEE SALARY 17 --
BEGIN;
UPDATE employees SET salary = salary + 3621 WHERE employee_id = 17;
COMMIT;

-- UPDATING EMPLOYEE SALARY 146 --
BEGIN;
UPDATE employees SET salary = salary + 3885 WHERE employee_id = 146;
COMMIT;

-- UPDATING EMPLOYEE SALARY 143 --
BEGIN;
UPDATE employees SET salary = salary + 2066 WHERE employee_id = 143;
COMMIT;

-- UPDATING EMPLOYEE SALARY 94 --
BEGIN;
UPDATE employees SET salary = salary + 2242 WHERE employee_id = 94;
COMMIT;

-- UPDATING EMPLOYEE SALARY 45 --
BEGIN;
UPDATE employees SET salary = salary + 7757 WHERE employee_id = 45;
COMMIT;

-- UPDATING EMPLOYEE SALARY 136 --
BEGIN;
UPDATE employees SET salary = salary + 4431 WHERE employee_id = 136;
COMMIT;

-- UPDATING EMPLOYEE SALARY 160 --
BEGIN;
UPDATE employees SET salary = salary + 6959 WHERE employee_id = 160;
COMMIT;

-- UPDATING EMPLOYEE SALARY 104 --
BEGIN;
UPDATE employees SET salary = salary + 8746 WHERE employee_id = 104;
COMMIT;

-- UPDATING EMPLOYEE SALARY 33 --
BEGIN;
UPDATE employees SET salary = salary + 6711 WHERE employee_id = 33;
COMMIT;

-- UPDATING EMPLOYEE SALARY 148 --
BEGIN;
UPDATE employees SET salary = salary + 9498 WHERE employee_id = 148;
COMMIT;

-- UPDATING EMPLOYEE SALARY 133 --
BEGIN;
UPDATE employees SET salary = salary + 711 WHERE employee_id = 133;
COMMIT;

-- UPDATING EMPLOYEE SALARY 130 --
BEGIN;
UPDATE employees SET salary = salary + 2686 WHERE employee_id = 130;
COMMIT;

-- UPDATING EMPLOYEE SALARY 149 --
BEGIN;
UPDATE employees SET salary = salary + 2475 WHERE employee_id = 149;
COMMIT;

-- UPDATING EMPLOYEE SALARY 1 --
BEGIN;
UPDATE employees SET salary = salary + 5365 WHERE employee_id = 1;
COMMIT;

-- UPDATING EMPLOYEE SALARY 152 --
BEGIN;
UPDATE employees SET salary = salary + 900 WHERE employee_id = 152;
COMMIT;

-- UPDATING EMPLOYEE SALARY 128 --
BEGIN;
UPDATE employees SET salary = salary + 7010 WHERE employee_id = 128;
COMMIT;

-- UPDATING EMPLOYEE SALARY 1 --
BEGIN;
UPDATE employees SET salary = salary + 1084 WHERE employee_id = 1;
COMMIT;

-- UPDATING EMPLOYEE SALARY 117 --
BEGIN;
UPDATE employees SET salary = salary + 8924 WHERE employee_id = 117;
COMMIT;

-- UPDATING EMPLOYEE SALARY 75 --
BEGIN;
UPDATE employees SET salary = salary + 158 WHERE employee_id = 75;
COMMIT;

-- UPDATING EMPLOYEE SALARY 94 --
BEGIN;
UPDATE employees SET salary = salary + 7045 WHERE employee_id = 94;
COMMIT;

-- UPDATING EMPLOYEE SALARY 161 --
BEGIN;
UPDATE employees SET salary = salary + 8644 WHERE employee_id = 161;
COMMIT;

-- UPDATING EMPLOYEE SALARY 116 --
BEGIN;
UPDATE employees SET salary = salary + 8919 WHERE employee_id = 116;
COMMIT;

-- UPDATING EMPLOYEE SALARY 94 --
BEGIN;
UPDATE employees SET salary = salary + 5477 WHERE employee_id = 94;
COMMIT;

-- UPDATING EMPLOYEE SALARY 99 --
BEGIN;
UPDATE employees SET salary = salary + 6036 WHERE employee_id = 99;
COMMIT;

-- UPDATING EMPLOYEE SALARY 131 --
BEGIN;
UPDATE employees SET salary = salary + 9393 WHERE employee_id = 131;
COMMIT;

-- UPDATING EMPLOYEE SALARY 162 --
BEGIN;
UPDATE employees SET salary = salary + 5339 WHERE employee_id = 162;
COMMIT;

-- UPDATING EMPLOYEE SALARY 143 --
BEGIN;
UPDATE employees SET salary = salary + 8413 WHERE employee_id = 143;
COMMIT;

-- UPDATING EMPLOYEE SALARY 9 --
BEGIN;
UPDATE employees SET salary = salary + 6220 WHERE employee_id = 9;
COMMIT;

-- UPDATING EMPLOYEE SALARY 68 --
BEGIN;
UPDATE employees SET salary = salary + 4527 WHERE employee_id = 68;
COMMIT;

-- UPDATING EMPLOYEE SALARY 154 --
BEGIN;
UPDATE employees SET salary = salary + 8817 WHERE employee_id = 154;
COMMIT;

-- UPDATING EMPLOYEE SALARY 140 --
BEGIN;
UPDATE employees SET salary = salary + 8760 WHERE employee_id = 140;
COMMIT;

-- UPDATING EMPLOYEE SALARY 138 --
BEGIN;
UPDATE employees SET salary = salary + 6839 WHERE employee_id = 138;
COMMIT;

-- UPDATING EMPLOYEE SALARY 73 --
BEGIN;
UPDATE employees SET salary = salary + 1520 WHERE employee_id = 73;
COMMIT;

-- UPDATING EMPLOYEE SALARY 156 --
BEGIN;
UPDATE employees SET salary = salary + 3609 WHERE employee_id = 156;
COMMIT;

-- UPDATING EMPLOYEE SALARY 77 --
BEGIN;
UPDATE employees SET salary = salary + 6929 WHERE employee_id = 77;
COMMIT;

-- UPDATING EMPLOYEE SALARY 129 --
BEGIN;
UPDATE employees SET salary = salary + 5070 WHERE employee_id = 129;
COMMIT;

-- UPDATING EMPLOYEE SALARY 88 --
BEGIN;
UPDATE employees SET salary = salary + 5006 WHERE employee_id = 88;
COMMIT;

-- UPDATING EMPLOYEE SALARY 91 --
BEGIN;
UPDATE employees SET salary = salary + 2400 WHERE employee_id = 91;
COMMIT;

-- UPDATING EMPLOYEE SALARY 80 --
BEGIN;
UPDATE employees SET salary = salary + 9393 WHERE employee_id = 80;
COMMIT;

-- UPDATING EMPLOYEE SALARY 87 --
BEGIN;
UPDATE employees SET salary = salary + 9473 WHERE employee_id = 87;
COMMIT;

-- UPDATING EMPLOYEE SALARY 112 --
BEGIN;
UPDATE employees SET salary = salary + 4792 WHERE employee_id = 112;
COMMIT;

-- UPDATING EMPLOYEE SALARY 1 --
BEGIN;
UPDATE employees SET salary = salary + 4739 WHERE employee_id = 1;
COMMIT;

-- UPDATING EMPLOYEE SALARY 162 --
BEGIN;
UPDATE employees SET salary = salary + 3702 WHERE employee_id = 162;
COMMIT;

-- UPDATING EMPLOYEE SALARY 38 --
BEGIN;
UPDATE employees SET salary = salary + 9665 WHERE employee_id = 38;
COMMIT;

-- UPDATING EMPLOYEE SALARY 34 --
BEGIN;
UPDATE employees SET salary = salary + 5767 WHERE employee_id = 34;
COMMIT;

-- UPDATING EMPLOYEE SALARY 79 --
BEGIN;
UPDATE employees SET salary = salary + 1728 WHERE employee_id = 79;
COMMIT;

-- UPDATING EMPLOYEE SALARY 1 --
BEGIN;
UPDATE employees SET salary = salary + 8621 WHERE employee_id = 1;
COMMIT;

-- UPDATING EMPLOYEE SALARY 129 --
BEGIN;
UPDATE employees SET salary = salary + 754 WHERE employee_id = 129;
COMMIT;

-- UPDATING EMPLOYEE SALARY 142 --
BEGIN;
UPDATE employees SET salary = salary + 1466 WHERE employee_id = 142;
COMMIT;

-- UPDATING EMPLOYEE SALARY 81 --
BEGIN;
UPDATE employees SET salary = salary + 7964 WHERE employee_id = 81;
COMMIT;

-- UPDATING EMPLOYEE SALARY 96 --
BEGIN;
UPDATE employees SET salary = salary + 3393 WHERE employee_id = 96;
COMMIT;

-- UPDATING EMPLOYEE SALARY 66 --
BEGIN;
UPDATE employees SET salary = salary + 9587 WHERE employee_id = 66;
COMMIT;

-- UPDATING EMPLOYEE SALARY 134 --
BEGIN;
UPDATE employees SET salary = salary + 5188 WHERE employee_id = 134;
COMMIT;

-- UPDATING EMPLOYEE SALARY 91 --
BEGIN;
UPDATE employees SET salary = salary + 6089 WHERE employee_id = 91;
COMMIT;

-- UPDATING EMPLOYEE SALARY 142 --
BEGIN;
UPDATE employees SET salary = salary + 1458 WHERE employee_id = 142;
COMMIT;

-- UPDATING EMPLOYEE SALARY 137 --
BEGIN;
UPDATE employees SET salary = salary + 4004 WHERE employee_id = 137;
COMMIT;

-- UPDATING EMPLOYEE SALARY 38 --
BEGIN;
UPDATE employees SET salary = salary + 4988 WHERE employee_id = 38;
COMMIT;

-- UPDATING EMPLOYEE SALARY 106 --
BEGIN;
UPDATE employees SET salary = salary + 2836 WHERE employee_id = 106;
COMMIT;

-- UPDATING EMPLOYEE SALARY 124 --
BEGIN;
UPDATE employees SET salary = salary + 6108 WHERE employee_id = 124;
COMMIT;

-- UPDATING EMPLOYEE SALARY 71 --
BEGIN;
UPDATE employees SET salary = salary + 7031 WHERE employee_id = 71;
COMMIT;

-- INSERTING EMPLOYEE 164 --
BEGIN;
INSERT INTO employees (employee_id, first_name, last_name, email, phone_number, hire_date, job_id, salary,manager_id,department_id) VALUES (164, 'Alice', 'Johnson', 'alice.johnson@gmail.com', '555-8765', '2022-10-05', 57, 70000.00, 86, 581);
INSERT INTO dependents (dependent_id, first_name, last_name, relationship, employee_id) VALUES (474, 'James', 'Maxwell', 'parent', 164);
COMMIT;

-- INSERTING DEPENDENT 68 --
BEGIN;
INSERT INTO dependents (dependent_id, first_name, last_name, relationship, employee_id) VALUES (475, 'Maria', 'Mayer', 'child', 68);
END;

-- UPDATING EMPLOYEE SALARY 150 --
BEGIN;
UPDATE employees SET salary = salary + 3862 WHERE employee_id = 150;
COMMIT;

-- UPDATING EMPLOYEE SALARY 1 --
BEGIN;
UPDATE employees SET salary = salary + 3993 WHERE employee_id = 1;
COMMIT;

-- UPDATING EMPLOYEE SALARY 124 --
BEGIN;
UPDATE employees SET salary = salary + 2701 WHERE employee_id = 124;
COMMIT;

-- UPDATING EMPLOYEE SALARY 116 --
BEGIN;
UPDATE employees SET salary = salary + 3330 WHERE employee_id = 116;
COMMIT;

-- UPDATING EMPLOYEE SALARY 65 --
BEGIN;
UPDATE employees SET salary = salary + 6348 WHERE employee_id = 65;
COMMIT;

-- UPDATING EMPLOYEE SALARY 137 --
BEGIN;
UPDATE employees SET salary = salary + 8623 WHERE employee_id = 137;
COMMIT;

-- UPDATING EMPLOYEE SALARY 58 --
BEGIN;
UPDATE employees SET salary = salary + 8388 WHERE employee_id = 58;
COMMIT;

-- UPDATING EMPLOYEE SALARY 26 --
BEGIN;
UPDATE employees SET salary = salary + 236 WHERE employee_id = 26;
COMMIT;

-- UPDATING EMPLOYEE SALARY 147 --
BEGIN;
UPDATE employees SET salary = salary + 6722 WHERE employee_id = 147;
COMMIT;

-- UPDATING EMPLOYEE SALARY 159 --
BEGIN;
UPDATE employees SET salary = salary + 8368 WHERE employee_id = 159;
COMMIT;

-- UPDATING EMPLOYEE SALARY 81 --
BEGIN;
UPDATE employees SET salary = salary + 7580 WHERE employee_id = 81;
COMMIT;

-- UPDATING EMPLOYEE SALARY 44 --
BEGIN;
UPDATE employees SET salary = salary + 6148 WHERE employee_id = 44;
COMMIT;

-- UPDATING EMPLOYEE SALARY 133 --
BEGIN;
UPDATE employees SET salary = salary + 7844 WHERE employee_id = 133;
COMMIT;

-- UPDATING EMPLOYEE SALARY 128 --
BEGIN;
UPDATE employees SET salary = salary + 9254 WHERE employee_id = 128;
COMMIT;

-- UPDATING EMPLOYEE SALARY 161 --
BEGIN;
UPDATE employees SET salary = salary + 2196 WHERE employee_id = 161;
COMMIT;

-- UPDATING EMPLOYEE SALARY 160 --
BEGIN;
UPDATE employees SET salary = salary + 1279 WHERE employee_id = 160;
COMMIT;

-- UPDATING EMPLOYEE SALARY 152 --
BEGIN;
UPDATE employees SET salary = salary + 7978 WHERE employee_id = 152;
COMMIT;

-- UPDATING EMPLOYEE SALARY 126 --
BEGIN;
UPDATE employees SET salary = salary + 6478 WHERE employee_id = 126;
COMMIT;

-- UPDATING EMPLOYEE SALARY 41 --
BEGIN;
UPDATE employees SET salary = salary + 6387 WHERE employee_id = 41;
COMMIT;

-- UPDATING EMPLOYEE SALARY 22 --
BEGIN;
UPDATE employees SET salary = salary + 818 WHERE employee_id = 22;
COMMIT;

-- UPDATING EMPLOYEE SALARY 151 --
BEGIN;
UPDATE employees SET salary = salary + 7792 WHERE employee_id = 151;
COMMIT;

-- UPDATING EMPLOYEE SALARY 88 --
BEGIN;
UPDATE employees SET salary = salary + 7076 WHERE employee_id = 88;
COMMIT;

-- UPDATING EMPLOYEE SALARY 157 --
BEGIN;
UPDATE employees SET salary = salary + 3971 WHERE employee_id = 157;
COMMIT;

-- UPDATING EMPLOYEE SALARY 103 --
BEGIN;
UPDATE employees SET salary = salary + 8917 WHERE employee_id = 103;
COMMIT;

-- UPDATING EMPLOYEE SALARY 58 --
BEGIN;
UPDATE employees SET salary = salary + 193 WHERE employee_id = 58;
COMMIT;

-- UPDATING EMPLOYEE SALARY 130 --
BEGIN;
UPDATE employees SET salary = salary + 5277 WHERE employee_id = 130;
COMMIT;

-- UPDATING EMPLOYEE SALARY 78 --
BEGIN;
UPDATE employees SET salary = salary + 6723 WHERE employee_id = 78;
COMMIT;

-- UPDATING EMPLOYEE SALARY 44 --
BEGIN;
UPDATE employees SET salary = salary + 9811 WHERE employee_id = 44;
COMMIT;

-- UPDATING EMPLOYEE SALARY 129 --
BEGIN;
UPDATE employees SET salary = salary + 470 WHERE employee_id = 129;
COMMIT;

-- UPDATING EMPLOYEE SALARY 155 --
BEGIN;
UPDATE employees SET salary = salary + 2390 WHERE employee_id = 155;
COMMIT;

-- UPDATING EMPLOYEE SALARY 78 --
BEGIN;
UPDATE employees SET salary = salary + 6197 WHERE employee_id = 78;
COMMIT;

-- UPDATING EMPLOYEE SALARY 144 --
BEGIN;
UPDATE employees SET salary = salary + 6920 WHERE employee_id = 144;
COMMIT;

-- UPDATING EMPLOYEE SALARY 76 --
BEGIN;
UPDATE employees SET salary = salary + 7132 WHERE employee_id = 76;
COMMIT;

-- UPDATING EMPLOYEE SALARY 149 --
BEGIN;
UPDATE employees SET salary = salary + 9870 WHERE employee_id = 149;
COMMIT;

-- UPDATING EMPLOYEE SALARY 74 --
BEGIN;
UPDATE employees SET salary = salary + 6824 WHERE employee_id = 74;
COMMIT;

-- UPDATING EMPLOYEE SALARY 159 --
BEGIN;
UPDATE employees SET salary = salary + 5468 WHERE employee_id = 159;
COMMIT;

-- UPDATING EMPLOYEE SALARY 67 --
BEGIN;
UPDATE employees SET salary = salary + 8006 WHERE employee_id = 67;
COMMIT;

-- UPDATING EMPLOYEE SALARY 94 --
BEGIN;
UPDATE employees SET salary = salary + 2888 WHERE employee_id = 94;
COMMIT;

-- UPDATING EMPLOYEE SALARY 153 --
BEGIN;
UPDATE employees SET salary = salary + 1786 WHERE employee_id = 153;
COMMIT;

-- UPDATING EMPLOYEE SALARY 110 --
BEGIN;
UPDATE employees SET salary = salary + 8078 WHERE employee_id = 110;
COMMIT;

-- UPDATING EMPLOYEE SALARY 17 --
BEGIN;
UPDATE employees SET salary = salary + 9316 WHERE employee_id = 17;
COMMIT;

-- UPDATING EMPLOYEE SALARY 37 --
BEGIN;
UPDATE employees SET salary = salary + 8563 WHERE employee_id = 37;
COMMIT;

-- UPDATING EMPLOYEE SALARY 60 --
BEGIN;
UPDATE employees SET salary = salary + 9168 WHERE employee_id = 60;
COMMIT;

-- UPDATING EMPLOYEE SALARY 117 --
BEGIN;
UPDATE employees SET salary = salary + 7701 WHERE employee_id = 117;
COMMIT;

-- UPDATING EMPLOYEE SALARY 123 --
BEGIN;
UPDATE employees SET salary = salary + 8188 WHERE employee_id = 123;
COMMIT;

-- UPDATING EMPLOYEE SALARY 59 --
BEGIN;
UPDATE employees SET salary = salary + 2535 WHERE employee_id = 59;
COMMIT;

-- UPDATING EMPLOYEE SALARY 68 --
BEGIN;
UPDATE employees SET salary = salary + 6027 WHERE employee_id = 68;
COMMIT;

-- UPDATING EMPLOYEE SALARY 85 --
BEGIN;
UPDATE employees SET salary = salary + 6721 WHERE employee_id = 85;
COMMIT;

-- UPDATING EMPLOYEE SALARY 134 --
BEGIN;
UPDATE employees SET salary = salary + 6616 WHERE employee_id = 134;
COMMIT;

-- UPDATING EMPLOYEE SALARY 25 --
BEGIN;
UPDATE employees SET salary = salary + 5810 WHERE employee_id = 25;
COMMIT;

-- UPDATING EMPLOYEE SALARY 137 --
BEGIN;
UPDATE employees SET salary = salary + 8236 WHERE employee_id = 137;
COMMIT;

-- UPDATING EMPLOYEE SALARY 144 --
BEGIN;
UPDATE employees SET salary = salary + 4957 WHERE employee_id = 144;
COMMIT;

-- UPDATING EMPLOYEE SALARY 119 --
BEGIN;
UPDATE employees SET salary = salary + 6774 WHERE employee_id = 119;
COMMIT;

-- UPDATING EMPLOYEE SALARY 36 --
BEGIN;
UPDATE employees SET salary = salary + 5593 WHERE employee_id = 36;
COMMIT;

-- UPDATING EMPLOYEE SALARY 142 --
BEGIN;
UPDATE employees SET salary = salary + 5036 WHERE employee_id = 142;
COMMIT;

-- UPDATING EMPLOYEE SALARY 105 --
BEGIN;
UPDATE employees SET salary = salary + 7886 WHERE employee_id = 105;
COMMIT;

-- UPDATING EMPLOYEE SALARY 41 --
BEGIN;
UPDATE employees SET salary = salary + 4233 WHERE employee_id = 41;
COMMIT;

-- UPDATING EMPLOYEE SALARY 88 --
BEGIN;
UPDATE employees SET salary = salary + 9205 WHERE employee_id = 88;
COMMIT;

-- UPDATING EMPLOYEE SALARY 133 --
BEGIN;
UPDATE employees SET salary = salary + 6199 WHERE employee_id = 133;
COMMIT;

-- UPDATING EMPLOYEE SALARY 157 --
BEGIN;
UPDATE employees SET salary = salary + 1924 WHERE employee_id = 157;
COMMIT;

-- UPDATING EMPLOYEE SALARY 78 --
BEGIN;
UPDATE employees SET salary = salary + 1381 WHERE employee_id = 78;
COMMIT;

-- UPDATING EMPLOYEE SALARY 140 --
BEGIN;
UPDATE employees SET salary = salary + 3640 WHERE employee_id = 140;
COMMIT;

-- UPDATING EMPLOYEE SALARY 67 --
BEGIN;
UPDATE employees SET salary = salary + 6511 WHERE employee_id = 67;
COMMIT;

-- UPDATING EMPLOYEE SALARY 114 --
BEGIN;
UPDATE employees SET salary = salary + 5233 WHERE employee_id = 114;
COMMIT;

-- UPDATING EMPLOYEE SALARY 150 --
BEGIN;
UPDATE employees SET salary = salary + 389 WHERE employee_id = 150;
COMMIT;

-- UPDATING EMPLOYEE SALARY 33 --
BEGIN;
UPDATE employees SET salary = salary + 3977 WHERE employee_id = 33;
COMMIT;

-- UPDATING EMPLOYEE SALARY 149 --
BEGIN;
UPDATE employees SET salary = salary + 2364 WHERE employee_id = 149;
COMMIT;

-- UPDATING EMPLOYEE SALARY 163 --
BEGIN;
UPDATE employees SET salary = salary + 471 WHERE employee_id = 163;
COMMIT;

-- UPDATING EMPLOYEE SALARY 150 --
BEGIN;
UPDATE employees SET salary = salary + 6847 WHERE employee_id = 150;
COMMIT;

-- UPDATING EMPLOYEE SALARY 151 --
BEGIN;
UPDATE employees SET salary = salary + 4356 WHERE employee_id = 151;
COMMIT;

-- UPDATING EMPLOYEE SALARY 41 --
BEGIN;
UPDATE employees SET salary = salary + 5764 WHERE employee_id = 41;
COMMIT;

-- INSERTING EMPLOYEE 165 --
BEGIN;
INSERT INTO employees (employee_id, first_name, last_name, email, phone_number, hire_date, job_id, salary,manager_id,department_id) VALUES (165, 'Yoda', 'Skywalker', 'yoda.skywalker@gmail.com', '555-4569', '2003-12-27', 55, 370000.00, 154, 100);
INSERT INTO dependents (dependent_id, first_name, last_name, relationship, employee_id) VALUES (476, 'David', 'Attenborough', 'child', 165);
COMMIT;

-- INSERTING DEPENDENT 153 --
BEGIN;
INSERT INTO dependents (dependent_id, first_name, last_name, relationship, employee_id) VALUES (477, 'Maria', 'Mayer', 'spouse', 153);
END;

-- UPDATING EMPLOYEE SALARY 80 --
BEGIN;
UPDATE employees SET salary = salary + 4831 WHERE employee_id = 80;
COMMIT;

-- UPDATING EMPLOYEE SALARY 73 --
BEGIN;
UPDATE employees SET salary = salary + 9336 WHERE employee_id = 73;
COMMIT;

-- UPDATING EMPLOYEE SALARY 157 --
BEGIN;
UPDATE employees SET salary = salary + 2701 WHERE employee_id = 157;
COMMIT;

-- UPDATING EMPLOYEE SALARY 34 --
BEGIN;
UPDATE employees SET salary = salary + 7959 WHERE employee_id = 34;
COMMIT;

-- UPDATING EMPLOYEE SALARY 81 --
BEGIN;
UPDATE employees SET salary = salary + 8047 WHERE employee_id = 81;
COMMIT;

-- UPDATING EMPLOYEE SALARY 130 --
BEGIN;
UPDATE employees SET salary = salary + 8367 WHERE employee_id = 130;
COMMIT;

-- UPDATING EMPLOYEE SALARY 162 --
BEGIN;
UPDATE employees SET salary = salary + 396 WHERE employee_id = 162;
COMMIT;

-- UPDATING EMPLOYEE SALARY 17 --
BEGIN;
UPDATE employees SET salary = salary + 4217 WHERE employee_id = 17;
COMMIT;

-- UPDATING EMPLOYEE SALARY 60 --
BEGIN;
UPDATE employees SET salary = salary + 494 WHERE employee_id = 60;
COMMIT;

-- UPDATING EMPLOYEE SALARY 100 --
BEGIN;
UPDATE employees SET salary = salary + 2633 WHERE employee_id = 100;
COMMIT;

-- UPDATING EMPLOYEE SALARY 27 --
BEGIN;
UPDATE employees SET salary = salary + 4678 WHERE employee_id = 27;
COMMIT;

-- UPDATING EMPLOYEE SALARY 114 --
BEGIN;
UPDATE employees SET salary = salary + 9592 WHERE employee_id = 114;
COMMIT;

-- UPDATING EMPLOYEE SALARY 65 --
BEGIN;
UPDATE employees SET salary = salary + 1548 WHERE employee_id = 65;
COMMIT;

-- UPDATING EMPLOYEE SALARY 165 --
BEGIN;
UPDATE employees SET salary = salary + 2235 WHERE employee_id = 165;
COMMIT;

-- UPDATING EMPLOYEE SALARY 165 --
BEGIN;
UPDATE employees SET salary = salary + 5655 WHERE employee_id = 165;
COMMIT;

-- UPDATING EMPLOYEE SALARY 62 --
BEGIN;
UPDATE employees SET salary = salary + 5263 WHERE employee_id = 62;
COMMIT;

-- UPDATING EMPLOYEE SALARY 77 --
BEGIN;
UPDATE employees SET salary = salary + 9642 WHERE employee_id = 77;
COMMIT;

-- UPDATING EMPLOYEE SALARY 158 --
BEGIN;
UPDATE employees SET salary = salary + 3544 WHERE employee_id = 158;
COMMIT;

-- UPDATING EMPLOYEE SALARY 117 --
BEGIN;
UPDATE employees SET salary = salary + 2185 WHERE employee_id = 117;
COMMIT;

-- UPDATING EMPLOYEE SALARY 44 --
BEGIN;
UPDATE employees SET salary = salary + 7107 WHERE employee_id = 44;
COMMIT;

-- UPDATING EMPLOYEE SALARY 6 --
BEGIN;
UPDATE employees SET salary = salary + 4366 WHERE employee_id = 6;
COMMIT;

-- UPDATING EMPLOYEE SALARY 11 --
BEGIN;
UPDATE employees SET salary = salary + 549 WHERE employee_id = 11;
COMMIT;

-- UPDATING EMPLOYEE SALARY 148 --
BEGIN;
UPDATE employees SET salary = salary + 3758 WHERE employee_id = 148;
COMMIT;

-- UPDATING EMPLOYEE SALARY 129 --
BEGIN;
UPDATE employees SET salary = salary + 7685 WHERE employee_id = 129;
COMMIT;

-- UPDATING EMPLOYEE SALARY 33 --
BEGIN;
UPDATE employees SET salary = salary + 3609 WHERE employee_id = 33;
COMMIT;

-- UPDATING EMPLOYEE SALARY 149 --
BEGIN;
UPDATE employees SET salary = salary + 7755 WHERE employee_id = 149;
COMMIT;

-- UPDATING EMPLOYEE SALARY 120 --
BEGIN;
UPDATE employees SET salary = salary + 1559 WHERE employee_id = 120;
COMMIT;

-- UPDATING EMPLOYEE SALARY 150 --
BEGIN;
UPDATE employees SET salary = salary + 7936 WHERE employee_id = 150;
COMMIT;

-- UPDATING EMPLOYEE SALARY 104 --
BEGIN;
UPDATE employees SET salary = salary + 516 WHERE employee_id = 104;
COMMIT;

-- UPDATING EMPLOYEE SALARY 130 --
BEGIN;
UPDATE employees SET salary = salary + 9397 WHERE employee_id = 130;
COMMIT;

-- UPDATING EMPLOYEE SALARY 14 --
BEGIN;
UPDATE employees SET salary = salary + 5403 WHERE employee_id = 14;
COMMIT;

-- UPDATING EMPLOYEE SALARY 162 --
BEGIN;
UPDATE employees SET salary = salary + 961 WHERE employee_id = 162;
COMMIT;

-- UPDATING EMPLOYEE SALARY 129 --
BEGIN;
UPDATE employees SET salary = salary + 2166 WHERE employee_id = 129;
COMMIT;

-- UPDATING EMPLOYEE SALARY 143 --
BEGIN;
UPDATE employees SET salary = salary + 1250 WHERE employee_id = 143;
COMMIT;

-- UPDATING EMPLOYEE SALARY 157 --
BEGIN;
UPDATE employees SET salary = salary + 7849 WHERE employee_id = 157;
COMMIT;

-- UPDATING EMPLOYEE SALARY 103 --
BEGIN;
UPDATE employees SET salary = salary + 623 WHERE employee_id = 103;
COMMIT;

-- UPDATING EMPLOYEE SALARY 45 --
BEGIN;
UPDATE employees SET salary = salary + 20 WHERE employee_id = 45;
COMMIT;

-- UPDATING EMPLOYEE SALARY 80 --
BEGIN;
UPDATE employees SET salary = salary + 971 WHERE employee_id = 80;
COMMIT;

-- UPDATING EMPLOYEE SALARY 22 --
BEGIN;
UPDATE employees SET salary = salary + 1003 WHERE employee_id = 22;
COMMIT;

-- UPDATING EMPLOYEE SALARY 119 --
BEGIN;
UPDATE employees SET salary = salary + 415 WHERE employee_id = 119;
COMMIT;

-- UPDATING EMPLOYEE SALARY 123 --
BEGIN;
UPDATE employees SET salary = salary + 1400 WHERE employee_id = 123;
COMMIT;

-- UPDATING EMPLOYEE SALARY 33 --
BEGIN;
UPDATE employees SET salary = salary + 7383 WHERE employee_id = 33;
COMMIT;

-- UPDATING EMPLOYEE SALARY 84 --
BEGIN;
UPDATE employees SET salary = salary + 7291 WHERE employee_id = 84;
COMMIT;

-- UPDATING EMPLOYEE SALARY 22 --
BEGIN;
UPDATE employees SET salary = salary + 869 WHERE employee_id = 22;
COMMIT;

-- UPDATING EMPLOYEE SALARY 124 --
BEGIN;
UPDATE employees SET salary = salary + 3001 WHERE employee_id = 124;
COMMIT;

-- UPDATING EMPLOYEE SALARY 148 --
BEGIN;
UPDATE employees SET salary = salary + 9473 WHERE employee_id = 148;
COMMIT;

-- UPDATING EMPLOYEE SALARY 14 --
BEGIN;
UPDATE employees SET salary = salary + 5668 WHERE employee_id = 14;
COMMIT;

-- UPDATING EMPLOYEE SALARY 154 --
BEGIN;
UPDATE employees SET salary = salary + 6714 WHERE employee_id = 154;
COMMIT;

-- UPDATING EMPLOYEE SALARY 96 --
BEGIN;
UPDATE employees SET salary = salary + 4311 WHERE employee_id = 96;
COMMIT;

-- UPDATING EMPLOYEE SALARY 157 --
BEGIN;
UPDATE employees SET salary = salary + 1595 WHERE employee_id = 157;
COMMIT;

-- UPDATING EMPLOYEE SALARY 116 --
BEGIN;
UPDATE employees SET salary = salary + 9025 WHERE employee_id = 116;
COMMIT;

-- UPDATING EMPLOYEE SALARY 112 --
BEGIN;
UPDATE employees SET salary = salary + 3312 WHERE employee_id = 112;
COMMIT;

-- UPDATING EMPLOYEE SALARY 26 --
BEGIN;
UPDATE employees SET salary = salary + 4489 WHERE employee_id = 26;
COMMIT;

-- UPDATING EMPLOYEE SALARY 107 --
BEGIN;
UPDATE employees SET salary = salary + 1700 WHERE employee_id = 107;
COMMIT;

-- UPDATING EMPLOYEE SALARY 157 --
BEGIN;
UPDATE employees SET salary = salary + 9301 WHERE employee_id = 157;
COMMIT;

-- UPDATING EMPLOYEE SALARY 89 --
BEGIN;
UPDATE employees SET salary = salary + 3689 WHERE employee_id = 89;
COMMIT;

-- UPDATING EMPLOYEE SALARY 108 --
BEGIN;
UPDATE employees SET salary = salary + 1434 WHERE employee_id = 108;
COMMIT;

-- UPDATING EMPLOYEE SALARY 110 --
BEGIN;
UPDATE employees SET salary = salary + 3711 WHERE employee_id = 110;
COMMIT;

-- UPDATING EMPLOYEE SALARY 161 --
BEGIN;
UPDATE employees SET salary = salary + 4635 WHERE employee_id = 161;
COMMIT;

-- UPDATING EMPLOYEE SALARY 90 --
BEGIN;
UPDATE employees SET salary = salary + 2993 WHERE employee_id = 90;
COMMIT;

-- UPDATING EMPLOYEE SALARY 11 --
BEGIN;
UPDATE employees SET salary = salary + 9493 WHERE employee_id = 11;
COMMIT;

-- UPDATING EMPLOYEE SALARY 91 --
BEGIN;
UPDATE employees SET salary = salary + 6716 WHERE employee_id = 91;
COMMIT;

-- UPDATING EMPLOYEE SALARY 90 --
BEGIN;
UPDATE employees SET salary = salary + 6642 WHERE employee_id = 90;
COMMIT;

-- UPDATING EMPLOYEE SALARY 71 --
BEGIN;
UPDATE employees SET salary = salary + 3606 WHERE employee_id = 71;
COMMIT;

-- UPDATING EMPLOYEE SALARY 163 --
BEGIN;
UPDATE employees SET salary = salary + 2565 WHERE employee_id = 163;
COMMIT;

-- UPDATING EMPLOYEE SALARY 150 --
BEGIN;
UPDATE employees SET salary = salary + 2409 WHERE employee_id = 150;
COMMIT;

-- UPDATING EMPLOYEE SALARY 110 --
BEGIN;
UPDATE employees SET salary = salary + 9198 WHERE employee_id = 110;
COMMIT;

-- UPDATING EMPLOYEE SALARY 106 --
BEGIN;
UPDATE employees SET salary = salary + 314 WHERE employee_id = 106;
COMMIT;

-- UPDATING EMPLOYEE SALARY 41 --
BEGIN;
UPDATE employees SET salary = salary + 1010 WHERE employee_id = 41;
COMMIT;

-- UPDATING EMPLOYEE SALARY 87 --
BEGIN;
UPDATE employees SET salary = salary + 9244 WHERE employee_id = 87;
COMMIT;

-- UPDATING EMPLOYEE SALARY 149 --
BEGIN;
UPDATE employees SET salary = salary + 4042 WHERE employee_id = 149;
COMMIT;

-- UPDATING EMPLOYEE SALARY 165 --
BEGIN;
UPDATE employees SET salary = salary + 809 WHERE employee_id = 165;
COMMIT;

-- UPDATING EMPLOYEE SALARY 59 --
BEGIN;
UPDATE employees SET salary = salary + 9261 WHERE employee_id = 59;
COMMIT;

-- UPDATING EMPLOYEE SALARY 68 --
BEGIN;
UPDATE employees SET salary = salary + 9648 WHERE employee_id = 68;
COMMIT;

-- UPDATING EMPLOYEE SALARY 79 --
BEGIN;
UPDATE employees SET salary = salary + 88 WHERE employee_id = 79;
COMMIT;

-- UPDATING EMPLOYEE SALARY 88 --
BEGIN;
UPDATE employees SET salary = salary + 6573 WHERE employee_id = 88;
COMMIT;

-- UPDATING EMPLOYEE SALARY 37 --
BEGIN;
UPDATE employees SET salary = salary + 6599 WHERE employee_id = 37;
COMMIT;

-- UPDATING EMPLOYEE SALARY 35 --
BEGIN;
UPDATE employees SET salary = salary + 4985 WHERE employee_id = 35;
COMMIT;

-- UPDATING EMPLOYEE SALARY 159 --
BEGIN;
UPDATE employees SET salary = salary + 561 WHERE employee_id = 159;
COMMIT;

-- UPDATING EMPLOYEE SALARY 50 --
BEGIN;
UPDATE employees SET salary = salary + 2899 WHERE employee_id = 50;
COMMIT;

-- UPDATING EMPLOYEE SALARY 127 --
BEGIN;
UPDATE employees SET salary = salary + 9807 WHERE employee_id = 127;
COMMIT;

-- UPDATING EMPLOYEE SALARY 22 --
BEGIN;
UPDATE employees SET salary = salary + 6412 WHERE employee_id = 22;
COMMIT;

-- UPDATING EMPLOYEE SALARY 74 --
BEGIN;
UPDATE employees SET salary = salary + 8338 WHERE employee_id = 74;
COMMIT;

-- UPDATING EMPLOYEE SALARY 119 --
BEGIN;
UPDATE employees SET salary = salary + 5345 WHERE employee_id = 119;
COMMIT;

-- UPDATING EMPLOYEE SALARY 159 --
BEGIN;
UPDATE employees SET salary = salary + 2251 WHERE employee_id = 159;
COMMIT;

-- UPDATING EMPLOYEE SALARY 60 --
BEGIN;
UPDATE employees SET salary = salary + 2645 WHERE employee_id = 60;
COMMIT;

-- UPDATING EMPLOYEE SALARY 130 --
BEGIN;
UPDATE employees SET salary = salary + 5271 WHERE employee_id = 130;
COMMIT;

-- UPDATING EMPLOYEE SALARY 60 --
BEGIN;
UPDATE employees SET salary = salary + 2135 WHERE employee_id = 60;
COMMIT;

-- UPDATING EMPLOYEE SALARY 102 --
BEGIN;
UPDATE employees SET salary = salary + 5535 WHERE employee_id = 102;
COMMIT;

-- UPDATING EMPLOYEE SALARY 72 --
BEGIN;
UPDATE employees SET salary = salary + 2119 WHERE employee_id = 72;
COMMIT;

-- UPDATING EMPLOYEE SALARY 149 --
BEGIN;
UPDATE employees SET salary = salary + 1523 WHERE employee_id = 149;
COMMIT;

-- UPDATING EMPLOYEE SALARY 92 --
BEGIN;
UPDATE employees SET salary = salary + 3028 WHERE employee_id = 92;
COMMIT;

-- UPDATING EMPLOYEE SALARY 79 --
BEGIN;
UPDATE employees SET salary = salary + 617 WHERE employee_id = 79;
COMMIT;

-- UPDATING EMPLOYEE SALARY 131 --
BEGIN;
UPDATE employees SET salary = salary + 7768 WHERE employee_id = 131;
COMMIT;

-- UPDATING EMPLOYEE SALARY 71 --
BEGIN;
UPDATE employees SET salary = salary + 7450 WHERE employee_id = 71;
COMMIT;

-- UPDATING EMPLOYEE SALARY 103 --
BEGIN;
UPDATE employees SET salary = salary + 7743 WHERE employee_id = 103;
COMMIT;

-- UPDATING EMPLOYEE SALARY 96 --
BEGIN;
UPDATE employees SET salary = salary + 4125 WHERE employee_id = 96;
COMMIT;

-- UPDATING EMPLOYEE SALARY 108 --
BEGIN;
UPDATE employees SET salary = salary + 4969 WHERE employee_id = 108;
COMMIT;

-- UPDATING EMPLOYEE SALARY 50 --
BEGIN;
UPDATE employees SET salary = salary + 1531 WHERE employee_id = 50;
COMMIT;

-- UPDATING EMPLOYEE SALARY 53 --
BEGIN;
UPDATE employees SET salary = salary + 4034 WHERE employee_id = 53;
COMMIT;

-- UPDATING EMPLOYEE SALARY 158 --
BEGIN;
UPDATE employees SET salary = salary + 1142 WHERE employee_id = 158;
COMMIT;

-- UPDATING EMPLOYEE SALARY 35 --
BEGIN;
UPDATE employees SET salary = salary + 1249 WHERE employee_id = 35;
COMMIT;

-- UPDATING EMPLOYEE SALARY 112 --
BEGIN;
UPDATE employees SET salary = salary + 6757 WHERE employee_id = 112;
COMMIT;

-- UPDATING EMPLOYEE SALARY 68 --
BEGIN;
UPDATE employees SET salary = salary + 6195 WHERE employee_id = 68;
COMMIT;

-- UPDATING EMPLOYEE SALARY 54 --
BEGIN;
UPDATE employees SET salary = salary + 7676 WHERE employee_id = 54;
COMMIT;

-- UPDATING EMPLOYEE SALARY 33 --
BEGIN;
UPDATE employees SET salary = salary + 4311 WHERE employee_id = 33;
COMMIT;

-- UPDATING EMPLOYEE SALARY 49 --
BEGIN;
UPDATE employees SET salary = salary + 6795 WHERE employee_id = 49;
COMMIT;

-- UPDATING EMPLOYEE SALARY 71 --
BEGIN;
UPDATE employees SET salary = salary + 2856 WHERE employee_id = 71;
COMMIT;

-- INSERTING EMPLOYEE 166 --
BEGIN;
INSERT INTO employees (employee_id, first_name, last_name, email, phone_number, hire_date, job_id, salary,manager_id,department_id) VALUES (166, 'Will', 'Smith', 'will.smith@gmail.com', '555-2347', '2025-09-18', 28, 350000.00, 65, 236);
INSERT INTO dependents (dependent_id, first_name, last_name, relationship, employee_id) VALUES (478, 'Iris', 'Apfel', 'parent', 166);
INSERT INTO dependents (dependent_id, first_name, last_name, relationship, employee_id) VALUES (479, 'Marie', 'Curie', 'spouse', 166);
COMMIT;

-- INSERTING EMPLOYEE 167 --
BEGIN;
INSERT INTO employees (employee_id, first_name, last_name, email, phone_number, hire_date, job_id, salary,manager_id,department_id) VALUES (167, 'Xena', 'Warrior', 'xena.warrior@gmail.com', '555-3458', '2016-12-20', 3, 360000.00, 67, 285);
INSERT INTO dependents (dependent_id, first_name, last_name, relationship, employee_id) VALUES (480, 'Robert', 'Redford', 'child', 167);
INSERT INTO dependents (dependent_id, first_name, last_name, relationship, employee_id) VALUES (481, 'Stephen', 'Hawking', 'parent', 167);
COMMIT;

-- INSERTING EMPLOYEE 168 --
BEGIN;
INSERT INTO employees (employee_id, first_name, last_name, email, phone_number, hire_date, job_id, salary,manager_id,department_id) VALUES (168, 'Yoda', 'Skywalker', 'yoda.skywalker@gmail.com', '555-4569', '2002-07-28', 63, 370000.00, 63, 72);
INSERT INTO dependents (dependent_id, first_name, last_name, relationship, employee_id) VALUES (482, 'Kate', 'Winslet', 'parent', 168);
INSERT INTO dependents (dependent_id, first_name, last_name, relationship, employee_id) VALUES (483, 'Rachel', 'Carson', 'parent', 168);
COMMIT;

-- DELETING EMPLOYEE 30 --
BEGIN;
DELETE FROM dependents WHERE employee_id = 30;
DELETE FROM employees WHERE employee_id = 30;
COMMIT;

-- DELETING EMPLOYEE 79 --
BEGIN;
UPDATE employees SET manager_id = 167 WHERE employee_id = 88;
UPDATE employees SET manager_id = 167 WHERE employee_id = 155;
UPDATE employees SET manager_id = 167 WHERE employee_id = 37;
UPDATE employees SET manager_id = 167 WHERE employee_id = 44;
UPDATE employees SET manager_id = 167 WHERE employee_id = 131;
DELETE FROM dependents WHERE employee_id = 79;
DELETE FROM employees WHERE employee_id = 79;
COMMIT;

-- INSERTING DEPENDENT 1 --
BEGIN;
INSERT INTO dependents (dependent_id, first_name, last_name, relationship, employee_id) VALUES (484, 'Frank', 'Sinatra', 'parent', 1);
END;

-- INSERTING DEPENDENT 133 --
BEGIN;
INSERT INTO dependents (dependent_id, first_name, last_name, relationship, employee_id) VALUES (485, 'Oprah', 'Winfrey', 'spouse', 133);
END;

-- INSERTING DEPENDENT 119 --
BEGIN;
INSERT INTO dependents (dependent_id, first_name, last_name, relationship, employee_id) VALUES (486, 'Meryl', 'Streep', 'parent', 119);
END;

-- DELETING DEPENDENT 123 --
BEGIN;
DELETE FROM dependents WHERE dependent_id = 123;
COMMIT;

-- DELETING DEPENDENT 350 --
BEGIN;
DELETE FROM dependents WHERE dependent_id = 350;
COMMIT;

-- UPDATING EMPLOYEE SALARY 76 --
BEGIN;
UPDATE employees SET salary = salary + 7510 WHERE employee_id = 76;
COMMIT;

-- UPDATING EMPLOYEE SALARY 160 --
BEGIN;
UPDATE employees SET salary = salary + 7148 WHERE employee_id = 160;
COMMIT;

-- UPDATING EMPLOYEE SALARY 78 --
BEGIN;
UPDATE employees SET salary = salary + 367 WHERE employee_id = 78;
COMMIT;

-- UPDATING EMPLOYEE SALARY 124 --
BEGIN;
UPDATE employees SET salary = salary + 1192 WHERE employee_id = 124;
COMMIT;

-- UPDATING EMPLOYEE SALARY 93 --
BEGIN;
UPDATE employees SET salary = salary + 957 WHERE employee_id = 93;
COMMIT;

-- UPDATING EMPLOYEE SALARY 136 --
BEGIN;
UPDATE employees SET salary = salary + 8616 WHERE employee_id = 136;
COMMIT;

-- UPDATING EMPLOYEE SALARY 135 --
BEGIN;
UPDATE employees SET salary = salary + 3882 WHERE employee_id = 135;
COMMIT;

-- UPDATING EMPLOYEE SALARY 121 --
BEGIN;
UPDATE employees SET salary = salary + 9224 WHERE employee_id = 121;
COMMIT;

-- UPDATING EMPLOYEE SALARY 131 --
BEGIN;
UPDATE employees SET salary = salary + 3999 WHERE employee_id = 131;
COMMIT;

-- UPDATING EMPLOYEE SALARY 59 --
BEGIN;
UPDATE employees SET salary = salary + 2119 WHERE employee_id = 59;
COMMIT;

-- UPDATING EMPLOYEE SALARY 100 --
BEGIN;
UPDATE employees SET salary = salary + 737 WHERE employee_id = 100;
COMMIT;

-- UPDATING EMPLOYEE SALARY 34 --
BEGIN;
UPDATE employees SET salary = salary + 4931 WHERE employee_id = 34;
COMMIT;

-- UPDATING EMPLOYEE SALARY 46 --
BEGIN;
UPDATE employees SET salary = salary + 8843 WHERE employee_id = 46;
COMMIT;

-- UPDATING EMPLOYEE SALARY 85 --
BEGIN;
UPDATE employees SET salary = salary + 4908 WHERE employee_id = 85;
COMMIT;

-- UPDATING EMPLOYEE SALARY 142 --
BEGIN;
UPDATE employees SET salary = salary + 5622 WHERE employee_id = 142;
COMMIT;

-- INSERTING EMPLOYEE 169 --
BEGIN;
INSERT INTO employees (employee_id, first_name, last_name, email, phone_number, hire_date, job_id, salary,manager_id,department_id) VALUES (169, 'Zoe', 'Saldana', 'zoe.saldana@gmail.com', '555-5670', '2007-06-27', 62, 380000.00, 54, 524);
COMMIT;

-- INSERTING DEPENDENT 144 --
BEGIN;
INSERT INTO dependents (dependent_id, first_name, last_name, relationship, employee_id) VALUES (487, 'Werner', 'Heisenberg', 'spouse', 144);
END;

-- UPDATING EMPLOYEE SALARY 38 --
BEGIN;
UPDATE employees SET salary = salary + 6376 WHERE employee_id = 38;
COMMIT;

-- UPDATING EMPLOYEE SALARY 156 --
BEGIN;
UPDATE employees SET salary = salary + 3131 WHERE employee_id = 156;
COMMIT;

-- UPDATING EMPLOYEE SALARY 127 --
BEGIN;
UPDATE employees SET salary = salary + 4588 WHERE employee_id = 127;
COMMIT;

-- UPDATING EMPLOYEE SALARY 139 --
BEGIN;
UPDATE employees SET salary = salary + 6239 WHERE employee_id = 139;
COMMIT;

-- UPDATING EMPLOYEE SALARY 34 --
BEGIN;
UPDATE employees SET salary = salary + 7781 WHERE employee_id = 34;
COMMIT;

-- UPDATING EMPLOYEE SALARY 118 --
BEGIN;
UPDATE employees SET salary = salary + 4352 WHERE employee_id = 118;
COMMIT;

-- UPDATING EMPLOYEE SALARY 61 --
BEGIN;
UPDATE employees SET salary = salary + 6001 WHERE employee_id = 61;
COMMIT;

-- UPDATING EMPLOYEE SALARY 37 --
BEGIN;
UPDATE employees SET salary = salary + 9708 WHERE employee_id = 37;
COMMIT;

-- UPDATING EMPLOYEE SALARY 124 --
BEGIN;
UPDATE employees SET salary = salary + 9325 WHERE employee_id = 124;
COMMIT;

-- UPDATING EMPLOYEE SALARY 102 --
BEGIN;
UPDATE employees SET salary = salary + 9234 WHERE employee_id = 102;
COMMIT;

-- UPDATING EMPLOYEE SALARY 128 --
BEGIN;
UPDATE employees SET salary = salary + 1742 WHERE employee_id = 128;
COMMIT;

-- UPDATING EMPLOYEE SALARY 74 --
BEGIN;
UPDATE employees SET salary = salary + 3571 WHERE employee_id = 74;
COMMIT;

-- UPDATING EMPLOYEE SALARY 106 --
BEGIN;
UPDATE employees SET salary = salary + 2832 WHERE employee_id = 106;
COMMIT;

-- UPDATING EMPLOYEE SALARY 53 --
BEGIN;
UPDATE employees SET salary = salary + 1365 WHERE employee_id = 53;
COMMIT;

-- UPDATING EMPLOYEE SALARY 105 --
BEGIN;
UPDATE employees SET salary = salary + 3788 WHERE employee_id = 105;
COMMIT;

-- UPDATING EMPLOYEE SALARY 144 --
BEGIN;
UPDATE employees SET salary = salary + 9094 WHERE employee_id = 144;
COMMIT;

-- UPDATING EMPLOYEE SALARY 160 --
BEGIN;
UPDATE employees SET salary = salary + 633 WHERE employee_id = 160;
COMMIT;

-- UPDATING EMPLOYEE SALARY 81 --
BEGIN;
UPDATE employees SET salary = salary + 6216 WHERE employee_id = 81;
COMMIT;

-- UPDATING EMPLOYEE SALARY 53 --
BEGIN;
UPDATE employees SET salary = salary + 8314 WHERE employee_id = 53;
COMMIT;

-- UPDATING EMPLOYEE SALARY 108 --
BEGIN;
UPDATE employees SET salary = salary + 9400 WHERE employee_id = 108;
COMMIT;

-- UPDATING EMPLOYEE SALARY 96 --
BEGIN;
UPDATE employees SET salary = salary + 2104 WHERE employee_id = 96;
COMMIT;

-- UPDATING EMPLOYEE SALARY 147 --
BEGIN;
UPDATE employees SET salary = salary + 3929 WHERE employee_id = 147;
COMMIT;

-- UPDATING EMPLOYEE SALARY 136 --
BEGIN;
UPDATE employees SET salary = salary + 293 WHERE employee_id = 136;
COMMIT;

-- UPDATING EMPLOYEE SALARY 50 --
BEGIN;
UPDATE employees SET salary = salary + 9403 WHERE employee_id = 50;
COMMIT;

-- UPDATING EMPLOYEE SALARY 163 --
BEGIN;
UPDATE employees SET salary = salary + 1121 WHERE employee_id = 163;
COMMIT;

-- UPDATING EMPLOYEE SALARY 17 --
BEGIN;
UPDATE employees SET salary = salary + 8386 WHERE employee_id = 17;
COMMIT;

-- UPDATING EMPLOYEE SALARY 58 --
BEGIN;
UPDATE employees SET salary = salary + 1422 WHERE employee_id = 58;
COMMIT;

-- UPDATING EMPLOYEE SALARY 129 --
BEGIN;
UPDATE employees SET salary = salary + 9018 WHERE employee_id = 129;
COMMIT;

-- UPDATING EMPLOYEE SALARY 49 --
BEGIN;
UPDATE employees SET salary = salary + 258 WHERE employee_id = 49;
COMMIT;

-- UPDATING EMPLOYEE SALARY 63 --
BEGIN;
UPDATE employees SET salary = salary + 2224 WHERE employee_id = 63;
COMMIT;

-- UPDATING EMPLOYEE SALARY 49 --
BEGIN;
UPDATE employees SET salary = salary + 4431 WHERE employee_id = 49;
COMMIT;

-- UPDATING EMPLOYEE SALARY 117 --
BEGIN;
UPDATE employees SET salary = salary + 1320 WHERE employee_id = 117;
COMMIT;

-- UPDATING EMPLOYEE SALARY 53 --
BEGIN;
UPDATE employees SET salary = salary + 2434 WHERE employee_id = 53;
COMMIT;

-- UPDATING EMPLOYEE SALARY 41 --
BEGIN;
UPDATE employees SET salary = salary + 2426 WHERE employee_id = 41;
COMMIT;

-- UPDATING EMPLOYEE SALARY 100 --
BEGIN;
UPDATE employees SET salary = salary + 5064 WHERE employee_id = 100;
COMMIT;

-- UPDATING EMPLOYEE SALARY 38 --
BEGIN;
UPDATE employees SET salary = salary + 5859 WHERE employee_id = 38;
COMMIT;

-- UPDATING EMPLOYEE SALARY 134 --
BEGIN;
UPDATE employees SET salary = salary + 3439 WHERE employee_id = 134;
COMMIT;

-- UPDATING EMPLOYEE SALARY 167 --
BEGIN;
UPDATE employees SET salary = salary + 7738 WHERE employee_id = 167;
COMMIT;

-- UPDATING EMPLOYEE SALARY 135 --
BEGIN;
UPDATE employees SET salary = salary + 1514 WHERE employee_id = 135;
COMMIT;

-- UPDATING EMPLOYEE SALARY 27 --
BEGIN;
UPDATE employees SET salary = salary + 4462 WHERE employee_id = 27;
COMMIT;

-- UPDATING EMPLOYEE SALARY 140 --
BEGIN;
UPDATE employees SET salary = salary + 263 WHERE employee_id = 140;
COMMIT;

-- UPDATING EMPLOYEE SALARY 126 --
BEGIN;
UPDATE employees SET salary = salary + 5101 WHERE employee_id = 126;
COMMIT;

-- UPDATING EMPLOYEE SALARY 54 --
BEGIN;
UPDATE employees SET salary = salary + 8268 WHERE employee_id = 54;
COMMIT;

-- UPDATING EMPLOYEE SALARY 125 --
BEGIN;
UPDATE employees SET salary = salary + 7466 WHERE employee_id = 125;
COMMIT;

-- UPDATING EMPLOYEE SALARY 147 --
BEGIN;
UPDATE employees SET salary = salary + 8060 WHERE employee_id = 147;
COMMIT;

-- UPDATING EMPLOYEE SALARY 112 --
BEGIN;
UPDATE employees SET salary = salary + 434 WHERE employee_id = 112;
COMMIT;

-- UPDATING EMPLOYEE SALARY 1 --
BEGIN;
UPDATE employees SET salary = salary + 9964 WHERE employee_id = 1;
COMMIT;

-- UPDATING EMPLOYEE SALARY 1 --
BEGIN;
UPDATE employees SET salary = salary + 5617 WHERE employee_id = 1;
COMMIT;

-- UPDATING EMPLOYEE SALARY 151 --
BEGIN;
UPDATE employees SET salary = salary + 4954 WHERE employee_id = 151;
COMMIT;

-- UPDATING EMPLOYEE SALARY 150 --
BEGIN;
UPDATE employees SET salary = salary + 3361 WHERE employee_id = 150;
COMMIT;

-- UPDATING EMPLOYEE SALARY 11 --
BEGIN;
UPDATE employees SET salary = salary + 2306 WHERE employee_id = 11;
COMMIT;

-- UPDATING EMPLOYEE SALARY 162 --
BEGIN;
UPDATE employees SET salary = salary + 9208 WHERE employee_id = 162;
COMMIT;

-- UPDATING EMPLOYEE SALARY 87 --
BEGIN;
UPDATE employees SET salary = salary + 1544 WHERE employee_id = 87;
COMMIT;

-- UPDATING EMPLOYEE SALARY 77 --
BEGIN;
UPDATE employees SET salary = salary + 2267 WHERE employee_id = 77;
COMMIT;

-- UPDATING EMPLOYEE SALARY 148 --
BEGIN;
UPDATE employees SET salary = salary + 1293 WHERE employee_id = 148;
COMMIT;

-- UPDATING EMPLOYEE SALARY 39 --
BEGIN;
UPDATE employees SET salary = salary + 7274 WHERE employee_id = 39;
COMMIT;

-- UPDATING EMPLOYEE SALARY 144 --
BEGIN;
UPDATE employees SET salary = salary + 9348 WHERE employee_id = 144;
COMMIT;

-- UPDATING EMPLOYEE SALARY 166 --
BEGIN;
UPDATE employees SET salary = salary + 9334 WHERE employee_id = 166;
COMMIT;

-- UPDATING EMPLOYEE SALARY 143 --
BEGIN;
UPDATE employees SET salary = salary + 6828 WHERE employee_id = 143;
COMMIT;

-- UPDATING EMPLOYEE SALARY 26 --
BEGIN;
UPDATE employees SET salary = salary + 5380 WHERE employee_id = 26;
COMMIT;

-- INSERTING EMPLOYEE 170 --
BEGIN;
INSERT INTO employees (employee_id, first_name, last_name, email, phone_number, hire_date, job_id, salary,manager_id,department_id) VALUES (170, 'Fiona', 'Apple', 'fiona.apple@gmail.com', '555-2345', '2022-06-17', 27, 120000.00, 73, 553);
INSERT INTO dependents (dependent_id, first_name, last_name, relationship, employee_id) VALUES (488, 'Niels', 'Bohr', 'parent', 170);
INSERT INTO dependents (dependent_id, first_name, last_name, relationship, employee_id) VALUES (489, 'Barbara', 'McClintock', 'parent', 170);
INSERT INTO dependents (dependent_id, first_name, last_name, relationship, employee_id) VALUES (490, 'Galileo', 'Galilei', 'child', 170);
INSERT INTO dependents (dependent_id, first_name, last_name, relationship, employee_id) VALUES (491, 'David', 'Hilbert', 'parent', 170);
COMMIT;

-- INSERTING DEPENDENT 62 --
BEGIN;
INSERT INTO dependents (dependent_id, first_name, last_name, relationship, employee_id) VALUES (492, 'Queen', 'Latifah', 'spouse', 62);
END;

-- UPDATING EMPLOYEE SALARY 41 --
BEGIN;
UPDATE employees SET salary = salary + 8449 WHERE employee_id = 41;
COMMIT;

-- UPDATING EMPLOYEE SALARY 58 --
BEGIN;
UPDATE employees SET salary = salary + 1209 WHERE employee_id = 58;
COMMIT;

-- UPDATING EMPLOYEE SALARY 118 --
BEGIN;
UPDATE employees SET salary = salary + 5905 WHERE employee_id = 118;
COMMIT;

-- UPDATING EMPLOYEE SALARY 67 --
BEGIN;
UPDATE employees SET salary = salary + 8037 WHERE employee_id = 67;
COMMIT;

-- UPDATING EMPLOYEE SALARY 143 --
BEGIN;
UPDATE employees SET salary = salary + 9582 WHERE employee_id = 143;
COMMIT;

-- UPDATING EMPLOYEE SALARY 110 --
BEGIN;
UPDATE employees SET salary = salary + 8702 WHERE employee_id = 110;
COMMIT;

-- UPDATING EMPLOYEE SALARY 155 --
BEGIN;
UPDATE employees SET salary = salary + 3928 WHERE employee_id = 155;
COMMIT;

-- UPDATING EMPLOYEE SALARY 73 --
BEGIN;
UPDATE employees SET salary = salary + 9750 WHERE employee_id = 73;
COMMIT;

-- UPDATING EMPLOYEE SALARY 99 --
BEGIN;
UPDATE employees SET salary = salary + 8951 WHERE employee_id = 99;
COMMIT;

-- UPDATING EMPLOYEE SALARY 45 --
BEGIN;
UPDATE employees SET salary = salary + 5318 WHERE employee_id = 45;
COMMIT;

-- UPDATING EMPLOYEE SALARY 22 --
BEGIN;
UPDATE employees SET salary = salary + 8992 WHERE employee_id = 22;
COMMIT;

-- UPDATING EMPLOYEE SALARY 39 --
BEGIN;
UPDATE employees SET salary = salary + 7187 WHERE employee_id = 39;
COMMIT;

-- UPDATING EMPLOYEE SALARY 71 --
BEGIN;
UPDATE employees SET salary = salary + 7826 WHERE employee_id = 71;
COMMIT;

-- UPDATING EMPLOYEE SALARY 106 --
BEGIN;
UPDATE employees SET salary = salary + 2905 WHERE employee_id = 106;
COMMIT;

-- UPDATING EMPLOYEE SALARY 121 --
BEGIN;
UPDATE employees SET salary = salary + 916 WHERE employee_id = 121;
COMMIT;

-- UPDATING EMPLOYEE SALARY 44 --
BEGIN;
UPDATE employees SET salary = salary + 3433 WHERE employee_id = 44;
COMMIT;

-- UPDATING EMPLOYEE SALARY 130 --
BEGIN;
UPDATE employees SET salary = salary + 4755 WHERE employee_id = 130;
COMMIT;

-- UPDATING EMPLOYEE SALARY 37 --
BEGIN;
UPDATE employees SET salary = salary + 7959 WHERE employee_id = 37;
COMMIT;

-- UPDATING EMPLOYEE SALARY 45 --
BEGIN;
UPDATE employees SET salary = salary + 9863 WHERE employee_id = 45;
COMMIT;

-- UPDATING EMPLOYEE SALARY 129 --
BEGIN;
UPDATE employees SET salary = salary + 4267 WHERE employee_id = 129;
COMMIT;

-- UPDATING EMPLOYEE SALARY 78 --
BEGIN;
UPDATE employees SET salary = salary + 414 WHERE employee_id = 78;
COMMIT;

-- UPDATING EMPLOYEE SALARY 34 --
BEGIN;
UPDATE employees SET salary = salary + 8479 WHERE employee_id = 34;
COMMIT;

-- UPDATING EMPLOYEE SALARY 142 --
BEGIN;
UPDATE employees SET salary = salary + 3296 WHERE employee_id = 142;
COMMIT;

-- UPDATING EMPLOYEE SALARY 148 --
BEGIN;
UPDATE employees SET salary = salary + 6776 WHERE employee_id = 148;
COMMIT;

-- UPDATING EMPLOYEE SALARY 54 --
BEGIN;
UPDATE employees SET salary = salary + 6034 WHERE employee_id = 54;
COMMIT;

-- UPDATING EMPLOYEE SALARY 127 --
BEGIN;
UPDATE employees SET salary = salary + 9743 WHERE employee_id = 127;
COMMIT;

-- UPDATING EMPLOYEE SALARY 45 --
BEGIN;
UPDATE employees SET salary = salary + 4539 WHERE employee_id = 45;
COMMIT;

-- UPDATING EMPLOYEE SALARY 107 --
BEGIN;
UPDATE employees SET salary = salary + 5157 WHERE employee_id = 107;
COMMIT;

-- UPDATING EMPLOYEE SALARY 150 --
BEGIN;
UPDATE employees SET salary = salary + 5234 WHERE employee_id = 150;
COMMIT;

-- UPDATING EMPLOYEE SALARY 138 --
BEGIN;
UPDATE employees SET salary = salary + 310 WHERE employee_id = 138;
COMMIT;

-- UPDATING EMPLOYEE SALARY 131 --
BEGIN;
UPDATE employees SET salary = salary + 1335 WHERE employee_id = 131;
COMMIT;

-- UPDATING EMPLOYEE SALARY 99 --
BEGIN;
UPDATE employees SET salary = salary + 2055 WHERE employee_id = 99;
COMMIT;

-- UPDATING EMPLOYEE SALARY 137 --
BEGIN;
UPDATE employees SET salary = salary + 3456 WHERE employee_id = 137;
COMMIT;

-- UPDATING EMPLOYEE SALARY 143 --
BEGIN;
UPDATE employees SET salary = salary + 7125 WHERE employee_id = 143;
COMMIT;

-- UPDATING EMPLOYEE SALARY 107 --
BEGIN;
UPDATE employees SET salary = salary + 7531 WHERE employee_id = 107;
COMMIT;

-- UPDATING EMPLOYEE SALARY 121 --
BEGIN;
UPDATE employees SET salary = salary + 6238 WHERE employee_id = 121;
COMMIT;

-- UPDATING EMPLOYEE SALARY 153 --
BEGIN;
UPDATE employees SET salary = salary + 6701 WHERE employee_id = 153;
COMMIT;

-- UPDATING EMPLOYEE SALARY 106 --
BEGIN;
UPDATE employees SET salary = salary + 8715 WHERE employee_id = 106;
COMMIT;

-- UPDATING EMPLOYEE SALARY 99 --
BEGIN;
UPDATE employees SET salary = salary + 2238 WHERE employee_id = 99;
COMMIT;

-- UPDATING EMPLOYEE SALARY 168 --
BEGIN;
UPDATE employees SET salary = salary + 3208 WHERE employee_id = 168;
COMMIT;

-- UPDATING EMPLOYEE SALARY 39 --
BEGIN;
UPDATE employees SET salary = salary + 7573 WHERE employee_id = 39;
COMMIT;

-- UPDATING EMPLOYEE SALARY 135 --
BEGIN;
UPDATE employees SET salary = salary + 999 WHERE employee_id = 135;
COMMIT;

-- UPDATING EMPLOYEE SALARY 147 --
BEGIN;
UPDATE employees SET salary = salary + 4100 WHERE employee_id = 147;
COMMIT;

-- UPDATING EMPLOYEE SALARY 138 --
BEGIN;
UPDATE employees SET salary = salary + 1676 WHERE employee_id = 138;
COMMIT;

-- UPDATING EMPLOYEE SALARY 125 --
BEGIN;
UPDATE employees SET salary = salary + 7020 WHERE employee_id = 125;
COMMIT;

-- UPDATING EMPLOYEE SALARY 158 --
BEGIN;
UPDATE employees SET salary = salary + 5220 WHERE employee_id = 158;
COMMIT;

-- UPDATING EMPLOYEE SALARY 105 --
BEGIN;
UPDATE employees SET salary = salary + 7516 WHERE employee_id = 105;
COMMIT;

-- UPDATING EMPLOYEE SALARY 120 --
BEGIN;
UPDATE employees SET salary = salary + 2796 WHERE employee_id = 120;
COMMIT;

-- UPDATING EMPLOYEE SALARY 168 --
BEGIN;
UPDATE employees SET salary = salary + 9385 WHERE employee_id = 168;
COMMIT;

-- UPDATING EMPLOYEE SALARY 66 --
BEGIN;
UPDATE employees SET salary = salary + 1330 WHERE employee_id = 66;
COMMIT;

-- UPDATING EMPLOYEE SALARY 61 --
BEGIN;
UPDATE employees SET salary = salary + 7158 WHERE employee_id = 61;
COMMIT;

-- UPDATING EMPLOYEE SALARY 26 --
BEGIN;
UPDATE employees SET salary = salary + 6394 WHERE employee_id = 26;
COMMIT;

-- UPDATING EMPLOYEE SALARY 156 --
BEGIN;
UPDATE employees SET salary = salary + 4441 WHERE employee_id = 156;
COMMIT;

-- UPDATING EMPLOYEE SALARY 114 --
BEGIN;
UPDATE employees SET salary = salary + 4826 WHERE employee_id = 114;
COMMIT;

-- UPDATING EMPLOYEE SALARY 164 --
BEGIN;
UPDATE employees SET salary = salary + 3648 WHERE employee_id = 164;
COMMIT;

-- UPDATING EMPLOYEE SALARY 112 --
BEGIN;
UPDATE employees SET salary = salary + 3495 WHERE employee_id = 112;
COMMIT;

-- UPDATING EMPLOYEE SALARY 158 --
BEGIN;
UPDATE employees SET salary = salary + 4064 WHERE employee_id = 158;
COMMIT;

-- UPDATING EMPLOYEE SALARY 99 --
BEGIN;
UPDATE employees SET salary = salary + 551 WHERE employee_id = 99;
COMMIT;

-- UPDATING EMPLOYEE SALARY 108 --
BEGIN;
UPDATE employees SET salary = salary + 1162 WHERE employee_id = 108;
COMMIT;

-- UPDATING EMPLOYEE SALARY 164 --
BEGIN;
UPDATE employees SET salary = salary + 5336 WHERE employee_id = 164;
COMMIT;

-- UPDATING EMPLOYEE SALARY 104 --
BEGIN;
UPDATE employees SET salary = salary + 2255 WHERE employee_id = 104;
COMMIT;

-- UPDATING EMPLOYEE SALARY 110 --
BEGIN;
UPDATE employees SET salary = salary + 4322 WHERE employee_id = 110;
COMMIT;

-- UPDATING EMPLOYEE SALARY 88 --
BEGIN;
UPDATE employees SET salary = salary + 6910 WHERE employee_id = 88;
COMMIT;

-- UPDATING EMPLOYEE SALARY 130 --
BEGIN;
UPDATE employees SET salary = salary + 5021 WHERE employee_id = 130;
COMMIT;

-- UPDATING EMPLOYEE SALARY 33 --
BEGIN;
UPDATE employees SET salary = salary + 1291 WHERE employee_id = 33;
COMMIT;

-- UPDATING EMPLOYEE SALARY 130 --
BEGIN;
UPDATE employees SET salary = salary + 1321 WHERE employee_id = 130;
COMMIT;

-- UPDATING EMPLOYEE SALARY 25 --
BEGIN;
UPDATE employees SET salary = salary + 6233 WHERE employee_id = 25;
COMMIT;

-- UPDATING EMPLOYEE SALARY 165 --
BEGIN;
UPDATE employees SET salary = salary + 824 WHERE employee_id = 165;
COMMIT;

-- UPDATING EMPLOYEE SALARY 41 --
BEGIN;
UPDATE employees SET salary = salary + 4045 WHERE employee_id = 41;
COMMIT;

-- UPDATING EMPLOYEE SALARY 138 --
BEGIN;
UPDATE employees SET salary = salary + 8949 WHERE employee_id = 138;
COMMIT;

-- UPDATING EMPLOYEE SALARY 103 --
BEGIN;
UPDATE employees SET salary = salary + 5428 WHERE employee_id = 103;
COMMIT;

-- UPDATING EMPLOYEE SALARY 68 --
BEGIN;
UPDATE employees SET salary = salary + 6316 WHERE employee_id = 68;
COMMIT;

-- UPDATING EMPLOYEE SALARY 59 --
BEGIN;
UPDATE employees SET salary = salary + 700 WHERE employee_id = 59;
COMMIT;

-- UPDATING EMPLOYEE SALARY 152 --
BEGIN;
UPDATE employees SET salary = salary + 3541 WHERE employee_id = 152;
COMMIT;

-- UPDATING EMPLOYEE SALARY 54 --
BEGIN;
UPDATE employees SET salary = salary + 5872 WHERE employee_id = 54;
COMMIT;

-- UPDATING EMPLOYEE SALARY 150 --
BEGIN;
UPDATE employees SET salary = salary + 1811 WHERE employee_id = 150;
COMMIT;

-- UPDATING EMPLOYEE SALARY 44 --
BEGIN;
UPDATE employees SET salary = salary + 2594 WHERE employee_id = 44;
COMMIT;

-- UPDATING EMPLOYEE SALARY 166 --
BEGIN;
UPDATE employees SET salary = salary + 4013 WHERE employee_id = 166;
COMMIT;

-- UPDATING EMPLOYEE SALARY 90 --
BEGIN;
UPDATE employees SET salary = salary + 7125 WHERE employee_id = 90;
COMMIT;

-- UPDATING EMPLOYEE SALARY 112 --
BEGIN;
UPDATE employees SET salary = salary + 5505 WHERE employee_id = 112;
COMMIT;

-- UPDATING EMPLOYEE SALARY 161 --
BEGIN;
UPDATE employees SET salary = salary + 8867 WHERE employee_id = 161;
COMMIT;

-- UPDATING EMPLOYEE SALARY 162 --
BEGIN;
UPDATE employees SET salary = salary + 1575 WHERE employee_id = 162;
COMMIT;

-- UPDATING EMPLOYEE SALARY 76 --
BEGIN;
UPDATE employees SET salary = salary + 2107 WHERE employee_id = 76;
COMMIT;

-- UPDATING EMPLOYEE SALARY 25 --
BEGIN;
UPDATE employees SET salary = salary + 2621 WHERE employee_id = 25;
COMMIT;

-- UPDATING EMPLOYEE SALARY 46 --
BEGIN;
UPDATE employees SET salary = salary + 6897 WHERE employee_id = 46;
COMMIT;

-- UPDATING EMPLOYEE SALARY 164 --
BEGIN;
UPDATE employees SET salary = salary + 9009 WHERE employee_id = 164;
COMMIT;

-- UPDATING EMPLOYEE SALARY 146 --
BEGIN;
UPDATE employees SET salary = salary + 1269 WHERE employee_id = 146;
COMMIT;

-- UPDATING EMPLOYEE SALARY 22 --
BEGIN;
UPDATE employees SET salary = salary + 3394 WHERE employee_id = 22;
COMMIT;

-- INSERTING EMPLOYEE 171 --
BEGIN;
INSERT INTO employees (employee_id, first_name, last_name, email, phone_number, hire_date, job_id, salary,manager_id,department_id) VALUES (171, 'Fiona', 'Apple', 'fiona.apple@gmail.com', '555-2345', '2008-07-30', 56, 120000.00, 156, 620);
INSERT INTO dependents (dependent_id, first_name, last_name, relationship, employee_id) VALUES (493, 'Ada', 'Lovelace', 'spouse', 171);
INSERT INTO dependents (dependent_id, first_name, last_name, relationship, employee_id) VALUES (494, 'Iris', 'Apfel', 'spouse', 171);
COMMIT;

-- INSERTING EMPLOYEE 172 --
BEGIN;
INSERT INTO employees (employee_id, first_name, last_name, email, phone_number, hire_date, job_id, salary,manager_id,department_id) VALUES (172, 'Isla', 'Fisher', 'isla.fisher@gmail.com', '555-4569', '2024-09-25', 55, 470000.00, 65, 114);
INSERT INTO dependents (dependent_id, first_name, last_name, relationship, employee_id) VALUES (495, 'Rita', 'Levi-Montalcini', 'spouse', 172);
INSERT INTO dependents (dependent_id, first_name, last_name, relationship, employee_id) VALUES (496, 'Grace', 'Hopper', 'spouse', 172);
COMMIT;

-- INSERTING EMPLOYEE 173 --
BEGIN;
INSERT INTO employees (employee_id, first_name, last_name, email, phone_number, hire_date, job_id, salary,manager_id,department_id) VALUES (173, 'Samuel', 'Jackson', 'samuel.jackson@gmail.com', '555-8903', '2010-02-01', 8, 310000.00, 63, 36);
INSERT INTO dependents (dependent_id, first_name, last_name, relationship, employee_id) VALUES (497, 'Louis', 'Armstrong', 'spouse', 173);
COMMIT;

-- INSERTING EMPLOYEE 174 --
BEGIN;
INSERT INTO employees (employee_id, first_name, last_name, email, phone_number, hire_date, job_id, salary,manager_id,department_id) VALUES (174, 'Queen', 'Latifah', 'queen.latifah@gmail.com', '555-2347', '2004-12-03', 44, 550000.00, 11, 50);
INSERT INTO dependents (dependent_id, first_name, last_name, relationship, employee_id) VALUES (498, 'Rosalind', 'Franklin', 'child', 174);
COMMIT;

-- DELETING EMPLOYEE 89 --
BEGIN;
DELETE FROM dependents WHERE employee_id = 89;
DELETE FROM employees WHERE employee_id = 89;
COMMIT;

-- INSERTING DEPENDENT 1 --
BEGIN;
INSERT INTO dependents (dependent_id, first_name, last_name, relationship, employee_id) VALUES (499, 'Emmy', 'Noether', 'spouse', 1);
END;

-- INSERTING DEPENDENT 138 --
BEGIN;
INSERT INTO dependents (dependent_id, first_name, last_name, relationship, employee_id) VALUES (500, 'Stephen', 'Hawking', 'child', 138);
END;

-- INSERTING DEPENDENT 154 --
BEGIN;
INSERT INTO dependents (dependent_id, first_name, last_name, relationship, employee_id) VALUES (501, 'Emma', 'Stone', 'spouse', 154);
END;

-- INSERTING DEPENDENT 53 --
BEGIN;
INSERT INTO dependents (dependent_id, first_name, last_name, relationship, employee_id) VALUES (502, 'Kate', 'Winslet', 'spouse', 53);
END;

-- DELETING DEPENDENT 77 --
BEGIN;
DELETE FROM dependents WHERE dependent_id = 77;
COMMIT;

-- UPDATING EMPLOYEE SALARY 154 --
BEGIN;
UPDATE employees SET salary = salary + 9440 WHERE employee_id = 154;
COMMIT;

-- UPDATING EMPLOYEE SALARY 120 --
BEGIN;
UPDATE employees SET salary = salary + 8534 WHERE employee_id = 120;
COMMIT;

-- UPDATING EMPLOYEE SALARY 161 --
BEGIN;
UPDATE employees SET salary = salary + 8462 WHERE employee_id = 161;
COMMIT;

-- UPDATING EMPLOYEE SALARY 133 --
BEGIN;
UPDATE employees SET salary = salary + 4251 WHERE employee_id = 133;
COMMIT;

-- UPDATING EMPLOYEE SALARY 146 --
BEGIN;
UPDATE employees SET salary = salary + 5157 WHERE employee_id = 146;
COMMIT;

-- UPDATING EMPLOYEE SALARY 138 --
BEGIN;
UPDATE employees SET salary = salary + 3293 WHERE employee_id = 138;
COMMIT;

-- UPDATING EMPLOYEE SALARY 172 --
BEGIN;
UPDATE employees SET salary = salary + 5115 WHERE employee_id = 172;
COMMIT;

-- UPDATING EMPLOYEE SALARY 75 --
BEGIN;
UPDATE employees SET salary = salary + 281 WHERE employee_id = 75;
COMMIT;

-- UPDATING EMPLOYEE SALARY 114 --
BEGIN;
UPDATE employees SET salary = salary + 6492 WHERE employee_id = 114;
COMMIT;

-- UPDATING EMPLOYEE SALARY 148 --
BEGIN;
UPDATE employees SET salary = salary + 3549 WHERE employee_id = 148;
COMMIT;

-- UPDATING EMPLOYEE SALARY 73 --
BEGIN;
UPDATE employees SET salary = salary + 3348 WHERE employee_id = 73;
COMMIT;

-- UPDATING EMPLOYEE SALARY 119 --
BEGIN;
UPDATE employees SET salary = salary + 2651 WHERE employee_id = 119;
COMMIT;

-- UPDATING EMPLOYEE SALARY 120 --
BEGIN;
UPDATE employees SET salary = salary + 1978 WHERE employee_id = 120;
COMMIT;

-- UPDATING EMPLOYEE SALARY 72 --
BEGIN;
UPDATE employees SET salary = salary + 1367 WHERE employee_id = 72;
COMMIT;

-- UPDATING EMPLOYEE SALARY 137 --
BEGIN;
UPDATE employees SET salary = salary + 9303 WHERE employee_id = 137;
COMMIT;

-- UPDATING EMPLOYEE SALARY 73 --
BEGIN;
UPDATE employees SET salary = salary + 2312 WHERE employee_id = 73;
COMMIT;

-- UPDATING EMPLOYEE SALARY 39 --
BEGIN;
UPDATE employees SET salary = salary + 762 WHERE employee_id = 39;
COMMIT;

-- UPDATING EMPLOYEE SALARY 149 --
BEGIN;
UPDATE employees SET salary = salary + 3949 WHERE employee_id = 149;
COMMIT;

-- UPDATING EMPLOYEE SALARY 68 --
BEGIN;
UPDATE employees SET salary = salary + 1048 WHERE employee_id = 68;
COMMIT;

-- UPDATING EMPLOYEE SALARY 153 --
BEGIN;
UPDATE employees SET salary = salary + 4206 WHERE employee_id = 153;
COMMIT;

-- UPDATING EMPLOYEE SALARY 168 --
BEGIN;
UPDATE employees SET salary = salary + 121 WHERE employee_id = 168;
COMMIT;

-- UPDATING EMPLOYEE SALARY 97 --
BEGIN;
UPDATE employees SET salary = salary + 664 WHERE employee_id = 97;
COMMIT;

-- UPDATING EMPLOYEE SALARY 161 --
BEGIN;
UPDATE employees SET salary = salary + 7402 WHERE employee_id = 161;
COMMIT;

-- UPDATING EMPLOYEE SALARY 124 --
BEGIN;
UPDATE employees SET salary = salary + 5148 WHERE employee_id = 124;
COMMIT;

-- UPDATING EMPLOYEE SALARY 73 --
BEGIN;
UPDATE employees SET salary = salary + 1823 WHERE employee_id = 73;
COMMIT;

-- UPDATING EMPLOYEE SALARY 22 --
BEGIN;
UPDATE employees SET salary = salary + 5155 WHERE employee_id = 22;
COMMIT;

-- UPDATING EMPLOYEE SALARY 137 --
BEGIN;
UPDATE employees SET salary = salary + 6830 WHERE employee_id = 137;
COMMIT;

-- UPDATING EMPLOYEE SALARY 124 --
BEGIN;
UPDATE employees SET salary = salary + 9337 WHERE employee_id = 124;
COMMIT;

-- UPDATING EMPLOYEE SALARY 136 --
BEGIN;
UPDATE employees SET salary = salary + 6002 WHERE employee_id = 136;
COMMIT;

-- UPDATING EMPLOYEE SALARY 76 --
BEGIN;
UPDATE employees SET salary = salary + 6032 WHERE employee_id = 76;
COMMIT;

-- UPDATING EMPLOYEE SALARY 86 --
BEGIN;
UPDATE employees SET salary = salary + 6214 WHERE employee_id = 86;
COMMIT;

-- UPDATING EMPLOYEE SALARY 104 --
BEGIN;
UPDATE employees SET salary = salary + 9942 WHERE employee_id = 104;
COMMIT;

-- UPDATING EMPLOYEE SALARY 154 --
BEGIN;
UPDATE employees SET salary = salary + 8467 WHERE employee_id = 154;
COMMIT;

-- UPDATING EMPLOYEE SALARY 25 --
BEGIN;
UPDATE employees SET salary = salary + 7572 WHERE employee_id = 25;
COMMIT;

-- UPDATING EMPLOYEE SALARY 110 --
BEGIN;
UPDATE employees SET salary = salary + 3986 WHERE employee_id = 110;
COMMIT;

-- UPDATING EMPLOYEE SALARY 85 --
BEGIN;
UPDATE employees SET salary = salary + 4770 WHERE employee_id = 85;
COMMIT;

-- UPDATING EMPLOYEE SALARY 67 --
BEGIN;
UPDATE employees SET salary = salary + 4424 WHERE employee_id = 67;
COMMIT;

-- UPDATING EMPLOYEE SALARY 33 --
BEGIN;
UPDATE employees SET salary = salary + 7291 WHERE employee_id = 33;
COMMIT;

-- UPDATING EMPLOYEE SALARY 91 --
BEGIN;
UPDATE employees SET salary = salary + 4688 WHERE employee_id = 91;
COMMIT;

-- UPDATING EMPLOYEE SALARY 102 --
BEGIN;
UPDATE employees SET salary = salary + 5126 WHERE employee_id = 102;
COMMIT;

-- UPDATING EMPLOYEE SALARY 103 --
BEGIN;
UPDATE employees SET salary = salary + 8212 WHERE employee_id = 103;
COMMIT;

-- UPDATING EMPLOYEE SALARY 147 --
BEGIN;
UPDATE employees SET salary = salary + 4261 WHERE employee_id = 147;
COMMIT;

-- UPDATING EMPLOYEE SALARY 67 --
BEGIN;
UPDATE employees SET salary = salary + 4266 WHERE employee_id = 67;
COMMIT;

-- UPDATING EMPLOYEE SALARY 61 --
BEGIN;
UPDATE employees SET salary = salary + 9506 WHERE employee_id = 61;
COMMIT;

-- UPDATING EMPLOYEE SALARY 25 --
BEGIN;
UPDATE employees SET salary = salary + 2364 WHERE employee_id = 25;
COMMIT;

-- INSERTING EMPLOYEE 175 --
BEGIN;
INSERT INTO employees (employee_id, first_name, last_name, email, phone_number, hire_date, job_id, salary,manager_id,department_id) VALUES (175, 'Isla', 'Fisher', 'isla.fisher@gmail.com', '555-4569', '2003-07-12', 32, 470000.00, 107, 142);
INSERT INTO dependents (dependent_id, first_name, last_name, relationship, employee_id) VALUES (503, 'Max', 'Planck', 'parent', 175);
COMMIT;

-- INSERTING EMPLOYEE 176 --
BEGIN;
INSERT INTO employees (employee_id, first_name, last_name, email, phone_number, hire_date, job_id, salary,manager_id,department_id) VALUES (176, 'Will', 'Ferrell', 'will.ferrell@gmail.com', '555-6781', '2008-09-21', 18, 290000.00, 163, 42);
INSERT INTO dependents (dependent_id, first_name, last_name, relationship, employee_id) VALUES (504, 'Niels', 'Bohr', 'parent', 176);
INSERT INTO dependents (dependent_id, first_name, last_name, relationship, employee_id) VALUES (505, 'Susan', 'Sarandon', 'parent', 176);
INSERT INTO dependents (dependent_id, first_name, last_name, relationship, employee_id) VALUES (506, 'Galileo', 'Galilei', 'child', 176);
COMMIT;

-- INSERTING DEPENDENT 11 --
BEGIN;
INSERT INTO dependents (dependent_id, first_name, last_name, relationship, employee_id) VALUES (507, 'Paul', 'Newman', 'child', 11);
END;

-- INSERTING DEPENDENT 144 --
BEGIN;
INSERT INTO dependents (dependent_id, first_name, last_name, relationship, employee_id) VALUES (508, 'Ada', 'Lovelace', 'spouse', 144);
END;

-- UPDATING EMPLOYEE SALARY 123 --
BEGIN;
UPDATE employees SET salary = salary + 2851 WHERE employee_id = 123;
COMMIT;

-- UPDATING EMPLOYEE SALARY 147 --
BEGIN;
UPDATE employees SET salary = salary + 4819 WHERE employee_id = 147;
COMMIT;

-- UPDATING EMPLOYEE SALARY 157 --
BEGIN;
UPDATE employees SET salary = salary + 7346 WHERE employee_id = 157;
COMMIT;

-- UPDATING EMPLOYEE SALARY 176 --
BEGIN;
UPDATE employees SET salary = salary + 4265 WHERE employee_id = 176;
COMMIT;

-- UPDATING EMPLOYEE SALARY 37 --
BEGIN;
UPDATE employees SET salary = salary + 227 WHERE employee_id = 37;
COMMIT;

-- UPDATING EMPLOYEE SALARY 63 --
BEGIN;
UPDATE employees SET salary = salary + 4729 WHERE employee_id = 63;
COMMIT;

-- UPDATING EMPLOYEE SALARY 11 --
BEGIN;
UPDATE employees SET salary = salary + 1600 WHERE employee_id = 11;
COMMIT;

-- UPDATING EMPLOYEE SALARY 39 --
BEGIN;
UPDATE employees SET salary = salary + 4358 WHERE employee_id = 39;
COMMIT;

-- UPDATING EMPLOYEE SALARY 75 --
BEGIN;
UPDATE employees SET salary = salary + 2734 WHERE employee_id = 75;
COMMIT;

-- UPDATING EMPLOYEE SALARY 155 --
BEGIN;
UPDATE employees SET salary = salary + 9658 WHERE employee_id = 155;
COMMIT;

-- UPDATING EMPLOYEE SALARY 129 --
BEGIN;
UPDATE employees SET salary = salary + 3006 WHERE employee_id = 129;
COMMIT;

-- UPDATING EMPLOYEE SALARY 99 --
BEGIN;
UPDATE employees SET salary = salary + 9780 WHERE employee_id = 99;
COMMIT;

-- UPDATING EMPLOYEE SALARY 152 --
BEGIN;
UPDATE employees SET salary = salary + 8736 WHERE employee_id = 152;
COMMIT;

-- UPDATING EMPLOYEE SALARY 116 --
BEGIN;
UPDATE employees SET salary = salary + 4858 WHERE employee_id = 116;
COMMIT;

-- UPDATING EMPLOYEE SALARY 64 --
BEGIN;
UPDATE employees SET salary = salary + 6549 WHERE employee_id = 64;
COMMIT;

-- UPDATING EMPLOYEE SALARY 160 --
BEGIN;
UPDATE employees SET salary = salary + 524 WHERE employee_id = 160;
COMMIT;

-- UPDATING EMPLOYEE SALARY 75 --
BEGIN;
UPDATE employees SET salary = salary + 8103 WHERE employee_id = 75;
COMMIT;

-- UPDATING EMPLOYEE SALARY 60 --
BEGIN;
UPDATE employees SET salary = salary + 7066 WHERE employee_id = 60;
COMMIT;

-- UPDATING EMPLOYEE SALARY 67 --
BEGIN;
UPDATE employees SET salary = salary + 2151 WHERE employee_id = 67;
COMMIT;

-- UPDATING EMPLOYEE SALARY 137 --
BEGIN;
UPDATE employees SET salary = salary + 8565 WHERE employee_id = 137;
COMMIT;

-- UPDATING EMPLOYEE SALARY 156 --
BEGIN;
UPDATE employees SET salary = salary + 1380 WHERE employee_id = 156;
COMMIT;

-- UPDATING EMPLOYEE SALARY 158 --
BEGIN;
UPDATE employees SET salary = salary + 8312 WHERE employee_id = 158;
COMMIT;

-- UPDATING EMPLOYEE SALARY 121 --
BEGIN;
UPDATE employees SET salary = salary + 638 WHERE employee_id = 121;
COMMIT;

-- UPDATING EMPLOYEE SALARY 127 --
BEGIN;
UPDATE employees SET salary = salary + 6375 WHERE employee_id = 127;
COMMIT;

-- UPDATING EMPLOYEE SALARY 64 --
BEGIN;
UPDATE employees SET salary = salary + 1997 WHERE employee_id = 64;
COMMIT;

-- UPDATING EMPLOYEE SALARY 86 --
BEGIN;
UPDATE employees SET salary = salary + 7231 WHERE employee_id = 86;
COMMIT;

-- UPDATING EMPLOYEE SALARY 134 --
BEGIN;
UPDATE employees SET salary = salary + 9517 WHERE employee_id = 134;
COMMIT;

-- UPDATING EMPLOYEE SALARY 91 --
BEGIN;
UPDATE employees SET salary = salary + 2612 WHERE employee_id = 91;
COMMIT;

-- UPDATING EMPLOYEE SALARY 76 --
BEGIN;
UPDATE employees SET salary = salary + 9908 WHERE employee_id = 76;
COMMIT;

-- UPDATING EMPLOYEE SALARY 164 --
BEGIN;
UPDATE employees SET salary = salary + 6316 WHERE employee_id = 164;
COMMIT;

-- UPDATING EMPLOYEE SALARY 73 --
BEGIN;
UPDATE employees SET salary = salary + 2664 WHERE employee_id = 73;
COMMIT;

-- UPDATING EMPLOYEE SALARY 159 --
BEGIN;
UPDATE employees SET salary = salary + 8503 WHERE employee_id = 159;
COMMIT;

-- UPDATING EMPLOYEE SALARY 158 --
BEGIN;
UPDATE employees SET salary = salary + 9662 WHERE employee_id = 158;
COMMIT;

-- UPDATING EMPLOYEE SALARY 91 --
BEGIN;
UPDATE employees SET salary = salary + 6438 WHERE employee_id = 91;
COMMIT;

-- UPDATING EMPLOYEE SALARY 118 --
BEGIN;
UPDATE employees SET salary = salary + 8778 WHERE employee_id = 118;
COMMIT;

-- UPDATING EMPLOYEE SALARY 146 --
BEGIN;
UPDATE employees SET salary = salary + 8067 WHERE employee_id = 146;
COMMIT;

-- UPDATING EMPLOYEE SALARY 114 --
BEGIN;
UPDATE employees SET salary = salary + 3414 WHERE employee_id = 114;
COMMIT;

-- UPDATING EMPLOYEE SALARY 84 --
BEGIN;
UPDATE employees SET salary = salary + 3544 WHERE employee_id = 84;
COMMIT;

-- UPDATING EMPLOYEE SALARY 158 --
BEGIN;
UPDATE employees SET salary = salary + 5609 WHERE employee_id = 158;
COMMIT;

-- UPDATING EMPLOYEE SALARY 62 --
BEGIN;
UPDATE employees SET salary = salary + 3943 WHERE employee_id = 62;
COMMIT;

-- INSERTING EMPLOYEE 177 --
BEGIN;
INSERT INTO employees (employee_id, first_name, last_name, email, phone_number, hire_date, job_id, salary,manager_id,department_id) VALUES (177, 'Samuel', 'Jackson', 'samuel.jackson@gmail.com', '555-8903', '1990-07-27', 11, 310000.00, 173, 344);
INSERT INTO dependents (dependent_id, first_name, last_name, relationship, employee_id) VALUES (509, 'Rachel', 'Carson', 'child', 177);
INSERT INTO dependents (dependent_id, first_name, last_name, relationship, employee_id) VALUES (510, 'Galileo', 'Galilei', 'child', 177);
INSERT INTO dependents (dependent_id, first_name, last_name, relationship, employee_id) VALUES (511, 'David', 'Hilbert', 'parent', 177);
COMMIT;

-- INSERTING DEPENDENT 177 --
BEGIN;
INSERT INTO dependents (dependent_id, first_name, last_name, relationship, employee_id) VALUES (512, 'Charles', 'Darwin', 'spouse', 177);
END;

-- UPDATING EMPLOYEE SALARY 108 --
BEGIN;
UPDATE employees SET salary = salary + 860 WHERE employee_id = 108;
COMMIT;

-- UPDATING EMPLOYEE SALARY 60 --
BEGIN;
UPDATE employees SET salary = salary + 2675 WHERE employee_id = 60;
COMMIT;

-- UPDATING EMPLOYEE SALARY 59 --
BEGIN;
UPDATE employees SET salary = salary + 2861 WHERE employee_id = 59;
COMMIT;

-- UPDATING EMPLOYEE SALARY 156 --
BEGIN;
UPDATE employees SET salary = salary + 4220 WHERE employee_id = 156;
COMMIT;

-- UPDATING EMPLOYEE SALARY 77 --
BEGIN;
UPDATE employees SET salary = salary + 115 WHERE employee_id = 77;
COMMIT;

-- UPDATING EMPLOYEE SALARY 147 --
BEGIN;
UPDATE employees SET salary = salary + 5340 WHERE employee_id = 147;
COMMIT;

-- UPDATING EMPLOYEE SALARY 119 --
BEGIN;
UPDATE employees SET salary = salary + 1837 WHERE employee_id = 119;
COMMIT;

-- UPDATING EMPLOYEE SALARY 103 --
BEGIN;
UPDATE employees SET salary = salary + 6090 WHERE employee_id = 103;
COMMIT;

-- UPDATING EMPLOYEE SALARY 159 --
BEGIN;
UPDATE employees SET salary = salary + 2987 WHERE employee_id = 159;
COMMIT;

-- UPDATING EMPLOYEE SALARY 64 --
BEGIN;
UPDATE employees SET salary = salary + 6566 WHERE employee_id = 64;
COMMIT;

-- UPDATING EMPLOYEE SALARY 99 --
BEGIN;
UPDATE employees SET salary = salary + 581 WHERE employee_id = 99;
COMMIT;

-- UPDATING EMPLOYEE SALARY 126 --
BEGIN;
UPDATE employees SET salary = salary + 6787 WHERE employee_id = 126;
COMMIT;

-- UPDATING EMPLOYEE SALARY 121 --
BEGIN;
UPDATE employees SET salary = salary + 4552 WHERE employee_id = 121;
COMMIT;

-- UPDATING EMPLOYEE SALARY 27 --
BEGIN;
UPDATE employees SET salary = salary + 3218 WHERE employee_id = 27;
COMMIT;

-- UPDATING EMPLOYEE SALARY 97 --
BEGIN;
UPDATE employees SET salary = salary + 4927 WHERE employee_id = 97;
COMMIT;

-- UPDATING EMPLOYEE SALARY 11 --
BEGIN;
UPDATE employees SET salary = salary + 2288 WHERE employee_id = 11;
COMMIT;

-- UPDATING EMPLOYEE SALARY 90 --
BEGIN;
UPDATE employees SET salary = salary + 1501 WHERE employee_id = 90;
COMMIT;

-- UPDATING EMPLOYEE SALARY 25 --
BEGIN;
UPDATE employees SET salary = salary + 1021 WHERE employee_id = 25;
COMMIT;

-- UPDATING EMPLOYEE SALARY 50 --
BEGIN;
UPDATE employees SET salary = salary + 4982 WHERE employee_id = 50;
COMMIT;

-- UPDATING EMPLOYEE SALARY 1 --
BEGIN;
UPDATE employees SET salary = salary + 6328 WHERE employee_id = 1;
COMMIT;

-- UPDATING EMPLOYEE SALARY 46 --
BEGIN;
UPDATE employees SET salary = salary + 6648 WHERE employee_id = 46;
COMMIT;

-- UPDATING EMPLOYEE SALARY 1 --
BEGIN;
UPDATE employees SET salary = salary + 8640 WHERE employee_id = 1;
COMMIT;

-- UPDATING EMPLOYEE SALARY 135 --
BEGIN;
UPDATE employees SET salary = salary + 2737 WHERE employee_id = 135;
COMMIT;

-- UPDATING EMPLOYEE SALARY 173 --
BEGIN;
UPDATE employees SET salary = salary + 939 WHERE employee_id = 173;
COMMIT;

-- UPDATING EMPLOYEE SALARY 62 --
BEGIN;
UPDATE employees SET salary = salary + 6766 WHERE employee_id = 62;
COMMIT;

-- UPDATING EMPLOYEE SALARY 93 --
BEGIN;
UPDATE employees SET salary = salary + 7344 WHERE employee_id = 93;
COMMIT;

-- UPDATING EMPLOYEE SALARY 27 --
BEGIN;
UPDATE employees SET salary = salary + 9143 WHERE employee_id = 27;
COMMIT;

-- UPDATING EMPLOYEE SALARY 103 --
BEGIN;
UPDATE employees SET salary = salary + 8395 WHERE employee_id = 103;
COMMIT;

-- UPDATING EMPLOYEE SALARY 100 --
BEGIN;
UPDATE employees SET salary = salary + 4537 WHERE employee_id = 100;
COMMIT;

-- UPDATING EMPLOYEE SALARY 140 --
BEGIN;
UPDATE employees SET salary = salary + 2630 WHERE employee_id = 140;
COMMIT;

-- UPDATING EMPLOYEE SALARY 90 --
BEGIN;
UPDATE employees SET salary = salary + 6033 WHERE employee_id = 90;
COMMIT;

-- UPDATING EMPLOYEE SALARY 143 --
BEGIN;
UPDATE employees SET salary = salary + 6945 WHERE employee_id = 143;
COMMIT;

-- UPDATING EMPLOYEE SALARY 107 --
BEGIN;
UPDATE employees SET salary = salary + 3430 WHERE employee_id = 107;
COMMIT;

-- UPDATING EMPLOYEE SALARY 160 --
BEGIN;
UPDATE employees SET salary = salary + 8730 WHERE employee_id = 160;
COMMIT;

-- UPDATING EMPLOYEE SALARY 105 --
BEGIN;
UPDATE employees SET salary = salary + 8089 WHERE employee_id = 105;
COMMIT;

-- UPDATING EMPLOYEE SALARY 36 --
BEGIN;
UPDATE employees SET salary = salary + 9171 WHERE employee_id = 36;
COMMIT;

-- UPDATING EMPLOYEE SALARY 59 --
BEGIN;
UPDATE employees SET salary = salary + 8701 WHERE employee_id = 59;
COMMIT;

-- UPDATING EMPLOYEE SALARY 84 --
BEGIN;
UPDATE employees SET salary = salary + 2443 WHERE employee_id = 84;
COMMIT;

-- UPDATING EMPLOYEE SALARY 94 --
BEGIN;
UPDATE employees SET salary = salary + 484 WHERE employee_id = 94;
COMMIT;

-- UPDATING EMPLOYEE SALARY 158 --
BEGIN;
UPDATE employees SET salary = salary + 7274 WHERE employee_id = 158;
COMMIT;

-- UPDATING EMPLOYEE SALARY 121 --
BEGIN;
UPDATE employees SET salary = salary + 2061 WHERE employee_id = 121;
COMMIT;

-- UPDATING EMPLOYEE SALARY 17 --
BEGIN;
UPDATE employees SET salary = salary + 4866 WHERE employee_id = 17;
COMMIT;

-- UPDATING EMPLOYEE SALARY 76 --
BEGIN;
UPDATE employees SET salary = salary + 4 WHERE employee_id = 76;
COMMIT;

-- UPDATING EMPLOYEE SALARY 116 --
BEGIN;
UPDATE employees SET salary = salary + 172 WHERE employee_id = 116;
COMMIT;

-- UPDATING EMPLOYEE SALARY 142 --
BEGIN;
UPDATE employees SET salary = salary + 8628 WHERE employee_id = 142;
COMMIT;

-- UPDATING EMPLOYEE SALARY 80 --
BEGIN;
UPDATE employees SET salary = salary + 8629 WHERE employee_id = 80;
COMMIT;

-- UPDATING EMPLOYEE SALARY 130 --
BEGIN;
UPDATE employees SET salary = salary + 3235 WHERE employee_id = 130;
COMMIT;

-- UPDATING EMPLOYEE SALARY 72 --
BEGIN;
UPDATE employees SET salary = salary + 6851 WHERE employee_id = 72;
COMMIT;

-- UPDATING EMPLOYEE SALARY 160 --
BEGIN;
UPDATE employees SET salary = salary + 4599 WHERE employee_id = 160;
COMMIT;

-- UPDATING EMPLOYEE SALARY 17 --
BEGIN;
UPDATE employees SET salary = salary + 9461 WHERE employee_id = 17;
COMMIT;

-- UPDATING EMPLOYEE SALARY 128 --
BEGIN;
UPDATE employees SET salary = salary + 464 WHERE employee_id = 128;
COMMIT;

-- UPDATING EMPLOYEE SALARY 137 --
BEGIN;
UPDATE employees SET salary = salary + 2292 WHERE employee_id = 137;
COMMIT;

-- UPDATING EMPLOYEE SALARY 76 --
BEGIN;
UPDATE employees SET salary = salary + 1688 WHERE employee_id = 76;
COMMIT;

-- UPDATING EMPLOYEE SALARY 75 --
BEGIN;
UPDATE employees SET salary = salary + 2642 WHERE employee_id = 75;
COMMIT;

-- UPDATING EMPLOYEE SALARY 139 --
BEGIN;
UPDATE employees SET salary = salary + 3799 WHERE employee_id = 139;
COMMIT;

-- UPDATING EMPLOYEE SALARY 62 --
BEGIN;
UPDATE employees SET salary = salary + 2065 WHERE employee_id = 62;
COMMIT;

-- UPDATING EMPLOYEE SALARY 39 --
BEGIN;
UPDATE employees SET salary = salary + 5420 WHERE employee_id = 39;
COMMIT;

-- UPDATING EMPLOYEE SALARY 175 --
BEGIN;
UPDATE employees SET salary = salary + 2778 WHERE employee_id = 175;
COMMIT;

-- UPDATING EMPLOYEE SALARY 143 --
BEGIN;
UPDATE employees SET salary = salary + 6 WHERE employee_id = 143;
COMMIT;

-- UPDATING EMPLOYEE SALARY 103 --
BEGIN;
UPDATE employees SET salary = salary + 6366 WHERE employee_id = 103;
COMMIT;

-- UPDATING EMPLOYEE SALARY 102 --
BEGIN;
UPDATE employees SET salary = salary + 7837 WHERE employee_id = 102;
COMMIT;

-- UPDATING EMPLOYEE SALARY 35 --
BEGIN;
UPDATE employees SET salary = salary + 3027 WHERE employee_id = 35;
COMMIT;

-- UPDATING EMPLOYEE SALARY 90 --
BEGIN;
UPDATE employees SET salary = salary + 5833 WHERE employee_id = 90;
COMMIT;

-- UPDATING EMPLOYEE SALARY 100 --
BEGIN;
UPDATE employees SET salary = salary + 6263 WHERE employee_id = 100;
COMMIT;

-- UPDATING EMPLOYEE SALARY 107 --
BEGIN;
UPDATE employees SET salary = salary + 6076 WHERE employee_id = 107;
COMMIT;

-- UPDATING EMPLOYEE SALARY 127 --
BEGIN;
UPDATE employees SET salary = salary + 666 WHERE employee_id = 127;
COMMIT;

-- UPDATING EMPLOYEE SALARY 120 --
BEGIN;
UPDATE employees SET salary = salary + 6089 WHERE employee_id = 120;
COMMIT;

-- UPDATING EMPLOYEE SALARY 151 --
BEGIN;
UPDATE employees SET salary = salary + 2940 WHERE employee_id = 151;
COMMIT;

-- UPDATING EMPLOYEE SALARY 81 --
BEGIN;
UPDATE employees SET salary = salary + 6336 WHERE employee_id = 81;
COMMIT;

-- UPDATING EMPLOYEE SALARY 84 --
BEGIN;
UPDATE employees SET salary = salary + 7913 WHERE employee_id = 84;
COMMIT;

-- UPDATING EMPLOYEE SALARY 163 --
BEGIN;
UPDATE employees SET salary = salary + 6437 WHERE employee_id = 163;
COMMIT;

-- UPDATING EMPLOYEE SALARY 87 --
BEGIN;
UPDATE employees SET salary = salary + 4078 WHERE employee_id = 87;
COMMIT;

-- UPDATING EMPLOYEE SALARY 61 --
BEGIN;
UPDATE employees SET salary = salary + 8566 WHERE employee_id = 61;
COMMIT;

-- UPDATING EMPLOYEE SALARY 123 --
BEGIN;
UPDATE employees SET salary = salary + 7799 WHERE employee_id = 123;
COMMIT;

-- UPDATING EMPLOYEE SALARY 61 --
BEGIN;
UPDATE employees SET salary = salary + 9912 WHERE employee_id = 61;
COMMIT;

-- UPDATING EMPLOYEE SALARY 41 --
BEGIN;
UPDATE employees SET salary = salary + 1021 WHERE employee_id = 41;
COMMIT;

-- UPDATING EMPLOYEE SALARY 58 --
BEGIN;
UPDATE employees SET salary = salary + 9038 WHERE employee_id = 58;
COMMIT;

-- UPDATING EMPLOYEE SALARY 139 --
BEGIN;
UPDATE employees SET salary = salary + 6617 WHERE employee_id = 139;
COMMIT;

-- UPDATING EMPLOYEE SALARY 123 --
BEGIN;
UPDATE employees SET salary = salary + 8316 WHERE employee_id = 123;
COMMIT;

-- UPDATING EMPLOYEE SALARY 135 --
BEGIN;
UPDATE employees SET salary = salary + 1622 WHERE employee_id = 135;
COMMIT;

-- UPDATING EMPLOYEE SALARY 128 --
BEGIN;
UPDATE employees SET salary = salary + 6288 WHERE employee_id = 128;
COMMIT;

-- UPDATING EMPLOYEE SALARY 126 --
BEGIN;
UPDATE employees SET salary = salary + 8809 WHERE employee_id = 126;
COMMIT;

-- UPDATING EMPLOYEE SALARY 176 --
BEGIN;
UPDATE employees SET salary = salary + 2752 WHERE employee_id = 176;
COMMIT;

-- UPDATING EMPLOYEE SALARY 54 --
BEGIN;
UPDATE employees SET salary = salary + 4069 WHERE employee_id = 54;
COMMIT;

-- UPDATING EMPLOYEE SALARY 156 --
BEGIN;
UPDATE employees SET salary = salary + 8678 WHERE employee_id = 156;
COMMIT;

-- UPDATING EMPLOYEE SALARY 87 --
BEGIN;
UPDATE employees SET salary = salary + 8635 WHERE employee_id = 87;
COMMIT;

-- UPDATING EMPLOYEE SALARY 171 --
BEGIN;
UPDATE employees SET salary = salary + 340 WHERE employee_id = 171;
COMMIT;

-- UPDATING EMPLOYEE SALARY 44 --
BEGIN;
UPDATE employees SET salary = salary + 1295 WHERE employee_id = 44;
COMMIT;

-- UPDATING EMPLOYEE SALARY 162 --
BEGIN;
UPDATE employees SET salary = salary + 3689 WHERE employee_id = 162;
COMMIT;

-- UPDATING EMPLOYEE SALARY 34 --
BEGIN;
UPDATE employees SET salary = salary + 4257 WHERE employee_id = 34;
COMMIT;

-- UPDATING EMPLOYEE SALARY 131 --
BEGIN;
UPDATE employees SET salary = salary + 6061 WHERE employee_id = 131;
COMMIT;

-- UPDATING EMPLOYEE SALARY 93 --
BEGIN;
UPDATE employees SET salary = salary + 1643 WHERE employee_id = 93;
COMMIT;

-- UPDATING EMPLOYEE SALARY 88 --
BEGIN;
UPDATE employees SET salary = salary + 8382 WHERE employee_id = 88;
COMMIT;

-- UPDATING EMPLOYEE SALARY 138 --
BEGIN;
UPDATE employees SET salary = salary + 4670 WHERE employee_id = 138;
COMMIT;

-- UPDATING EMPLOYEE SALARY 44 --
BEGIN;
UPDATE employees SET salary = salary + 6457 WHERE employee_id = 44;
COMMIT;

-- UPDATING EMPLOYEE SALARY 63 --
BEGIN;
UPDATE employees SET salary = salary + 5241 WHERE employee_id = 63;
COMMIT;

-- UPDATING EMPLOYEE SALARY 154 --
BEGIN;
UPDATE employees SET salary = salary + 8211 WHERE employee_id = 154;
COMMIT;

-- UPDATING EMPLOYEE SALARY 165 --
BEGIN;
UPDATE employees SET salary = salary + 7595 WHERE employee_id = 165;
COMMIT;

-- UPDATING EMPLOYEE SALARY 60 --
BEGIN;
UPDATE employees SET salary = salary + 1941 WHERE employee_id = 60;
COMMIT;

-- UPDATING EMPLOYEE SALARY 37 --
BEGIN;
UPDATE employees SET salary = salary + 7130 WHERE employee_id = 37;
COMMIT;

-- INSERTING EMPLOYEE 178 --
BEGIN;
INSERT INTO employees (employee_id, first_name, last_name, email, phone_number, hire_date, job_id, salary,manager_id,department_id) VALUES (178, 'Cameron', 'Diaz', 'cameron.diaz@gmail.com', '555-8903', '2009-06-24', 50, 410000.00, 11, 130);
INSERT INTO dependents (dependent_id, first_name, last_name, relationship, employee_id) VALUES (513, 'Robert', 'Redford', 'spouse', 178);
INSERT INTO dependents (dependent_id, first_name, last_name, relationship, employee_id) VALUES (514, 'Chris', 'Evans', 'parent', 178);
INSERT INTO dependents (dependent_id, first_name, last_name, relationship, employee_id) VALUES (515, 'Hugh', 'Jackman', 'spouse', 178);
INSERT INTO dependents (dependent_id, first_name, last_name, relationship, employee_id) VALUES (516, 'Carl', 'Sagan', 'child', 178);
COMMIT;

-- INSERTING DEPENDENT 106 --
BEGIN;
INSERT INTO dependents (dependent_id, first_name, last_name, relationship, employee_id) VALUES (517, 'Louis', 'Armstrong', 'parent', 106);
END;

-- UPDATING EMPLOYEE SALARY 143 --
BEGIN;
UPDATE employees SET salary = salary + 4631 WHERE employee_id = 143;
COMMIT;

-- UPDATING EMPLOYEE SALARY 86 --
BEGIN;
UPDATE employees SET salary = salary + 5561 WHERE employee_id = 86;
COMMIT;

-- UPDATING EMPLOYEE SALARY 143 --
BEGIN;
UPDATE employees SET salary = salary + 9736 WHERE employee_id = 143;
COMMIT;

-- UPDATING EMPLOYEE SALARY 110 --
BEGIN;
UPDATE employees SET salary = salary + 4665 WHERE employee_id = 110;
COMMIT;

-- UPDATING EMPLOYEE SALARY 138 --
BEGIN;
UPDATE employees SET salary = salary + 9315 WHERE employee_id = 138;
COMMIT;

-- UPDATING EMPLOYEE SALARY 86 --
BEGIN;
UPDATE employees SET salary = salary + 426 WHERE employee_id = 86;
COMMIT;

-- UPDATING EMPLOYEE SALARY 161 --
BEGIN;
UPDATE employees SET salary = salary + 7082 WHERE employee_id = 161;
COMMIT;

-- UPDATING EMPLOYEE SALARY 60 --
BEGIN;
UPDATE employees SET salary = salary + 8624 WHERE employee_id = 60;
COMMIT;

-- UPDATING EMPLOYEE SALARY 126 --
BEGIN;
UPDATE employees SET salary = salary + 4322 WHERE employee_id = 126;
COMMIT;

-- UPDATING EMPLOYEE SALARY 100 --
BEGIN;
UPDATE employees SET salary = salary + 2840 WHERE employee_id = 100;
COMMIT;

-- UPDATING EMPLOYEE SALARY 44 --
BEGIN;
UPDATE employees SET salary = salary + 6317 WHERE employee_id = 44;
COMMIT;

-- UPDATING EMPLOYEE SALARY 173 --
BEGIN;
UPDATE employees SET salary = salary + 8243 WHERE employee_id = 173;
COMMIT;

-- UPDATING EMPLOYEE SALARY 142 --
BEGIN;
UPDATE employees SET salary = salary + 304 WHERE employee_id = 142;
COMMIT;

-- UPDATING EMPLOYEE SALARY 33 --
BEGIN;
UPDATE employees SET salary = salary + 797 WHERE employee_id = 33;
COMMIT;

-- UPDATING EMPLOYEE SALARY 164 --
BEGIN;
UPDATE employees SET salary = salary + 6059 WHERE employee_id = 164;
COMMIT;

-- UPDATING EMPLOYEE SALARY 9 --
BEGIN;
UPDATE employees SET salary = salary + 7060 WHERE employee_id = 9;
COMMIT;

-- UPDATING EMPLOYEE SALARY 110 --
BEGIN;
UPDATE employees SET salary = salary + 9744 WHERE employee_id = 110;
COMMIT;

-- UPDATING EMPLOYEE SALARY 137 --
BEGIN;
UPDATE employees SET salary = salary + 1298 WHERE employee_id = 137;
COMMIT;

-- UPDATING EMPLOYEE SALARY 74 --
BEGIN;
UPDATE employees SET salary = salary + 4627 WHERE employee_id = 74;
COMMIT;

-- UPDATING EMPLOYEE SALARY 144 --
BEGIN;
UPDATE employees SET salary = salary + 5223 WHERE employee_id = 144;
COMMIT;

-- UPDATING EMPLOYEE SALARY 1 --
BEGIN;
UPDATE employees SET salary = salary + 849 WHERE employee_id = 1;
COMMIT;

-- UPDATING EMPLOYEE SALARY 6 --
BEGIN;
UPDATE employees SET salary = salary + 3601 WHERE employee_id = 6;
COMMIT;

-- UPDATING EMPLOYEE SALARY 147 --
BEGIN;
UPDATE employees SET salary = salary + 6067 WHERE employee_id = 147;
COMMIT;

-- UPDATING EMPLOYEE SALARY 150 --
BEGIN;
UPDATE employees SET salary = salary + 7445 WHERE employee_id = 150;
COMMIT;

-- UPDATING EMPLOYEE SALARY 165 --
BEGIN;
UPDATE employees SET salary = salary + 2922 WHERE employee_id = 165;
COMMIT;

-- UPDATING EMPLOYEE SALARY 90 --
BEGIN;
UPDATE employees SET salary = salary + 757 WHERE employee_id = 90;
COMMIT;

-- UPDATING EMPLOYEE SALARY 163 --
BEGIN;
UPDATE employees SET salary = salary + 2272 WHERE employee_id = 163;
COMMIT;

-- UPDATING EMPLOYEE SALARY 104 --
BEGIN;
UPDATE employees SET salary = salary + 9119 WHERE employee_id = 104;
COMMIT;

-- UPDATING EMPLOYEE SALARY 128 --
BEGIN;
UPDATE employees SET salary = salary + 2669 WHERE employee_id = 128;
COMMIT;

-- UPDATING EMPLOYEE SALARY 46 --
BEGIN;
UPDATE employees SET salary = salary + 3445 WHERE employee_id = 46;
COMMIT;

-- UPDATING EMPLOYEE SALARY 147 --
BEGIN;
UPDATE employees SET salary = salary + 4853 WHERE employee_id = 147;
COMMIT;

-- UPDATING EMPLOYEE SALARY 135 --
BEGIN;
UPDATE employees SET salary = salary + 441 WHERE employee_id = 135;
COMMIT;

-- UPDATING EMPLOYEE SALARY 114 --
BEGIN;
UPDATE employees SET salary = salary + 3394 WHERE employee_id = 114;
COMMIT;

-- INSERTING EMPLOYEE 179 --
BEGIN;
INSERT INTO employees (employee_id, first_name, last_name, email, phone_number, hire_date, job_id, salary,manager_id,department_id) VALUES (179, 'Fiona', 'Apple', 'fiona.apple@gmail.com', '555-2345', '2012-01-06', 55, 120000.00, 144, 364);
INSERT INTO dependents (dependent_id, first_name, last_name, relationship, employee_id) VALUES (518, 'Barbara', 'McClintock', 'child', 179);
INSERT INTO dependents (dependent_id, first_name, last_name, relationship, employee_id) VALUES (519, 'Grace', 'Kelly', 'spouse', 179);
INSERT INTO dependents (dependent_id, first_name, last_name, relationship, employee_id) VALUES (520, 'Alex', 'Rodriguez', 'spouse', 179);
COMMIT;

-- INSERTING DEPENDENT 153 --
BEGIN;
INSERT INTO dependents (dependent_id, first_name, last_name, relationship, employee_id) VALUES (521, 'Meryl', 'Streep', 'spouse', 153);
END;

-- UPDATING EMPLOYEE SALARY 77 --
BEGIN;
UPDATE employees SET salary = salary + 4901 WHERE employee_id = 77;
COMMIT;

-- UPDATING EMPLOYEE SALARY 61 --
BEGIN;
UPDATE employees SET salary = salary + 7771 WHERE employee_id = 61;
COMMIT;

-- UPDATING EMPLOYEE SALARY 37 --
BEGIN;
UPDATE employees SET salary = salary + 1829 WHERE employee_id = 37;
COMMIT;

-- UPDATING EMPLOYEE SALARY 112 --
BEGIN;
UPDATE employees SET salary = salary + 5440 WHERE employee_id = 112;
COMMIT;

-- UPDATING EMPLOYEE SALARY 157 --
BEGIN;
UPDATE employees SET salary = salary + 9318 WHERE employee_id = 157;
COMMIT;

-- UPDATING EMPLOYEE SALARY 177 --
BEGIN;
UPDATE employees SET salary = salary + 6248 WHERE employee_id = 177;
COMMIT;

-- UPDATING EMPLOYEE SALARY 35 --
BEGIN;
UPDATE employees SET salary = salary + 1382 WHERE employee_id = 35;
COMMIT;

-- UPDATING EMPLOYEE SALARY 127 --
BEGIN;
UPDATE employees SET salary = salary + 2878 WHERE employee_id = 127;
COMMIT;

-- UPDATING EMPLOYEE SALARY 135 --
BEGIN;
UPDATE employees SET salary = salary + 9037 WHERE employee_id = 135;
COMMIT;

-- UPDATING EMPLOYEE SALARY 120 --
BEGIN;
UPDATE employees SET salary = salary + 6136 WHERE employee_id = 120;
COMMIT;

-- UPDATING EMPLOYEE SALARY 137 --
BEGIN;
UPDATE employees SET salary = salary + 5177 WHERE employee_id = 137;
COMMIT;

-- UPDATING EMPLOYEE SALARY 35 --
BEGIN;
UPDATE employees SET salary = salary + 9651 WHERE employee_id = 35;
COMMIT;

-- UPDATING EMPLOYEE SALARY 177 --
BEGIN;
UPDATE employees SET salary = salary + 4031 WHERE employee_id = 177;
COMMIT;

-- UPDATING EMPLOYEE SALARY 144 --
BEGIN;
UPDATE employees SET salary = salary + 4846 WHERE employee_id = 144;
COMMIT;

-- UPDATING EMPLOYEE SALARY 160 --
BEGIN;
UPDATE employees SET salary = salary + 1612 WHERE employee_id = 160;
COMMIT;

-- UPDATING EMPLOYEE SALARY 119 --
BEGIN;
UPDATE employees SET salary = salary + 7276 WHERE employee_id = 119;
COMMIT;

-- UPDATING EMPLOYEE SALARY 164 --
BEGIN;
UPDATE employees SET salary = salary + 7435 WHERE employee_id = 164;
COMMIT;

-- UPDATING EMPLOYEE SALARY 133 --
BEGIN;
UPDATE employees SET salary = salary + 8639 WHERE employee_id = 133;
COMMIT;

-- UPDATING EMPLOYEE SALARY 33 --
BEGIN;
UPDATE employees SET salary = salary + 717 WHERE employee_id = 33;
COMMIT;

-- UPDATING EMPLOYEE SALARY 110 --
BEGIN;
UPDATE employees SET salary = salary + 9930 WHERE employee_id = 110;
COMMIT;

-- UPDATING EMPLOYEE SALARY 17 --
BEGIN;
UPDATE employees SET salary = salary + 6145 WHERE employee_id = 17;
COMMIT;

-- UPDATING EMPLOYEE SALARY 160 --
BEGIN;
UPDATE employees SET salary = salary + 3371 WHERE employee_id = 160;
COMMIT;

-- UPDATING EMPLOYEE SALARY 162 --
BEGIN;
UPDATE employees SET salary = salary + 1638 WHERE employee_id = 162;
COMMIT;

-- UPDATING EMPLOYEE SALARY 116 --
BEGIN;
UPDATE employees SET salary = salary + 4091 WHERE employee_id = 116;
COMMIT;

-- UPDATING EMPLOYEE SALARY 65 --
BEGIN;
UPDATE employees SET salary = salary + 1985 WHERE employee_id = 65;
COMMIT;

-- UPDATING EMPLOYEE SALARY 105 --
BEGIN;
UPDATE employees SET salary = salary + 6315 WHERE employee_id = 105;
COMMIT;

-- UPDATING EMPLOYEE SALARY 153 --
BEGIN;
UPDATE employees SET salary = salary + 2077 WHERE employee_id = 153;
COMMIT;

-- UPDATING EMPLOYEE SALARY 173 --
BEGIN;
UPDATE employees SET salary = salary + 9486 WHERE employee_id = 173;
COMMIT;

-- UPDATING EMPLOYEE SALARY 94 --
BEGIN;
UPDATE employees SET salary = salary + 3412 WHERE employee_id = 94;
COMMIT;

-- UPDATING EMPLOYEE SALARY 60 --
BEGIN;
UPDATE employees SET salary = salary + 6672 WHERE employee_id = 60;
COMMIT;

-- UPDATING EMPLOYEE SALARY 164 --
BEGIN;
UPDATE employees SET salary = salary + 196 WHERE employee_id = 164;
COMMIT;

-- UPDATING EMPLOYEE SALARY 64 --
BEGIN;
UPDATE employees SET salary = salary + 443 WHERE employee_id = 64;
COMMIT;

-- UPDATING EMPLOYEE SALARY 140 --
BEGIN;
UPDATE employees SET salary = salary + 5133 WHERE employee_id = 140;
COMMIT;

-- UPDATING EMPLOYEE SALARY 159 --
BEGIN;
UPDATE employees SET salary = salary + 3223 WHERE employee_id = 159;
COMMIT;

-- UPDATING EMPLOYEE SALARY 71 --
BEGIN;
UPDATE employees SET salary = salary + 9910 WHERE employee_id = 71;
COMMIT;

-- UPDATING EMPLOYEE SALARY 171 --
BEGIN;
UPDATE employees SET salary = salary + 27 WHERE employee_id = 171;
COMMIT;

-- UPDATING EMPLOYEE SALARY 139 --
BEGIN;
UPDATE employees SET salary = salary + 4211 WHERE employee_id = 139;
COMMIT;

-- UPDATING EMPLOYEE SALARY 80 --
BEGIN;
UPDATE employees SET salary = salary + 1329 WHERE employee_id = 80;
COMMIT;

-- UPDATING EMPLOYEE SALARY 178 --
BEGIN;
UPDATE employees SET salary = salary + 1511 WHERE employee_id = 178;
COMMIT;

-- UPDATING EMPLOYEE SALARY 175 --
BEGIN;
UPDATE employees SET salary = salary + 1363 WHERE employee_id = 175;
COMMIT;

-- UPDATING EMPLOYEE SALARY 62 --
BEGIN;
UPDATE employees SET salary = salary + 8038 WHERE employee_id = 62;
COMMIT;

-- UPDATING EMPLOYEE SALARY 41 --
BEGIN;
UPDATE employees SET salary = salary + 353 WHERE employee_id = 41;
COMMIT;

-- UPDATING EMPLOYEE SALARY 54 --
BEGIN;
UPDATE employees SET salary = salary + 7076 WHERE employee_id = 54;
COMMIT;

-- UPDATING EMPLOYEE SALARY 131 --
BEGIN;
UPDATE employees SET salary = salary + 3585 WHERE employee_id = 131;
COMMIT;

-- UPDATING EMPLOYEE SALARY 44 --
BEGIN;
UPDATE employees SET salary = salary + 4540 WHERE employee_id = 44;
COMMIT;

-- UPDATING EMPLOYEE SALARY 157 --
BEGIN;
UPDATE employees SET salary = salary + 6635 WHERE employee_id = 157;
COMMIT;

-- UPDATING EMPLOYEE SALARY 127 --
BEGIN;
UPDATE employees SET salary = salary + 6725 WHERE employee_id = 127;
COMMIT;

-- UPDATING EMPLOYEE SALARY 34 --
BEGIN;
UPDATE employees SET salary = salary + 3187 WHERE employee_id = 34;
COMMIT;

-- UPDATING EMPLOYEE SALARY 162 --
BEGIN;
UPDATE employees SET salary = salary + 1991 WHERE employee_id = 162;
COMMIT;

-- UPDATING EMPLOYEE SALARY 74 --
BEGIN;
UPDATE employees SET salary = salary + 4255 WHERE employee_id = 74;
COMMIT;

-- UPDATING EMPLOYEE SALARY 37 --
BEGIN;
UPDATE employees SET salary = salary + 3259 WHERE employee_id = 37;
COMMIT;

-- UPDATING EMPLOYEE SALARY 163 --
BEGIN;
UPDATE employees SET salary = salary + 668 WHERE employee_id = 163;
COMMIT;

-- UPDATING EMPLOYEE SALARY 54 --
BEGIN;
UPDATE employees SET salary = salary + 4299 WHERE employee_id = 54;
COMMIT;

-- UPDATING EMPLOYEE SALARY 123 --
BEGIN;
UPDATE employees SET salary = salary + 6971 WHERE employee_id = 123;
COMMIT;

-- UPDATING EMPLOYEE SALARY 121 --
BEGIN;
UPDATE employees SET salary = salary + 2357 WHERE employee_id = 121;
COMMIT;

-- UPDATING EMPLOYEE SALARY 169 --
BEGIN;
UPDATE employees SET salary = salary + 3904 WHERE employee_id = 169;
COMMIT;

-- UPDATING EMPLOYEE SALARY 116 --
BEGIN;
UPDATE employees SET salary = salary + 1747 WHERE employee_id = 116;
COMMIT;

-- UPDATING EMPLOYEE SALARY 39 --
BEGIN;
UPDATE employees SET salary = salary + 8856 WHERE employee_id = 39;
COMMIT;

-- UPDATING EMPLOYEE SALARY 59 --
BEGIN;
UPDATE employees SET salary = salary + 2 WHERE employee_id = 59;
COMMIT;

-- UPDATING EMPLOYEE SALARY 129 --
BEGIN;
UPDATE employees SET salary = salary + 8706 WHERE employee_id = 129;
COMMIT;

-- UPDATING EMPLOYEE SALARY 176 --
BEGIN;
UPDATE employees SET salary = salary + 5071 WHERE employee_id = 176;
COMMIT;

-- UPDATING EMPLOYEE SALARY 123 --
BEGIN;
UPDATE employees SET salary = salary + 883 WHERE employee_id = 123;
COMMIT;

-- UPDATING EMPLOYEE SALARY 102 --
BEGIN;
UPDATE employees SET salary = salary + 540 WHERE employee_id = 102;
COMMIT;

-- UPDATING EMPLOYEE SALARY 177 --
BEGIN;
UPDATE employees SET salary = salary + 7470 WHERE employee_id = 177;
COMMIT;

-- UPDATING EMPLOYEE SALARY 176 --
BEGIN;
UPDATE employees SET salary = salary + 6410 WHERE employee_id = 176;
COMMIT;

-- UPDATING EMPLOYEE SALARY 150 --
BEGIN;
UPDATE employees SET salary = salary + 8459 WHERE employee_id = 150;
COMMIT;

-- UPDATING EMPLOYEE SALARY 50 --
BEGIN;
UPDATE employees SET salary = salary + 7786 WHERE employee_id = 50;
COMMIT;

-- UPDATING EMPLOYEE SALARY 167 --
BEGIN;
UPDATE employees SET salary = salary + 930 WHERE employee_id = 167;
COMMIT;

-- UPDATING EMPLOYEE SALARY 158 --
BEGIN;
UPDATE employees SET salary = salary + 3148 WHERE employee_id = 158;
COMMIT;

-- UPDATING EMPLOYEE SALARY 6 --
BEGIN;
UPDATE employees SET salary = salary + 3403 WHERE employee_id = 6;
COMMIT;

-- UPDATING EMPLOYEE SALARY 117 --
BEGIN;
UPDATE employees SET salary = salary + 9618 WHERE employee_id = 117;
COMMIT;

-- UPDATING EMPLOYEE SALARY 44 --
BEGIN;
UPDATE employees SET salary = salary + 307 WHERE employee_id = 44;
COMMIT;

-- UPDATING EMPLOYEE SALARY 88 --
BEGIN;
UPDATE employees SET salary = salary + 8535 WHERE employee_id = 88;
COMMIT;

-- UPDATING EMPLOYEE SALARY 66 --
BEGIN;
UPDATE employees SET salary = salary + 1949 WHERE employee_id = 66;
COMMIT;

-- UPDATING EMPLOYEE SALARY 138 --
BEGIN;
UPDATE employees SET salary = salary + 3103 WHERE employee_id = 138;
COMMIT;

-- UPDATING EMPLOYEE SALARY 64 --
BEGIN;
UPDATE employees SET salary = salary + 7681 WHERE employee_id = 64;
COMMIT;

-- UPDATING EMPLOYEE SALARY 96 --
BEGIN;
UPDATE employees SET salary = salary + 4194 WHERE employee_id = 96;
COMMIT;

-- UPDATING EMPLOYEE SALARY 63 --
BEGIN;
UPDATE employees SET salary = salary + 1426 WHERE employee_id = 63;
COMMIT;

-- UPDATING EMPLOYEE SALARY 170 --
BEGIN;
UPDATE employees SET salary = salary + 8776 WHERE employee_id = 170;
COMMIT;

-- UPDATING EMPLOYEE SALARY 27 --
BEGIN;
UPDATE employees SET salary = salary + 3368 WHERE employee_id = 27;
COMMIT;

-- UPDATING EMPLOYEE SALARY 159 --
BEGIN;
UPDATE employees SET salary = salary + 5054 WHERE employee_id = 159;
COMMIT;

-- UPDATING EMPLOYEE SALARY 65 --
BEGIN;
UPDATE employees SET salary = salary + 7270 WHERE employee_id = 65;
COMMIT;

-- UPDATING EMPLOYEE SALARY 143 --
BEGIN;
UPDATE employees SET salary = salary + 6171 WHERE employee_id = 143;
COMMIT;

-- UPDATING EMPLOYEE SALARY 106 --
BEGIN;
UPDATE employees SET salary = salary + 2390 WHERE employee_id = 106;
COMMIT;

-- UPDATING EMPLOYEE SALARY 123 --
BEGIN;
UPDATE employees SET salary = salary + 318 WHERE employee_id = 123;
COMMIT;

-- UPDATING EMPLOYEE SALARY 108 --
BEGIN;
UPDATE employees SET salary = salary + 1396 WHERE employee_id = 108;
COMMIT;

-- UPDATING EMPLOYEE SALARY 35 --
BEGIN;
UPDATE employees SET salary = salary + 8079 WHERE employee_id = 35;
COMMIT;

-- UPDATING EMPLOYEE SALARY 112 --
BEGIN;
UPDATE employees SET salary = salary + 3004 WHERE employee_id = 112;
COMMIT;

-- UPDATING EMPLOYEE SALARY 110 --
BEGIN;
UPDATE employees SET salary = salary + 8926 WHERE employee_id = 110;
COMMIT;

-- UPDATING EMPLOYEE SALARY 153 --
BEGIN;
UPDATE employees SET salary = salary + 8539 WHERE employee_id = 153;
COMMIT;

-- UPDATING EMPLOYEE SALARY 150 --
BEGIN;
UPDATE employees SET salary = salary + 9808 WHERE employee_id = 150;
COMMIT;

-- UPDATING EMPLOYEE SALARY 126 --
BEGIN;
UPDATE employees SET salary = salary + 4370 WHERE employee_id = 126;
COMMIT;

-- UPDATING EMPLOYEE SALARY 27 --
BEGIN;
UPDATE employees SET salary = salary + 5072 WHERE employee_id = 27;
COMMIT;

-- UPDATING EMPLOYEE SALARY 74 --
BEGIN;
UPDATE employees SET salary = salary + 9715 WHERE employee_id = 74;
COMMIT;

-- UPDATING EMPLOYEE SALARY 139 --
BEGIN;
UPDATE employees SET salary = salary + 4532 WHERE employee_id = 139;
COMMIT;

-- INSERTING EMPLOYEE 180 --
BEGIN;
INSERT INTO employees (employee_id, first_name, last_name, email, phone_number, hire_date, job_id, salary,manager_id,department_id) VALUES (180, 'Oscar', 'Isaac', 'oscar.isaac@gmail.com', '555-8902', '1998-06-11', 56, 210000.00, 45, 155);
INSERT INTO dependents (dependent_id, first_name, last_name, relationship, employee_id) VALUES (522, 'Rachel', 'Carson', 'parent', 180);
INSERT INTO dependents (dependent_id, first_name, last_name, relationship, employee_id) VALUES (523, 'Nikola', 'Tesla', 'spouse', 180);
INSERT INTO dependents (dependent_id, first_name, last_name, relationship, employee_id) VALUES (524, 'Susan', 'Sarandon', 'parent', 180);
INSERT INTO dependents (dependent_id, first_name, last_name, relationship, employee_id) VALUES (525, 'Frank', 'Sinatra', 'parent', 180);
COMMIT;

-- INSERTING DEPENDENT 81 --
BEGIN;
INSERT INTO dependents (dependent_id, first_name, last_name, relationship, employee_id) VALUES (526, 'Meryl', 'Streep', 'child', 81);
END;

-- UPDATING EMPLOYEE SALARY 165 --
BEGIN;
UPDATE employees SET salary = salary + 7799 WHERE employee_id = 165;
COMMIT;

-- UPDATING EMPLOYEE SALARY 146 --
BEGIN;
UPDATE employees SET salary = salary + 540 WHERE employee_id = 146;
COMMIT;

-- UPDATING EMPLOYEE SALARY 172 --
BEGIN;
UPDATE employees SET salary = salary + 6790 WHERE employee_id = 172;
COMMIT;

-- UPDATING EMPLOYEE SALARY 38 --
BEGIN;
UPDATE employees SET salary = salary + 1954 WHERE employee_id = 38;
COMMIT;

-- UPDATING EMPLOYEE SALARY 131 --
BEGIN;
UPDATE employees SET salary = salary + 900 WHERE employee_id = 131;
COMMIT;

-- UPDATING EMPLOYEE SALARY 135 --
BEGIN;
UPDATE employees SET salary = salary + 3045 WHERE employee_id = 135;
COMMIT;

-- UPDATING EMPLOYEE SALARY 177 --
BEGIN;
UPDATE employees SET salary = salary + 9188 WHERE employee_id = 177;
COMMIT;

-- UPDATING EMPLOYEE SALARY 50 --
BEGIN;
UPDATE employees SET salary = salary + 3658 WHERE employee_id = 50;
COMMIT;

-- UPDATING EMPLOYEE SALARY 141 --
BEGIN;
UPDATE employees SET salary = salary + 8724 WHERE employee_id = 141;
COMMIT;

-- UPDATING EMPLOYEE SALARY 91 --
BEGIN;
UPDATE employees SET salary = salary + 7320 WHERE employee_id = 91;
COMMIT;

-- UPDATING EMPLOYEE SALARY 112 --
BEGIN;
UPDATE employees SET salary = salary + 4382 WHERE employee_id = 112;
COMMIT;

-- UPDATING EMPLOYEE SALARY 146 --
BEGIN;
UPDATE employees SET salary = salary + 6882 WHERE employee_id = 146;
COMMIT;

-- UPDATING EMPLOYEE SALARY 54 --
BEGIN;
UPDATE employees SET salary = salary + 9303 WHERE employee_id = 54;
COMMIT;

-- UPDATING EMPLOYEE SALARY 93 --
BEGIN;
UPDATE employees SET salary = salary + 1536 WHERE employee_id = 93;
COMMIT;

-- UPDATING EMPLOYEE SALARY 74 --
BEGIN;
UPDATE employees SET salary = salary + 4287 WHERE employee_id = 74;
COMMIT;

-- UPDATING EMPLOYEE SALARY 150 --
BEGIN;
UPDATE employees SET salary = salary + 1595 WHERE employee_id = 150;
COMMIT;

-- UPDATING EMPLOYEE SALARY 68 --
BEGIN;
UPDATE employees SET salary = salary + 3579 WHERE employee_id = 68;
COMMIT;

-- UPDATING EMPLOYEE SALARY 151 --
BEGIN;
UPDATE employees SET salary = salary + 2589 WHERE employee_id = 151;
COMMIT;

-- UPDATING EMPLOYEE SALARY 54 --
BEGIN;
UPDATE employees SET salary = salary + 9926 WHERE employee_id = 54;
COMMIT;

-- UPDATING EMPLOYEE SALARY 138 --
BEGIN;
UPDATE employees SET salary = salary + 5735 WHERE employee_id = 138;
COMMIT;

-- UPDATING EMPLOYEE SALARY 1 --
BEGIN;
UPDATE employees SET salary = salary + 4983 WHERE employee_id = 1;
COMMIT;

-- UPDATING EMPLOYEE SALARY 80 --
BEGIN;
UPDATE employees SET salary = salary + 5522 WHERE employee_id = 80;
COMMIT;

-- UPDATING EMPLOYEE SALARY 133 --
BEGIN;
UPDATE employees SET salary = salary + 308 WHERE employee_id = 133;
COMMIT;

-- UPDATING EMPLOYEE SALARY 180 --
BEGIN;
UPDATE employees SET salary = salary + 8927 WHERE employee_id = 180;
COMMIT;

-- UPDATING EMPLOYEE SALARY 86 --
BEGIN;
UPDATE employees SET salary = salary + 7 WHERE employee_id = 86;
COMMIT;

-- UPDATING EMPLOYEE SALARY 174 --
BEGIN;
UPDATE employees SET salary = salary + 5035 WHERE employee_id = 174;
COMMIT;

-- UPDATING EMPLOYEE SALARY 38 --
BEGIN;
UPDATE employees SET salary = salary + 2862 WHERE employee_id = 38;
COMMIT;

-- UPDATING EMPLOYEE SALARY 127 --
BEGIN;
UPDATE employees SET salary = salary + 82 WHERE employee_id = 127;
COMMIT;

-- UPDATING EMPLOYEE SALARY 141 --
BEGIN;
UPDATE employees SET salary = salary + 184 WHERE employee_id = 141;
COMMIT;

-- UPDATING EMPLOYEE SALARY 141 --
BEGIN;
UPDATE employees SET salary = salary + 2123 WHERE employee_id = 141;
COMMIT;

-- UPDATING EMPLOYEE SALARY 34 --
BEGIN;
UPDATE employees SET salary = salary + 6708 WHERE employee_id = 34;
COMMIT;

-- UPDATING EMPLOYEE SALARY 148 --
BEGIN;
UPDATE employees SET salary = salary + 4395 WHERE employee_id = 148;
COMMIT;

-- UPDATING EMPLOYEE SALARY 155 --
BEGIN;
UPDATE employees SET salary = salary + 2615 WHERE employee_id = 155;
COMMIT;

-- UPDATING EMPLOYEE SALARY 151 --
BEGIN;
UPDATE employees SET salary = salary + 1842 WHERE employee_id = 151;
COMMIT;

-- UPDATING EMPLOYEE SALARY 53 --
BEGIN;
UPDATE employees SET salary = salary + 5841 WHERE employee_id = 53;
COMMIT;

-- UPDATING EMPLOYEE SALARY 46 --
BEGIN;
UPDATE employees SET salary = salary + 4025 WHERE employee_id = 46;
COMMIT;

-- UPDATING EMPLOYEE SALARY 137 --
BEGIN;
UPDATE employees SET salary = salary + 9774 WHERE employee_id = 137;
COMMIT;

-- UPDATING EMPLOYEE SALARY 128 --
BEGIN;
UPDATE employees SET salary = salary + 6294 WHERE employee_id = 128;
COMMIT;

-- UPDATING EMPLOYEE SALARY 50 --
BEGIN;
UPDATE employees SET salary = salary + 7191 WHERE employee_id = 50;
COMMIT;

-- UPDATING EMPLOYEE SALARY 106 --
BEGIN;
UPDATE employees SET salary = salary + 4304 WHERE employee_id = 106;
COMMIT;

-- UPDATING EMPLOYEE SALARY 150 --
BEGIN;
UPDATE employees SET salary = salary + 4517 WHERE employee_id = 150;
COMMIT;

-- UPDATING EMPLOYEE SALARY 94 --
BEGIN;
UPDATE employees SET salary = salary + 2559 WHERE employee_id = 94;
COMMIT;

-- UPDATING EMPLOYEE SALARY 179 --
BEGIN;
UPDATE employees SET salary = salary + 8098 WHERE employee_id = 179;
COMMIT;

-- UPDATING EMPLOYEE SALARY 80 --
BEGIN;
UPDATE employees SET salary = salary + 1955 WHERE employee_id = 80;
COMMIT;

-- UPDATING EMPLOYEE SALARY 163 --
BEGIN;
UPDATE employees SET salary = salary + 5279 WHERE employee_id = 163;
COMMIT;

-- UPDATING EMPLOYEE SALARY 148 --
BEGIN;
UPDATE employees SET salary = salary + 2719 WHERE employee_id = 148;
COMMIT;

-- UPDATING EMPLOYEE SALARY 86 --
BEGIN;
UPDATE employees SET salary = salary + 5316 WHERE employee_id = 86;
COMMIT;

-- UPDATING EMPLOYEE SALARY 100 --
BEGIN;
UPDATE employees SET salary = salary + 3691 WHERE employee_id = 100;
COMMIT;

-- UPDATING EMPLOYEE SALARY 61 --
BEGIN;
UPDATE employees SET salary = salary + 7159 WHERE employee_id = 61;
COMMIT;

-- UPDATING EMPLOYEE SALARY 151 --
BEGIN;
UPDATE employees SET salary = salary + 2903 WHERE employee_id = 151;
COMMIT;

-- UPDATING EMPLOYEE SALARY 6 --
BEGIN;
UPDATE employees SET salary = salary + 825 WHERE employee_id = 6;
COMMIT;

-- UPDATING EMPLOYEE SALARY 66 --
BEGIN;
UPDATE employees SET salary = salary + 7850 WHERE employee_id = 66;
COMMIT;

-- UPDATING EMPLOYEE SALARY 138 --
BEGIN;
UPDATE employees SET salary = salary + 6221 WHERE employee_id = 138;
COMMIT;

-- UPDATING EMPLOYEE SALARY 129 --
BEGIN;
UPDATE employees SET salary = salary + 8436 WHERE employee_id = 129;
COMMIT;

-- UPDATING EMPLOYEE SALARY 143 --
BEGIN;
UPDATE employees SET salary = salary + 2935 WHERE employee_id = 143;
COMMIT;

-- UPDATING EMPLOYEE SALARY 96 --
BEGIN;
UPDATE employees SET salary = salary + 9697 WHERE employee_id = 96;
COMMIT;

-- UPDATING EMPLOYEE SALARY 157 --
BEGIN;
UPDATE employees SET salary = salary + 474 WHERE employee_id = 157;
COMMIT;

-- UPDATING EMPLOYEE SALARY 157 --
BEGIN;
UPDATE employees SET salary = salary + 5156 WHERE employee_id = 157;
COMMIT;

-- UPDATING EMPLOYEE SALARY 124 --
BEGIN;
UPDATE employees SET salary = salary + 9045 WHERE employee_id = 124;
COMMIT;

-- UPDATING EMPLOYEE SALARY 121 --
BEGIN;
UPDATE employees SET salary = salary + 1634 WHERE employee_id = 121;
COMMIT;

-- UPDATING EMPLOYEE SALARY 131 --
BEGIN;
UPDATE employees SET salary = salary + 4241 WHERE employee_id = 131;
COMMIT;

-- UPDATING EMPLOYEE SALARY 158 --
BEGIN;
UPDATE employees SET salary = salary + 8958 WHERE employee_id = 158;
COMMIT;

-- UPDATING EMPLOYEE SALARY 112 --
BEGIN;
UPDATE employees SET salary = salary + 621 WHERE employee_id = 112;
COMMIT;

-- UPDATING EMPLOYEE SALARY 174 --
BEGIN;
UPDATE employees SET salary = salary + 6296 WHERE employee_id = 174;
COMMIT;

-- UPDATING EMPLOYEE SALARY 139 --
BEGIN;
UPDATE employees SET salary = salary + 6801 WHERE employee_id = 139;
COMMIT;

-- UPDATING EMPLOYEE SALARY 25 --
BEGIN;
UPDATE employees SET salary = salary + 7976 WHERE employee_id = 25;
COMMIT;

-- UPDATING EMPLOYEE SALARY 162 --
BEGIN;
UPDATE employees SET salary = salary + 5931 WHERE employee_id = 162;
COMMIT;

-- UPDATING EMPLOYEE SALARY 66 --
BEGIN;
UPDATE employees SET salary = salary + 7213 WHERE employee_id = 66;
COMMIT;

-- UPDATING EMPLOYEE SALARY 126 --
BEGIN;
UPDATE employees SET salary = salary + 8180 WHERE employee_id = 126;
COMMIT;

-- UPDATING EMPLOYEE SALARY 173 --
BEGIN;
UPDATE employees SET salary = salary + 2320 WHERE employee_id = 173;
COMMIT;

-- UPDATING EMPLOYEE SALARY 162 --
BEGIN;
UPDATE employees SET salary = salary + 5446 WHERE employee_id = 162;
COMMIT;

-- UPDATING EMPLOYEE SALARY 136 --
BEGIN;
UPDATE employees SET salary = salary + 5183 WHERE employee_id = 136;
COMMIT;

-- UPDATING EMPLOYEE SALARY 74 --
BEGIN;
UPDATE employees SET salary = salary + 3541 WHERE employee_id = 74;
COMMIT;

-- UPDATING EMPLOYEE SALARY 62 --
BEGIN;
UPDATE employees SET salary = salary + 544 WHERE employee_id = 62;
COMMIT;

-- UPDATING EMPLOYEE SALARY 73 --
BEGIN;
UPDATE employees SET salary = salary + 4251 WHERE employee_id = 73;
COMMIT;

-- UPDATING EMPLOYEE SALARY 85 --
BEGIN;
UPDATE employees SET salary = salary + 975 WHERE employee_id = 85;
COMMIT;

-- UPDATING EMPLOYEE SALARY 25 --
BEGIN;
UPDATE employees SET salary = salary + 6356 WHERE employee_id = 25;
COMMIT;

-- UPDATING EMPLOYEE SALARY 33 --
BEGIN;
UPDATE employees SET salary = salary + 6965 WHERE employee_id = 33;
COMMIT;

-- UPDATING EMPLOYEE SALARY 160 --
BEGIN;
UPDATE employees SET salary = salary + 8847 WHERE employee_id = 160;
COMMIT;

-- UPDATING EMPLOYEE SALARY 121 --
BEGIN;
UPDATE employees SET salary = salary + 674 WHERE employee_id = 121;
COMMIT;

-- UPDATING EMPLOYEE SALARY 64 --
BEGIN;
UPDATE employees SET salary = salary + 6505 WHERE employee_id = 64;
COMMIT;

-- UPDATING EMPLOYEE SALARY 36 --
BEGIN;
UPDATE employees SET salary = salary + 8168 WHERE employee_id = 36;
COMMIT;

-- UPDATING EMPLOYEE SALARY 139 --
BEGIN;
UPDATE employees SET salary = salary + 5748 WHERE employee_id = 139;
COMMIT;

-- UPDATING EMPLOYEE SALARY 156 --
BEGIN;
UPDATE employees SET salary = salary + 907 WHERE employee_id = 156;
COMMIT;

-- UPDATING EMPLOYEE SALARY 178 --
BEGIN;
UPDATE employees SET salary = salary + 1806 WHERE employee_id = 178;
COMMIT;

-- UPDATING EMPLOYEE SALARY 158 --
BEGIN;
UPDATE employees SET salary = salary + 8425 WHERE employee_id = 158;
COMMIT;

-- UPDATING EMPLOYEE SALARY 131 --
BEGIN;
UPDATE employees SET salary = salary + 3873 WHERE employee_id = 131;
COMMIT;

-- UPDATING EMPLOYEE SALARY 90 --
BEGIN;
UPDATE employees SET salary = salary + 4059 WHERE employee_id = 90;
COMMIT;

-- UPDATING EMPLOYEE SALARY 86 --
BEGIN;
UPDATE employees SET salary = salary + 8048 WHERE employee_id = 86;
COMMIT;

-- UPDATING EMPLOYEE SALARY 49 --
BEGIN;
UPDATE employees SET salary = salary + 1407 WHERE employee_id = 49;
COMMIT;

-- UPDATING EMPLOYEE SALARY 41 --
BEGIN;
UPDATE employees SET salary = salary + 1055 WHERE employee_id = 41;
COMMIT;

-- UPDATING EMPLOYEE SALARY 121 --
BEGIN;
UPDATE employees SET salary = salary + 5461 WHERE employee_id = 121;
COMMIT;

-- UPDATING EMPLOYEE SALARY 99 --
BEGIN;
UPDATE employees SET salary = salary + 4020 WHERE employee_id = 99;
COMMIT;

-- UPDATING EMPLOYEE SALARY 14 --
BEGIN;
UPDATE employees SET salary = salary + 1119 WHERE employee_id = 14;
COMMIT;

-- UPDATING EMPLOYEE SALARY 114 --
BEGIN;
UPDATE employees SET salary = salary + 2968 WHERE employee_id = 114;
COMMIT;

-- UPDATING EMPLOYEE SALARY 35 --
BEGIN;
UPDATE employees SET salary = salary + 2991 WHERE employee_id = 35;
COMMIT;

-- UPDATING EMPLOYEE SALARY 143 --
BEGIN;
UPDATE employees SET salary = salary + 7595 WHERE employee_id = 143;
COMMIT;

-- UPDATING EMPLOYEE SALARY 129 --
BEGIN;
UPDATE employees SET salary = salary + 8755 WHERE employee_id = 129;
COMMIT;

-- UPDATING EMPLOYEE SALARY 129 --
BEGIN;
UPDATE employees SET salary = salary + 3066 WHERE employee_id = 129;
COMMIT;

-- UPDATING EMPLOYEE SALARY 167 --
BEGIN;
UPDATE employees SET salary = salary + 6870 WHERE employee_id = 167;
COMMIT;

-- UPDATING EMPLOYEE SALARY 127 --
BEGIN;
UPDATE employees SET salary = salary + 610 WHERE employee_id = 127;
COMMIT;

-- UPDATING EMPLOYEE SALARY 156 --
BEGIN;
UPDATE employees SET salary = salary + 5881 WHERE employee_id = 156;
COMMIT;

-- UPDATING EMPLOYEE SALARY 160 --
BEGIN;
UPDATE employees SET salary = salary + 6581 WHERE employee_id = 160;
COMMIT;

-- UPDATING EMPLOYEE SALARY 104 --
BEGIN;
UPDATE employees SET salary = salary + 1829 WHERE employee_id = 104;
COMMIT;

-- UPDATING EMPLOYEE SALARY 41 --
BEGIN;
UPDATE employees SET salary = salary + 628 WHERE employee_id = 41;
COMMIT;

-- UPDATING EMPLOYEE SALARY 96 --
BEGIN;
UPDATE employees SET salary = salary + 8207 WHERE employee_id = 96;
COMMIT;

-- UPDATING EMPLOYEE SALARY 166 --
BEGIN;
UPDATE employees SET salary = salary + 5070 WHERE employee_id = 166;
COMMIT;

-- UPDATING EMPLOYEE SALARY 80 --
BEGIN;
UPDATE employees SET salary = salary + 3642 WHERE employee_id = 80;
COMMIT;

-- UPDATING EMPLOYEE SALARY 160 --
BEGIN;
UPDATE employees SET salary = salary + 5567 WHERE employee_id = 160;
COMMIT;

-- UPDATING EMPLOYEE SALARY 76 --
BEGIN;
UPDATE employees SET salary = salary + 7440 WHERE employee_id = 76;
COMMIT;

-- UPDATING EMPLOYEE SALARY 80 --
BEGIN;
UPDATE employees SET salary = salary + 2191 WHERE employee_id = 80;
COMMIT;

-- UPDATING EMPLOYEE SALARY 100 --
BEGIN;
UPDATE employees SET salary = salary + 731 WHERE employee_id = 100;
COMMIT;

-- UPDATING EMPLOYEE SALARY 54 --
BEGIN;
UPDATE employees SET salary = salary + 189 WHERE employee_id = 54;
COMMIT;

-- UPDATING EMPLOYEE SALARY 25 --
BEGIN;
UPDATE employees SET salary = salary + 6573 WHERE employee_id = 25;
COMMIT;

-- UPDATING EMPLOYEE SALARY 11 --
BEGIN;
UPDATE employees SET salary = salary + 7882 WHERE employee_id = 11;
COMMIT;

-- UPDATING EMPLOYEE SALARY 97 --
BEGIN;
UPDATE employees SET salary = salary + 6469 WHERE employee_id = 97;
COMMIT;

-- UPDATING EMPLOYEE SALARY 117 --
BEGIN;
UPDATE employees SET salary = salary + 2630 WHERE employee_id = 117;
COMMIT;

-- UPDATING EMPLOYEE SALARY 96 --
BEGIN;
UPDATE employees SET salary = salary + 6937 WHERE employee_id = 96;
COMMIT;

-- UPDATING EMPLOYEE SALARY 160 --
BEGIN;
UPDATE employees SET salary = salary + 7974 WHERE employee_id = 160;
COMMIT;

-- UPDATING EMPLOYEE SALARY 118 --
BEGIN;
UPDATE employees SET salary = salary + 2451 WHERE employee_id = 118;
COMMIT;

-- UPDATING EMPLOYEE SALARY 35 --
BEGIN;
UPDATE employees SET salary = salary + 8478 WHERE employee_id = 35;
COMMIT;

-- UPDATING EMPLOYEE SALARY 81 --
BEGIN;
UPDATE employees SET salary = salary + 289 WHERE employee_id = 81;
COMMIT;

-- UPDATING EMPLOYEE SALARY 174 --
BEGIN;
UPDATE employees SET salary = salary + 9280 WHERE employee_id = 174;
COMMIT;

-- UPDATING EMPLOYEE SALARY 140 --
BEGIN;
UPDATE employees SET salary = salary + 8623 WHERE employee_id = 140;
COMMIT;

-- UPDATING EMPLOYEE SALARY 138 --
BEGIN;
UPDATE employees SET salary = salary + 6445 WHERE employee_id = 138;
COMMIT;

-- UPDATING EMPLOYEE SALARY 176 --
BEGIN;
UPDATE employees SET salary = salary + 5109 WHERE employee_id = 176;
COMMIT;

-- UPDATING EMPLOYEE SALARY 92 --
BEGIN;
UPDATE employees SET salary = salary + 6436 WHERE employee_id = 92;
COMMIT;

-- INSERTING EMPLOYEE 181 --
BEGIN;
INSERT INTO employees (employee_id, first_name, last_name, email, phone_number, hire_date, job_id, salary,manager_id,department_id) VALUES (181, 'Tom', 'Hardy', 'tom.hardy@gmail.com', '555-5670', '2020-08-05', 65, 580000.00, 110, 567);
INSERT INTO dependents (dependent_id, first_name, last_name, relationship, employee_id) VALUES (527, 'Nikola', 'Tesla', 'parent', 181);
COMMIT;

-- INSERTING EMPLOYEE 182 --
BEGIN;
INSERT INTO employees (employee_id, first_name, last_name, email, phone_number, hire_date, job_id, salary,manager_id,department_id) VALUES (182, 'Charlie', 'Davis', 'charlie.davis@gmail.com', '555-6789', '1997-12-04', 62, 90000.00, 157, 291);
INSERT INTO dependents (dependent_id, first_name, last_name, relationship, employee_id) VALUES (528, 'Betty', 'White', 'spouse', 182);
INSERT INTO dependents (dependent_id, first_name, last_name, relationship, employee_id) VALUES (529, 'Frank', 'Sinatra', 'child', 182);
INSERT INTO dependents (dependent_id, first_name, last_name, relationship, employee_id) VALUES (530, 'Carl', 'Sagan', 'parent', 182);
COMMIT;

-- INSERTING EMPLOYEE 183 --
BEGIN;
INSERT INTO employees (employee_id, first_name, last_name, email, phone_number, hire_date, job_id, salary,manager_id,department_id) VALUES (183, 'Rihanna', 'Black', 'rihanna.black@gmail.com', '555-1235', '2013-01-22', 48, 240000.00, 44, 95);
INSERT INTO dependents (dependent_id, first_name, last_name, relationship, employee_id) VALUES (531, 'Stephen', 'Hawking', 'parent', 183);
INSERT INTO dependents (dependent_id, first_name, last_name, relationship, employee_id) VALUES (532, 'Grace', 'Kelly', 'child', 183);
COMMIT;

-- INSERTING EMPLOYEE 184 --
BEGIN;
INSERT INTO employees (employee_id, first_name, last_name, email, phone_number, hire_date, job_id, salary,manager_id,department_id) VALUES (184, 'Tom', 'Hardy', 'tom.hardy@gmail.com', '555-5670', '2006-02-28', 42, 580000.00, 140, 126);
INSERT INTO dependents (dependent_id, first_name, last_name, relationship, employee_id) VALUES (533, 'David', 'Attenborough', 'spouse', 184);
COMMIT;

-- INSERTING EMPLOYEE 185 --
BEGIN;
INSERT INTO employees (employee_id, first_name, last_name, email, phone_number, hire_date, job_id, salary,manager_id,department_id) VALUES (185, 'Hugh', 'Jackman', 'hugh.jackman@gmail.com', '555-3458', '2011-09-20', 9, 460000.00, 154, 488);
INSERT INTO dependents (dependent_id, first_name, last_name, relationship, employee_id) VALUES (534, 'Kate', 'Winslet', 'child', 185);
INSERT INTO dependents (dependent_id, first_name, last_name, relationship, employee_id) VALUES (535, 'Susan', 'Sarandon', 'spouse', 185);
INSERT INTO dependents (dependent_id, first_name, last_name, relationship, employee_id) VALUES (536, 'Betty', 'White', 'spouse', 185);
COMMIT;

-- DELETING EMPLOYEE 159 --
BEGIN;
UPDATE employees SET manager_id = 120 WHERE employee_id = 163;
DELETE FROM dependents WHERE employee_id = 159;
DELETE FROM employees WHERE employee_id = 159;
COMMIT;

-- INSERTING DEPENDENT 59 --
BEGIN;
INSERT INTO dependents (dependent_id, first_name, last_name, relationship, employee_id) VALUES (537, 'Kate', 'Winslet', 'child', 59);
END;

-- INSERTING DEPENDENT 14 --
BEGIN;
INSERT INTO dependents (dependent_id, first_name, last_name, relationship, employee_id) VALUES (538, 'Albert', 'Einstein', 'spouse', 14);
END;

-- INSERTING DEPENDENT 86 --
BEGIN;
INSERT INTO dependents (dependent_id, first_name, last_name, relationship, employee_id) VALUES (539, 'Tom', 'Cruise', 'spouse', 86);
END;

-- INSERTING DEPENDENT 34 --
BEGIN;
INSERT INTO dependents (dependent_id, first_name, last_name, relationship, employee_id) VALUES (540, 'Ada', 'Lovelace', 'child', 34);
END;

-- INSERTING DEPENDENT 88 --
BEGIN;
INSERT INTO dependents (dependent_id, first_name, last_name, relationship, employee_id) VALUES (541, 'Louis', 'Pasteur', 'child', 88);
END;

-- DELETING DEPENDENT 464 --
BEGIN;
DELETE FROM dependents WHERE dependent_id = 464;
COMMIT;

-- UPDATING EMPLOYEE SALARY 71 --
BEGIN;
UPDATE employees SET salary = salary + 6196 WHERE employee_id = 71;
COMMIT;

-- UPDATING EMPLOYEE SALARY 151 --
BEGIN;
UPDATE employees SET salary = salary + 9066 WHERE employee_id = 151;
COMMIT;

-- UPDATING EMPLOYEE SALARY 166 --
BEGIN;
UPDATE employees SET salary = salary + 42 WHERE employee_id = 166;
COMMIT;

-- UPDATING EMPLOYEE SALARY 91 --
BEGIN;
UPDATE employees SET salary = salary + 1005 WHERE employee_id = 91;
COMMIT;

-- UPDATING EMPLOYEE SALARY 155 --
BEGIN;
UPDATE employees SET salary = salary + 391 WHERE employee_id = 155;
COMMIT;

-- UPDATING EMPLOYEE SALARY 54 --
BEGIN;
UPDATE employees SET salary = salary + 8754 WHERE employee_id = 54;
COMMIT;

-- UPDATING EMPLOYEE SALARY 129 --
BEGIN;
UPDATE employees SET salary = salary + 4140 WHERE employee_id = 129;
COMMIT;

-- UPDATING EMPLOYEE SALARY 71 --
BEGIN;
UPDATE employees SET salary = salary + 4464 WHERE employee_id = 71;
COMMIT;

-- UPDATING EMPLOYEE SALARY 116 --
BEGIN;
UPDATE employees SET salary = salary + 4840 WHERE employee_id = 116;
COMMIT;

-- UPDATING EMPLOYEE SALARY 151 --
BEGIN;
UPDATE employees SET salary = salary + 6337 WHERE employee_id = 151;
COMMIT;

-- UPDATING EMPLOYEE SALARY 80 --
BEGIN;
UPDATE employees SET salary = salary + 3495 WHERE employee_id = 80;
COMMIT;

-- UPDATING EMPLOYEE SALARY 104 --
BEGIN;
UPDATE employees SET salary = salary + 791 WHERE employee_id = 104;
COMMIT;

-- UPDATING EMPLOYEE SALARY 46 --
BEGIN;
UPDATE employees SET salary = salary + 3972 WHERE employee_id = 46;
COMMIT;

-- UPDATING EMPLOYEE SALARY 96 --
BEGIN;
UPDATE employees SET salary = salary + 7580 WHERE employee_id = 96;
COMMIT;

-- UPDATING EMPLOYEE SALARY 139 --
BEGIN;
UPDATE employees SET salary = salary + 4303 WHERE employee_id = 139;
COMMIT;

-- UPDATING EMPLOYEE SALARY 183 --
BEGIN;
UPDATE employees SET salary = salary + 2361 WHERE employee_id = 183;
COMMIT;

-- UPDATING EMPLOYEE SALARY 85 --
BEGIN;
UPDATE employees SET salary = salary + 9876 WHERE employee_id = 85;
COMMIT;

-- UPDATING EMPLOYEE SALARY 125 --
BEGIN;
UPDATE employees SET salary = salary + 8853 WHERE employee_id = 125;
COMMIT;

-- UPDATING EMPLOYEE SALARY 156 --
BEGIN;
UPDATE employees SET salary = salary + 4536 WHERE employee_id = 156;
COMMIT;

-- UPDATING EMPLOYEE SALARY 67 --
BEGIN;
UPDATE employees SET salary = salary + 9030 WHERE employee_id = 67;
COMMIT;

-- UPDATING EMPLOYEE SALARY 158 --
BEGIN;
UPDATE employees SET salary = salary + 4483 WHERE employee_id = 158;
COMMIT;

-- UPDATING EMPLOYEE SALARY 169 --
BEGIN;
UPDATE employees SET salary = salary + 6158 WHERE employee_id = 169;
COMMIT;

-- UPDATING EMPLOYEE SALARY 26 --
BEGIN;
UPDATE employees SET salary = salary + 9214 WHERE employee_id = 26;
COMMIT;

-- UPDATING EMPLOYEE SALARY 76 --
BEGIN;
UPDATE employees SET salary = salary + 2270 WHERE employee_id = 76;
COMMIT;

-- UPDATING EMPLOYEE SALARY 46 --
BEGIN;
UPDATE employees SET salary = salary + 5320 WHERE employee_id = 46;
COMMIT;

-- UPDATING EMPLOYEE SALARY 128 --
BEGIN;
UPDATE employees SET salary = salary + 3569 WHERE employee_id = 128;
COMMIT;

-- UPDATING EMPLOYEE SALARY 99 --
BEGIN;
UPDATE employees SET salary = salary + 6771 WHERE employee_id = 99;
COMMIT;

-- UPDATING EMPLOYEE SALARY 170 --
BEGIN;
UPDATE employees SET salary = salary + 531 WHERE employee_id = 170;
COMMIT;

-- UPDATING EMPLOYEE SALARY 93 --
BEGIN;
UPDATE employees SET salary = salary + 3084 WHERE employee_id = 93;
COMMIT;

-- UPDATING EMPLOYEE SALARY 108 --
BEGIN;
UPDATE employees SET salary = salary + 1578 WHERE employee_id = 108;
COMMIT;

-- UPDATING EMPLOYEE SALARY 181 --
BEGIN;
UPDATE employees SET salary = salary + 2150 WHERE employee_id = 181;
COMMIT;

-- UPDATING EMPLOYEE SALARY 80 --
BEGIN;
UPDATE employees SET salary = salary + 6649 WHERE employee_id = 80;
COMMIT;

-- UPDATING EMPLOYEE SALARY 80 --
BEGIN;
UPDATE employees SET salary = salary + 9254 WHERE employee_id = 80;
COMMIT;

-- UPDATING EMPLOYEE SALARY 162 --
BEGIN;
UPDATE employees SET salary = salary + 8718 WHERE employee_id = 162;
COMMIT;

-- UPDATING EMPLOYEE SALARY 163 --
BEGIN;
UPDATE employees SET salary = salary + 3791 WHERE employee_id = 163;
COMMIT;

-- UPDATING EMPLOYEE SALARY 67 --
BEGIN;
UPDATE employees SET salary = salary + 7876 WHERE employee_id = 67;
COMMIT;

-- UPDATING EMPLOYEE SALARY 66 --
BEGIN;
UPDATE employees SET salary = salary + 6419 WHERE employee_id = 66;
COMMIT;

-- UPDATING EMPLOYEE SALARY 87 --
BEGIN;
UPDATE employees SET salary = salary + 6407 WHERE employee_id = 87;
COMMIT;

-- UPDATING EMPLOYEE SALARY 160 --
BEGIN;
UPDATE employees SET salary = salary + 2480 WHERE employee_id = 160;
COMMIT;

-- UPDATING EMPLOYEE SALARY 183 --
BEGIN;
UPDATE employees SET salary = salary + 928 WHERE employee_id = 183;
COMMIT;

-- UPDATING EMPLOYEE SALARY 124 --
BEGIN;
UPDATE employees SET salary = salary + 1315 WHERE employee_id = 124;
COMMIT;

-- UPDATING EMPLOYEE SALARY 144 --
BEGIN;
UPDATE employees SET salary = salary + 8152 WHERE employee_id = 144;
COMMIT;

-- UPDATING EMPLOYEE SALARY 120 --
BEGIN;
UPDATE employees SET salary = salary + 4655 WHERE employee_id = 120;
COMMIT;

-- UPDATING EMPLOYEE SALARY 67 --
BEGIN;
UPDATE employees SET salary = salary + 4747 WHERE employee_id = 67;
COMMIT;

-- UPDATING EMPLOYEE SALARY 68 --
BEGIN;
UPDATE employees SET salary = salary + 8054 WHERE employee_id = 68;
COMMIT;

-- UPDATING EMPLOYEE SALARY 116 --
BEGIN;
UPDATE employees SET salary = salary + 3551 WHERE employee_id = 116;
COMMIT;

-- UPDATING EMPLOYEE SALARY 178 --
BEGIN;
UPDATE employees SET salary = salary + 2655 WHERE employee_id = 178;
COMMIT;

-- UPDATING EMPLOYEE SALARY 9 --
BEGIN;
UPDATE employees SET salary = salary + 8329 WHERE employee_id = 9;
COMMIT;

-- UPDATING EMPLOYEE SALARY 37 --
BEGIN;
UPDATE employees SET salary = salary + 2846 WHERE employee_id = 37;
COMMIT;

-- UPDATING EMPLOYEE SALARY 144 --
BEGIN;
UPDATE employees SET salary = salary + 645 WHERE employee_id = 144;
COMMIT;

-- UPDATING EMPLOYEE SALARY 172 --
BEGIN;
UPDATE employees SET salary = salary + 4707 WHERE employee_id = 172;
COMMIT;

-- UPDATING EMPLOYEE SALARY 62 --
BEGIN;
UPDATE employees SET salary = salary + 5999 WHERE employee_id = 62;
COMMIT;

-- UPDATING EMPLOYEE SALARY 88 --
BEGIN;
UPDATE employees SET salary = salary + 7673 WHERE employee_id = 88;
COMMIT;

-- UPDATING EMPLOYEE SALARY 64 --
BEGIN;
UPDATE employees SET salary = salary + 6271 WHERE employee_id = 64;
COMMIT;

-- UPDATING EMPLOYEE SALARY 107 --
BEGIN;
UPDATE employees SET salary = salary + 9113 WHERE employee_id = 107;
COMMIT;

-- UPDATING EMPLOYEE SALARY 144 --
BEGIN;
UPDATE employees SET salary = salary + 304 WHERE employee_id = 144;
COMMIT;

-- UPDATING EMPLOYEE SALARY 116 --
BEGIN;
UPDATE employees SET salary = salary + 493 WHERE employee_id = 116;
COMMIT;

-- UPDATING EMPLOYEE SALARY 73 --
BEGIN;
UPDATE employees SET salary = salary + 6688 WHERE employee_id = 73;
COMMIT;

-- UPDATING EMPLOYEE SALARY 177 --
BEGIN;
UPDATE employees SET salary = salary + 5421 WHERE employee_id = 177;
COMMIT;

-- UPDATING EMPLOYEE SALARY 182 --
BEGIN;
UPDATE employees SET salary = salary + 5784 WHERE employee_id = 182;
COMMIT;

-- UPDATING EMPLOYEE SALARY 104 --
BEGIN;
UPDATE employees SET salary = salary + 6692 WHERE employee_id = 104;
COMMIT;

-- UPDATING EMPLOYEE SALARY 179 --
BEGIN;
UPDATE employees SET salary = salary + 6149 WHERE employee_id = 179;
COMMIT;

-- UPDATING EMPLOYEE SALARY 123 --
BEGIN;
UPDATE employees SET salary = salary + 6654 WHERE employee_id = 123;
COMMIT;

-- UPDATING EMPLOYEE SALARY 46 --
BEGIN;
UPDATE employees SET salary = salary + 1728 WHERE employee_id = 46;
COMMIT;

-- UPDATING EMPLOYEE SALARY 151 --
BEGIN;
UPDATE employees SET salary = salary + 2511 WHERE employee_id = 151;
COMMIT;

-- UPDATING EMPLOYEE SALARY 182 --
BEGIN;
UPDATE employees SET salary = salary + 4287 WHERE employee_id = 182;
COMMIT;

-- UPDATING EMPLOYEE SALARY 50 --
BEGIN;
UPDATE employees SET salary = salary + 2617 WHERE employee_id = 50;
COMMIT;

-- UPDATING EMPLOYEE SALARY 107 --
BEGIN;
UPDATE employees SET salary = salary + 9463 WHERE employee_id = 107;
COMMIT;

-- UPDATING EMPLOYEE SALARY 185 --
BEGIN;
UPDATE employees SET salary = salary + 5733 WHERE employee_id = 185;
COMMIT;

-- UPDATING EMPLOYEE SALARY 154 --
BEGIN;
UPDATE employees SET salary = salary + 1776 WHERE employee_id = 154;
COMMIT;

-- UPDATING EMPLOYEE SALARY 66 --
BEGIN;
UPDATE employees SET salary = salary + 7020 WHERE employee_id = 66;
COMMIT;

-- UPDATING EMPLOYEE SALARY 119 --
BEGIN;
UPDATE employees SET salary = salary + 759 WHERE employee_id = 119;
COMMIT;

-- UPDATING EMPLOYEE SALARY 9 --
BEGIN;
UPDATE employees SET salary = salary + 9399 WHERE employee_id = 9;
COMMIT;

-- UPDATING EMPLOYEE SALARY 121 --
BEGIN;
UPDATE employees SET salary = salary + 2920 WHERE employee_id = 121;
COMMIT;

-- UPDATING EMPLOYEE SALARY 143 --
BEGIN;
UPDATE employees SET salary = salary + 449 WHERE employee_id = 143;
COMMIT;

-- UPDATING EMPLOYEE SALARY 62 --
BEGIN;
UPDATE employees SET salary = salary + 3944 WHERE employee_id = 62;
COMMIT;

-- UPDATING EMPLOYEE SALARY 62 --
BEGIN;
UPDATE employees SET salary = salary + 9109 WHERE employee_id = 62;
COMMIT;

-- UPDATING EMPLOYEE SALARY 130 --
BEGIN;
UPDATE employees SET salary = salary + 4173 WHERE employee_id = 130;
COMMIT;

-- UPDATING EMPLOYEE SALARY 168 --
BEGIN;
UPDATE employees SET salary = salary + 6312 WHERE employee_id = 168;
COMMIT;

-- UPDATING EMPLOYEE SALARY 176 --
BEGIN;
UPDATE employees SET salary = salary + 6313 WHERE employee_id = 176;
COMMIT;

-- UPDATING EMPLOYEE SALARY 148 --
BEGIN;
UPDATE employees SET salary = salary + 5960 WHERE employee_id = 148;
COMMIT;

-- UPDATING EMPLOYEE SALARY 26 --
BEGIN;
UPDATE employees SET salary = salary + 6439 WHERE employee_id = 26;
COMMIT;

-- UPDATING EMPLOYEE SALARY 121 --
BEGIN;
UPDATE employees SET salary = salary + 8015 WHERE employee_id = 121;
COMMIT;

-- UPDATING EMPLOYEE SALARY 148 --
BEGIN;
UPDATE employees SET salary = salary + 7035 WHERE employee_id = 148;
COMMIT;

-- UPDATING EMPLOYEE SALARY 92 --
BEGIN;
UPDATE employees SET salary = salary + 3412 WHERE employee_id = 92;
COMMIT;

-- UPDATING EMPLOYEE SALARY 26 --
BEGIN;
UPDATE employees SET salary = salary + 1597 WHERE employee_id = 26;
COMMIT;

-- UPDATING EMPLOYEE SALARY 78 --
BEGIN;
UPDATE employees SET salary = salary + 9638 WHERE employee_id = 78;
COMMIT;

-- UPDATING EMPLOYEE SALARY 1 --
BEGIN;
UPDATE employees SET salary = salary + 4900 WHERE employee_id = 1;
COMMIT;

-- UPDATING EMPLOYEE SALARY 146 --
BEGIN;
UPDATE employees SET salary = salary + 9321 WHERE employee_id = 146;
COMMIT;

-- UPDATING EMPLOYEE SALARY 118 --
BEGIN;
UPDATE employees SET salary = salary + 1676 WHERE employee_id = 118;
COMMIT;

-- UPDATING EMPLOYEE SALARY 36 --
BEGIN;
UPDATE employees SET salary = salary + 1328 WHERE employee_id = 36;
COMMIT;

-- UPDATING EMPLOYEE SALARY 14 --
BEGIN;
UPDATE employees SET salary = salary + 6655 WHERE employee_id = 14;
COMMIT;

-- UPDATING EMPLOYEE SALARY 127 --
BEGIN;
UPDATE employees SET salary = salary + 8603 WHERE employee_id = 127;
COMMIT;

-- UPDATING EMPLOYEE SALARY 41 --
BEGIN;
UPDATE employees SET salary = salary + 240 WHERE employee_id = 41;
COMMIT;

-- UPDATING EMPLOYEE SALARY 138 --
BEGIN;
UPDATE employees SET salary = salary + 140 WHERE employee_id = 138;
COMMIT;

-- UPDATING EMPLOYEE SALARY 34 --
BEGIN;
UPDATE employees SET salary = salary + 2772 WHERE employee_id = 34;
COMMIT;

-- UPDATING EMPLOYEE SALARY 17 --
BEGIN;
UPDATE employees SET salary = salary + 5922 WHERE employee_id = 17;
COMMIT;

-- UPDATING EMPLOYEE SALARY 146 --
BEGIN;
UPDATE employees SET salary = salary + 353 WHERE employee_id = 146;
COMMIT;

-- UPDATING EMPLOYEE SALARY 173 --
BEGIN;
UPDATE employees SET salary = salary + 3003 WHERE employee_id = 173;
COMMIT;

-- INSERTING EMPLOYEE 186 --
BEGIN;
INSERT INTO employees (employee_id, first_name, last_name, email, phone_number, hire_date, job_id, salary,manager_id,department_id) VALUES (186, 'Tina', 'Fey', 'tina.fey@gmail.com', '555-3458', '1990-11-11', 56, 260000.00, 9, 297);
INSERT INTO dependents (dependent_id, first_name, last_name, relationship, employee_id) VALUES (542, 'Carl', 'Sagan', 'child', 186);
INSERT INTO dependents (dependent_id, first_name, last_name, relationship, employee_id) VALUES (543, 'Hugh', 'Jackman', 'parent', 186);
INSERT INTO dependents (dependent_id, first_name, last_name, relationship, employee_id) VALUES (544, 'Nikola', 'Tesla', 'parent', 186);
INSERT INTO dependents (dependent_id, first_name, last_name, relationship, employee_id) VALUES (545, 'Albert', 'Einstein', 'child', 186);
COMMIT;

-- INSERTING DEPENDENT 150 --
BEGIN;
INSERT INTO dependents (dependent_id, first_name, last_name, relationship, employee_id) VALUES (546, 'Charles', 'Darwin', 'spouse', 150);
END;

-- UPDATING EMPLOYEE SALARY 102 --
BEGIN;
UPDATE employees SET salary = salary + 6075 WHERE employee_id = 102;
COMMIT;

-- UPDATING EMPLOYEE SALARY 130 --
BEGIN;
UPDATE employees SET salary = salary + 5819 WHERE employee_id = 130;
COMMIT;

-- UPDATING EMPLOYEE SALARY 141 --
BEGIN;
UPDATE employees SET salary = salary + 2080 WHERE employee_id = 141;
COMMIT;

-- UPDATING EMPLOYEE SALARY 77 --
BEGIN;
UPDATE employees SET salary = salary + 5697 WHERE employee_id = 77;
COMMIT;

-- UPDATING EMPLOYEE SALARY 74 --
BEGIN;
UPDATE employees SET salary = salary + 1861 WHERE employee_id = 74;
COMMIT;

-- UPDATING EMPLOYEE SALARY 68 --
BEGIN;
UPDATE employees SET salary = salary + 7337 WHERE employee_id = 68;
COMMIT;

-- UPDATING EMPLOYEE SALARY 129 --
BEGIN;
UPDATE employees SET salary = salary + 8238 WHERE employee_id = 129;
COMMIT;

-- UPDATING EMPLOYEE SALARY 125 --
BEGIN;
UPDATE employees SET salary = salary + 8193 WHERE employee_id = 125;
COMMIT;

-- UPDATING EMPLOYEE SALARY 172 --
BEGIN;
UPDATE employees SET salary = salary + 2546 WHERE employee_id = 172;
COMMIT;

-- UPDATING EMPLOYEE SALARY 36 --
BEGIN;
UPDATE employees SET salary = salary + 7604 WHERE employee_id = 36;
COMMIT;

-- UPDATING EMPLOYEE SALARY 134 --
BEGIN;
UPDATE employees SET salary = salary + 1515 WHERE employee_id = 134;
COMMIT;

-- UPDATING EMPLOYEE SALARY 87 --
BEGIN;
UPDATE employees SET salary = salary + 2629 WHERE employee_id = 87;
COMMIT;

-- UPDATING EMPLOYEE SALARY 136 --
BEGIN;
UPDATE employees SET salary = salary + 3488 WHERE employee_id = 136;
COMMIT;

-- UPDATING EMPLOYEE SALARY 93 --
BEGIN;
UPDATE employees SET salary = salary + 5476 WHERE employee_id = 93;
COMMIT;

-- UPDATING EMPLOYEE SALARY 76 --
BEGIN;
UPDATE employees SET salary = salary + 2232 WHERE employee_id = 76;
COMMIT;

-- UPDATING EMPLOYEE SALARY 17 --
BEGIN;
UPDATE employees SET salary = salary + 2761 WHERE employee_id = 17;
COMMIT;

-- UPDATING EMPLOYEE SALARY 162 --
BEGIN;
UPDATE employees SET salary = salary + 894 WHERE employee_id = 162;
COMMIT;

-- UPDATING EMPLOYEE SALARY 44 --
BEGIN;
UPDATE employees SET salary = salary + 8816 WHERE employee_id = 44;
COMMIT;

-- INSERTING EMPLOYEE 187 --
BEGIN;
INSERT INTO employees (employee_id, first_name, last_name, email, phone_number, hire_date, job_id, salary,manager_id,department_id) VALUES (187, 'Scarlett', 'Johansson', 'scarlett.johansson@gmail.com', '555-4569', '2012-11-10', 8, 570000.00, 26, 35);
INSERT INTO dependents (dependent_id, first_name, last_name, relationship, employee_id) VALUES (547, 'Max', 'Planck', 'parent', 187);
INSERT INTO dependents (dependent_id, first_name, last_name, relationship, employee_id) VALUES (548, 'Betty', 'White', 'parent', 187);
INSERT INTO dependents (dependent_id, first_name, last_name, relationship, employee_id) VALUES (549, 'Robert', 'Redford', 'child', 187);
INSERT INTO dependents (dependent_id, first_name, last_name, relationship, employee_id) VALUES (550, 'David', 'Hilbert', 'child', 187);
COMMIT;

-- INSERTING EMPLOYEE 188 --
BEGIN;
INSERT INTO employees (employee_id, first_name, last_name, email, phone_number, hire_date, job_id, salary,manager_id,department_id) VALUES (188, 'Matthew', 'McConaughey', 'matthew.mcconaughey@gmail.com', '555-8903', '1993-03-31', 37, 510000.00, 138, 89);
INSERT INTO dependents (dependent_id, first_name, last_name, relationship, employee_id) VALUES (551, 'Emmy', 'Noether', 'parent', 188);
INSERT INTO dependents (dependent_id, first_name, last_name, relationship, employee_id) VALUES (552, 'Iris', 'Apfel', 'child', 188);
INSERT INTO dependents (dependent_id, first_name, last_name, relationship, employee_id) VALUES (553, 'Niels', 'Bohr', 'child', 188);
INSERT INTO dependents (dependent_id, first_name, last_name, relationship, employee_id) VALUES (554, 'Barbara', 'McClintock', 'parent', 188);
COMMIT;

-- INSERTING EMPLOYEE 189 --
BEGIN;
INSERT INTO employees (employee_id, first_name, last_name, email, phone_number, hire_date, job_id, salary,manager_id,department_id) VALUES (189, 'Queen', 'Latifah', 'queen.latifah@gmail.com', '555-2347', '1999-07-30', 12, 550000.00, 135, 422);
INSERT INTO dependents (dependent_id, first_name, last_name, relationship, employee_id) VALUES (555, 'Maria', 'Mayer', 'spouse', 189);
INSERT INTO dependents (dependent_id, first_name, last_name, relationship, employee_id) VALUES (556, 'Hugh', 'Jackman', 'spouse', 189);
INSERT INTO dependents (dependent_id, first_name, last_name, relationship, employee_id) VALUES (557, 'Alex', 'Rodriguez', 'parent', 189);
COMMIT;

-- DELETING EMPLOYEE 99 --
BEGIN;
DELETE FROM dependents WHERE employee_id = 99;
DELETE FROM employees WHERE employee_id = 99;
COMMIT;

-- DELETING EMPLOYEE 63 --
BEGIN;
UPDATE employees SET manager_id = 168 WHERE employee_id = 74;
UPDATE employees SET manager_id = 168 WHERE employee_id = 78;
UPDATE employees SET manager_id = 168 WHERE employee_id = 107;
UPDATE employees SET manager_id = 168 WHERE employee_id = 168;
UPDATE employees SET manager_id = 168 WHERE employee_id = 173;
DELETE FROM dependents WHERE employee_id = 63;
DELETE FROM employees WHERE employee_id = 63;
COMMIT;

-- INSERTING DEPENDENT 134 --
BEGIN;
INSERT INTO dependents (dependent_id, first_name, last_name, relationship, employee_id) VALUES (558, 'Queen', 'Latifah', 'child', 134);
END;

-- INSERTING DEPENDENT 103 --
BEGIN;
INSERT INTO dependents (dependent_id, first_name, last_name, relationship, employee_id) VALUES (559, 'Alex', 'Rodriguez', 'child', 103);
END;

-- INSERTING DEPENDENT 150 --
BEGIN;
INSERT INTO dependents (dependent_id, first_name, last_name, relationship, employee_id) VALUES (560, 'Alex', 'Rodriguez', 'parent', 150);
END;

-- DELETING DEPENDENT 214 --
BEGIN;
DELETE FROM dependents WHERE dependent_id = 214;
COMMIT;

-- DELETING DEPENDENT 163 --
BEGIN;
DELETE FROM dependents WHERE dependent_id = 163;
COMMIT;

-- UPDATING EMPLOYEE SALARY 169 --
BEGIN;
UPDATE employees SET salary = salary + 8434 WHERE employee_id = 169;
COMMIT;

-- UPDATING EMPLOYEE SALARY 150 --
BEGIN;
UPDATE employees SET salary = salary + 5839 WHERE employee_id = 150;
COMMIT;

-- UPDATING EMPLOYEE SALARY 14 --
BEGIN;
UPDATE employees SET salary = salary + 2331 WHERE employee_id = 14;
COMMIT;

-- UPDATING EMPLOYEE SALARY 150 --
BEGIN;
UPDATE employees SET salary = salary + 901 WHERE employee_id = 150;
COMMIT;

-- UPDATING EMPLOYEE SALARY 154 --
BEGIN;
UPDATE employees SET salary = salary + 1076 WHERE employee_id = 154;
COMMIT;

-- UPDATING EMPLOYEE SALARY 125 --
BEGIN;
UPDATE employees SET salary = salary + 7418 WHERE employee_id = 125;
COMMIT;

-- UPDATING EMPLOYEE SALARY 149 --
BEGIN;
UPDATE employees SET salary = salary + 7634 WHERE employee_id = 149;
COMMIT;

-- UPDATING EMPLOYEE SALARY 186 --
BEGIN;
UPDATE employees SET salary = salary + 3579 WHERE employee_id = 186;
COMMIT;

-- UPDATING EMPLOYEE SALARY 58 --
BEGIN;
UPDATE employees SET salary = salary + 7516 WHERE employee_id = 58;
COMMIT;

-- UPDATING EMPLOYEE SALARY 189 --
BEGIN;
UPDATE employees SET salary = salary + 2115 WHERE employee_id = 189;
COMMIT;

-- UPDATING EMPLOYEE SALARY 22 --
BEGIN;
UPDATE employees SET salary = salary + 3228 WHERE employee_id = 22;
COMMIT;

-- UPDATING EMPLOYEE SALARY 85 --
BEGIN;
UPDATE employees SET salary = salary + 6850 WHERE employee_id = 85;
COMMIT;

-- UPDATING EMPLOYEE SALARY 107 --
BEGIN;
UPDATE employees SET salary = salary + 9364 WHERE employee_id = 107;
COMMIT;

-- UPDATING EMPLOYEE SALARY 94 --
BEGIN;
UPDATE employees SET salary = salary + 6883 WHERE employee_id = 94;
COMMIT;

-- UPDATING EMPLOYEE SALARY 178 --
BEGIN;
UPDATE employees SET salary = salary + 1210 WHERE employee_id = 178;
COMMIT;

-- UPDATING EMPLOYEE SALARY 157 --
BEGIN;
UPDATE employees SET salary = salary + 8732 WHERE employee_id = 157;
COMMIT;

-- UPDATING EMPLOYEE SALARY 106 --
BEGIN;
UPDATE employees SET salary = salary + 311 WHERE employee_id = 106;
COMMIT;

-- UPDATING EMPLOYEE SALARY 38 --
BEGIN;
UPDATE employees SET salary = salary + 267 WHERE employee_id = 38;
COMMIT;

-- UPDATING EMPLOYEE SALARY 136 --
BEGIN;
UPDATE employees SET salary = salary + 9096 WHERE employee_id = 136;
COMMIT;

-- UPDATING EMPLOYEE SALARY 180 --
BEGIN;
UPDATE employees SET salary = salary + 108 WHERE employee_id = 180;
COMMIT;

-- UPDATING EMPLOYEE SALARY 142 --
BEGIN;
UPDATE employees SET salary = salary + 7665 WHERE employee_id = 142;
COMMIT;

-- UPDATING EMPLOYEE SALARY 174 --
BEGIN;
UPDATE employees SET salary = salary + 9308 WHERE employee_id = 174;
COMMIT;

-- UPDATING EMPLOYEE SALARY 87 --
BEGIN;
UPDATE employees SET salary = salary + 637 WHERE employee_id = 87;
COMMIT;

-- UPDATING EMPLOYEE SALARY 104 --
BEGIN;
UPDATE employees SET salary = salary + 3927 WHERE employee_id = 104;
COMMIT;

-- UPDATING EMPLOYEE SALARY 36 --
BEGIN;
UPDATE employees SET salary = salary + 3514 WHERE employee_id = 36;
COMMIT;

-- UPDATING EMPLOYEE SALARY 185 --
BEGIN;
UPDATE employees SET salary = salary + 3442 WHERE employee_id = 185;
COMMIT;

-- UPDATING EMPLOYEE SALARY 39 --
BEGIN;
UPDATE employees SET salary = salary + 3834 WHERE employee_id = 39;
COMMIT;

-- UPDATING EMPLOYEE SALARY 129 --
BEGIN;
UPDATE employees SET salary = salary + 537 WHERE employee_id = 129;
COMMIT;

-- UPDATING EMPLOYEE SALARY 155 --
BEGIN;
UPDATE employees SET salary = salary + 726 WHERE employee_id = 155;
COMMIT;

-- UPDATING EMPLOYEE SALARY 168 --
BEGIN;
UPDATE employees SET salary = salary + 7634 WHERE employee_id = 168;
COMMIT;

-- UPDATING EMPLOYEE SALARY 128 --
BEGIN;
UPDATE employees SET salary = salary + 7040 WHERE employee_id = 128;
COMMIT;

-- UPDATING EMPLOYEE SALARY 39 --
BEGIN;
UPDATE employees SET salary = salary + 3081 WHERE employee_id = 39;
COMMIT;

-- UPDATING EMPLOYEE SALARY 133 --
BEGIN;
UPDATE employees SET salary = salary + 8678 WHERE employee_id = 133;
COMMIT;

-- UPDATING EMPLOYEE SALARY 53 --
BEGIN;
UPDATE employees SET salary = salary + 1695 WHERE employee_id = 53;
COMMIT;

-- UPDATING EMPLOYEE SALARY 105 --
BEGIN;
UPDATE employees SET salary = salary + 5039 WHERE employee_id = 105;
COMMIT;

-- UPDATING EMPLOYEE SALARY 37 --
BEGIN;
UPDATE employees SET salary = salary + 3259 WHERE employee_id = 37;
COMMIT;

-- UPDATING EMPLOYEE SALARY 149 --
BEGIN;
UPDATE employees SET salary = salary + 8523 WHERE employee_id = 149;
COMMIT;

-- UPDATING EMPLOYEE SALARY 26 --
BEGIN;
UPDATE employees SET salary = salary + 6732 WHERE employee_id = 26;
COMMIT;

-- UPDATING EMPLOYEE SALARY 97 --
BEGIN;
UPDATE employees SET salary = salary + 1563 WHERE employee_id = 97;
COMMIT;

-- UPDATING EMPLOYEE SALARY 135 --
BEGIN;
UPDATE employees SET salary = salary + 6034 WHERE employee_id = 135;
COMMIT;

-- UPDATING EMPLOYEE SALARY 149 --
BEGIN;
UPDATE employees SET salary = salary + 1782 WHERE employee_id = 149;
COMMIT;

-- UPDATING EMPLOYEE SALARY 162 --
BEGIN;
UPDATE employees SET salary = salary + 6073 WHERE employee_id = 162;
COMMIT;

-- UPDATING EMPLOYEE SALARY 75 --
BEGIN;
UPDATE employees SET salary = salary + 6819 WHERE employee_id = 75;
COMMIT;

-- UPDATING EMPLOYEE SALARY 35 --
BEGIN;
UPDATE employees SET salary = salary + 4793 WHERE employee_id = 35;
COMMIT;

-- UPDATING EMPLOYEE SALARY 179 --
BEGIN;
UPDATE employees SET salary = salary + 1717 WHERE employee_id = 179;
COMMIT;

-- UPDATING EMPLOYEE SALARY 44 --
BEGIN;
UPDATE employees SET salary = salary + 7835 WHERE employee_id = 44;
COMMIT;

-- UPDATING EMPLOYEE SALARY 80 --
BEGIN;
UPDATE employees SET salary = salary + 6508 WHERE employee_id = 80;
COMMIT;

-- UPDATING EMPLOYEE SALARY 162 --
BEGIN;
UPDATE employees SET salary = salary + 4469 WHERE employee_id = 162;
COMMIT;

-- UPDATING EMPLOYEE SALARY 27 --
BEGIN;
UPDATE employees SET salary = salary + 6345 WHERE employee_id = 27;
COMMIT;

-- UPDATING EMPLOYEE SALARY 106 --
BEGIN;
UPDATE employees SET salary = salary + 8757 WHERE employee_id = 106;
COMMIT;

-- UPDATING EMPLOYEE SALARY 71 --
BEGIN;
UPDATE employees SET salary = salary + 2412 WHERE employee_id = 71;
COMMIT;

-- UPDATING EMPLOYEE SALARY 153 --
BEGIN;
UPDATE employees SET salary = salary + 1473 WHERE employee_id = 153;
COMMIT;

-- UPDATING EMPLOYEE SALARY 120 --
BEGIN;
UPDATE employees SET salary = salary + 4728 WHERE employee_id = 120;
COMMIT;

-- UPDATING EMPLOYEE SALARY 14 --
BEGIN;
UPDATE employees SET salary = salary + 7410 WHERE employee_id = 14;
COMMIT;

-- UPDATING EMPLOYEE SALARY 139 --
BEGIN;
UPDATE employees SET salary = salary + 9226 WHERE employee_id = 139;
COMMIT;

-- UPDATING EMPLOYEE SALARY 158 --
BEGIN;
UPDATE employees SET salary = salary + 7107 WHERE employee_id = 158;
COMMIT;

-- UPDATING EMPLOYEE SALARY 103 --
BEGIN;
UPDATE employees SET salary = salary + 6093 WHERE employee_id = 103;
COMMIT;

-- UPDATING EMPLOYEE SALARY 91 --
BEGIN;
UPDATE employees SET salary = salary + 6379 WHERE employee_id = 91;
COMMIT;

-- UPDATING EMPLOYEE SALARY 58 --
BEGIN;
UPDATE employees SET salary = salary + 8954 WHERE employee_id = 58;
COMMIT;

-- UPDATING EMPLOYEE SALARY 136 --
BEGIN;
UPDATE employees SET salary = salary + 2567 WHERE employee_id = 136;
COMMIT;

-- UPDATING EMPLOYEE SALARY 14 --
BEGIN;
UPDATE employees SET salary = salary + 2265 WHERE employee_id = 14;
COMMIT;

-- UPDATING EMPLOYEE SALARY 45 --
BEGIN;
UPDATE employees SET salary = salary + 8928 WHERE employee_id = 45;
COMMIT;

-- UPDATING EMPLOYEE SALARY 186 --
BEGIN;
UPDATE employees SET salary = salary + 1365 WHERE employee_id = 186;
COMMIT;

-- UPDATING EMPLOYEE SALARY 123 --
BEGIN;
UPDATE employees SET salary = salary + 5512 WHERE employee_id = 123;
COMMIT;

-- UPDATING EMPLOYEE SALARY 134 --
BEGIN;
UPDATE employees SET salary = salary + 9370 WHERE employee_id = 134;
COMMIT;

-- UPDATING EMPLOYEE SALARY 156 --
BEGIN;
UPDATE employees SET salary = salary + 8302 WHERE employee_id = 156;
COMMIT;

-- UPDATING EMPLOYEE SALARY 61 --
BEGIN;
UPDATE employees SET salary = salary + 9682 WHERE employee_id = 61;
COMMIT;

-- UPDATING EMPLOYEE SALARY 120 --
BEGIN;
UPDATE employees SET salary = salary + 4092 WHERE employee_id = 120;
COMMIT;

-- UPDATING EMPLOYEE SALARY 67 --
BEGIN;
UPDATE employees SET salary = salary + 1571 WHERE employee_id = 67;
COMMIT;

-- UPDATING EMPLOYEE SALARY 84 --
BEGIN;
UPDATE employees SET salary = salary + 4195 WHERE employee_id = 84;
COMMIT;

-- UPDATING EMPLOYEE SALARY 150 --
BEGIN;
UPDATE employees SET salary = salary + 9534 WHERE employee_id = 150;
COMMIT;

-- UPDATING EMPLOYEE SALARY 74 --
BEGIN;
UPDATE employees SET salary = salary + 8440 WHERE employee_id = 74;
COMMIT;

-- UPDATING EMPLOYEE SALARY 154 --
BEGIN;
UPDATE employees SET salary = salary + 8622 WHERE employee_id = 154;
COMMIT;

-- UPDATING EMPLOYEE SALARY 154 --
BEGIN;
UPDATE employees SET salary = salary + 1485 WHERE employee_id = 154;
COMMIT;

-- UPDATING EMPLOYEE SALARY 141 --
BEGIN;
UPDATE employees SET salary = salary + 6109 WHERE employee_id = 141;
COMMIT;

-- UPDATING EMPLOYEE SALARY 120 --
BEGIN;
UPDATE employees SET salary = salary + 5106 WHERE employee_id = 120;
COMMIT;

-- UPDATING EMPLOYEE SALARY 85 --
BEGIN;
UPDATE employees SET salary = salary + 2414 WHERE employee_id = 85;
COMMIT;

-- UPDATING EMPLOYEE SALARY 186 --
BEGIN;
UPDATE employees SET salary = salary + 419 WHERE employee_id = 186;
COMMIT;

-- INSERTING EMPLOYEE 190 --
BEGIN;
INSERT INTO employees (employee_id, first_name, last_name, email, phone_number, hire_date, job_id, salary,manager_id,department_id) VALUES (190, 'Queen', 'Latifah', 'queen.latifah@gmail.com', '555-2347', '2011-11-08', 19, 550000.00, 88, 289);
INSERT INTO dependents (dependent_id, first_name, last_name, relationship, employee_id) VALUES (561, 'Rosalind', 'Franklin', 'spouse', 190);
INSERT INTO dependents (dependent_id, first_name, last_name, relationship, employee_id) VALUES (562, 'Dorothy', 'Hodgkin', 'spouse', 190);
COMMIT;

-- INSERTING EMPLOYEE 191 --
BEGIN;
INSERT INTO employees (employee_id, first_name, last_name, email, phone_number, hire_date, job_id, salary,manager_id,department_id) VALUES (191, 'Hannah', 'Montana', 'hannah.montana@gmail.com', '555-6543', '2024-01-28', 18, 140000.00, 77, 131);
INSERT INTO dependents (dependent_id, first_name, last_name, relationship, employee_id) VALUES (563, 'James', 'Dean', 'parent', 191);
INSERT INTO dependents (dependent_id, first_name, last_name, relationship, employee_id) VALUES (564, 'Grace', 'Kelly', 'child', 191);
INSERT INTO dependents (dependent_id, first_name, last_name, relationship, employee_id) VALUES (565, 'Queen', 'Latifah', 'parent', 191);
INSERT INTO dependents (dependent_id, first_name, last_name, relationship, employee_id) VALUES (566, 'Albert', 'Einstein', 'child', 191);
COMMIT;

-- INSERTING DEPENDENT 138 --
BEGIN;
INSERT INTO dependents (dependent_id, first_name, last_name, relationship, employee_id) VALUES (567, 'Jane', 'Goodall', 'parent', 138);
END;

-- INSERTING DEPENDENT 153 --
BEGIN;
INSERT INTO dependents (dependent_id, first_name, last_name, relationship, employee_id) VALUES (568, 'Neil', 'Armstrong', 'spouse', 153);
END;

-- UPDATING EMPLOYEE SALARY 125 --
BEGIN;
UPDATE employees SET salary = salary + 2679 WHERE employee_id = 125;
COMMIT;

-- UPDATING EMPLOYEE SALARY 64 --
BEGIN;
UPDATE employees SET salary = salary + 8061 WHERE employee_id = 64;
COMMIT;

-- UPDATING EMPLOYEE SALARY 188 --
BEGIN;
UPDATE employees SET salary = salary + 9335 WHERE employee_id = 188;
COMMIT;

-- UPDATING EMPLOYEE SALARY 119 --
BEGIN;
UPDATE employees SET salary = salary + 3205 WHERE employee_id = 119;
COMMIT;

-- UPDATING EMPLOYEE SALARY 176 --
BEGIN;
UPDATE employees SET salary = salary + 4441 WHERE employee_id = 176;
COMMIT;

-- UPDATING EMPLOYEE SALARY 81 --
BEGIN;
UPDATE employees SET salary = salary + 7774 WHERE employee_id = 81;
COMMIT;

-- UPDATING EMPLOYEE SALARY 137 --
BEGIN;
UPDATE employees SET salary = salary + 406 WHERE employee_id = 137;
COMMIT;

-- UPDATING EMPLOYEE SALARY 190 --
BEGIN;
UPDATE employees SET salary = salary + 5750 WHERE employee_id = 190;
COMMIT;

-- UPDATING EMPLOYEE SALARY 106 --
BEGIN;
UPDATE employees SET salary = salary + 7102 WHERE employee_id = 106;
COMMIT;

-- UPDATING EMPLOYEE SALARY 119 --
BEGIN;
UPDATE employees SET salary = salary + 8230 WHERE employee_id = 119;
COMMIT;

-- UPDATING EMPLOYEE SALARY 59 --
BEGIN;
UPDATE employees SET salary = salary + 8449 WHERE employee_id = 59;
COMMIT;

-- UPDATING EMPLOYEE SALARY 67 --
BEGIN;
UPDATE employees SET salary = salary + 630 WHERE employee_id = 67;
COMMIT;

-- UPDATING EMPLOYEE SALARY 1 --
BEGIN;
UPDATE employees SET salary = salary + 5258 WHERE employee_id = 1;
COMMIT;

-- UPDATING EMPLOYEE SALARY 160 --
BEGIN;
UPDATE employees SET salary = salary + 9009 WHERE employee_id = 160;
COMMIT;

-- UPDATING EMPLOYEE SALARY 74 --
BEGIN;
UPDATE employees SET salary = salary + 2455 WHERE employee_id = 74;
COMMIT;

-- UPDATING EMPLOYEE SALARY 117 --
BEGIN;
UPDATE employees SET salary = salary + 611 WHERE employee_id = 117;
COMMIT;

-- UPDATING EMPLOYEE SALARY 130 --
BEGIN;
UPDATE employees SET salary = salary + 4020 WHERE employee_id = 130;
COMMIT;

-- UPDATING EMPLOYEE SALARY 173 --
BEGIN;
UPDATE employees SET salary = salary + 7706 WHERE employee_id = 173;
COMMIT;

-- UPDATING EMPLOYEE SALARY 175 --
BEGIN;
UPDATE employees SET salary = salary + 4088 WHERE employee_id = 175;
COMMIT;

-- UPDATING EMPLOYEE SALARY 178 --
BEGIN;
UPDATE employees SET salary = salary + 5455 WHERE employee_id = 178;
COMMIT;

-- UPDATING EMPLOYEE SALARY 184 --
BEGIN;
UPDATE employees SET salary = salary + 4688 WHERE employee_id = 184;
COMMIT;

-- UPDATING EMPLOYEE SALARY 130 --
BEGIN;
UPDATE employees SET salary = salary + 4719 WHERE employee_id = 130;
COMMIT;

-- UPDATING EMPLOYEE SALARY 161 --
BEGIN;
UPDATE employees SET salary = salary + 5692 WHERE employee_id = 161;
COMMIT;

-- UPDATING EMPLOYEE SALARY 36 --
BEGIN;
UPDATE employees SET salary = salary + 185 WHERE employee_id = 36;
COMMIT;

-- UPDATING EMPLOYEE SALARY 81 --
BEGIN;
UPDATE employees SET salary = salary + 3293 WHERE employee_id = 81;
COMMIT;

-- UPDATING EMPLOYEE SALARY 178 --
BEGIN;
UPDATE employees SET salary = salary + 2923 WHERE employee_id = 178;
COMMIT;

-- UPDATING EMPLOYEE SALARY 91 --
BEGIN;
UPDATE employees SET salary = salary + 9007 WHERE employee_id = 91;
COMMIT;

-- UPDATING EMPLOYEE SALARY 39 --
BEGIN;
UPDATE employees SET salary = salary + 4002 WHERE employee_id = 39;
COMMIT;

-- UPDATING EMPLOYEE SALARY 135 --
BEGIN;
UPDATE employees SET salary = salary + 5817 WHERE employee_id = 135;
COMMIT;

-- UPDATING EMPLOYEE SALARY 27 --
BEGIN;
UPDATE employees SET salary = salary + 752 WHERE employee_id = 27;
COMMIT;

-- UPDATING EMPLOYEE SALARY 59 --
BEGIN;
UPDATE employees SET salary = salary + 1083 WHERE employee_id = 59;
COMMIT;

-- UPDATING EMPLOYEE SALARY 135 --
BEGIN;
UPDATE employees SET salary = salary + 2515 WHERE employee_id = 135;
COMMIT;

-- UPDATING EMPLOYEE SALARY 93 --
BEGIN;
UPDATE employees SET salary = salary + 5442 WHERE employee_id = 93;
COMMIT;

-- UPDATING EMPLOYEE SALARY 158 --
BEGIN;
UPDATE employees SET salary = salary + 7945 WHERE employee_id = 158;
COMMIT;

-- UPDATING EMPLOYEE SALARY 106 --
BEGIN;
UPDATE employees SET salary = salary + 8752 WHERE employee_id = 106;
COMMIT;

-- UPDATING EMPLOYEE SALARY 73 --
BEGIN;
UPDATE employees SET salary = salary + 4134 WHERE employee_id = 73;
COMMIT;

-- UPDATING EMPLOYEE SALARY 80 --
BEGIN;
UPDATE employees SET salary = salary + 8213 WHERE employee_id = 80;
COMMIT;

-- UPDATING EMPLOYEE SALARY 93 --
BEGIN;
UPDATE employees SET salary = salary + 5187 WHERE employee_id = 93;
COMMIT;

-- UPDATING EMPLOYEE SALARY 170 --
BEGIN;
UPDATE employees SET salary = salary + 4843 WHERE employee_id = 170;
COMMIT;

-- UPDATING EMPLOYEE SALARY 34 --
BEGIN;
UPDATE employees SET salary = salary + 144 WHERE employee_id = 34;
COMMIT;

-- UPDATING EMPLOYEE SALARY 150 --
BEGIN;
UPDATE employees SET salary = salary + 8481 WHERE employee_id = 150;
COMMIT;

-- UPDATING EMPLOYEE SALARY 44 --
BEGIN;
UPDATE employees SET salary = salary + 7315 WHERE employee_id = 44;
COMMIT;

-- UPDATING EMPLOYEE SALARY 143 --
BEGIN;
UPDATE employees SET salary = salary + 6455 WHERE employee_id = 143;
COMMIT;

-- UPDATING EMPLOYEE SALARY 91 --
BEGIN;
UPDATE employees SET salary = salary + 2294 WHERE employee_id = 91;
COMMIT;

-- UPDATING EMPLOYEE SALARY 91 --
BEGIN;
UPDATE employees SET salary = salary + 8730 WHERE employee_id = 91;
COMMIT;

-- UPDATING EMPLOYEE SALARY 41 --
BEGIN;
UPDATE employees SET salary = salary + 7502 WHERE employee_id = 41;
COMMIT;

-- UPDATING EMPLOYEE SALARY 64 --
BEGIN;
UPDATE employees SET salary = salary + 4849 WHERE employee_id = 64;
COMMIT;

-- UPDATING EMPLOYEE SALARY 106 --
BEGIN;
UPDATE employees SET salary = salary + 1880 WHERE employee_id = 106;
COMMIT;

-- UPDATING EMPLOYEE SALARY 106 --
BEGIN;
UPDATE employees SET salary = salary + 7754 WHERE employee_id = 106;
COMMIT;

-- UPDATING EMPLOYEE SALARY 147 --
BEGIN;
UPDATE employees SET salary = salary + 9726 WHERE employee_id = 147;
COMMIT;

-- UPDATING EMPLOYEE SALARY 182 --
BEGIN;
UPDATE employees SET salary = salary + 9294 WHERE employee_id = 182;
COMMIT;

-- UPDATING EMPLOYEE SALARY 46 --
BEGIN;
UPDATE employees SET salary = salary + 9701 WHERE employee_id = 46;
COMMIT;

-- UPDATING EMPLOYEE SALARY 140 --
BEGIN;
UPDATE employees SET salary = salary + 4641 WHERE employee_id = 140;
COMMIT;

-- UPDATING EMPLOYEE SALARY 74 --
BEGIN;
UPDATE employees SET salary = salary + 9235 WHERE employee_id = 74;
COMMIT;

-- UPDATING EMPLOYEE SALARY 154 --
BEGIN;
UPDATE employees SET salary = salary + 5016 WHERE employee_id = 154;
COMMIT;

-- UPDATING EMPLOYEE SALARY 171 --
BEGIN;
UPDATE employees SET salary = salary + 8493 WHERE employee_id = 171;
COMMIT;

-- UPDATING EMPLOYEE SALARY 118 --
BEGIN;
UPDATE employees SET salary = salary + 5378 WHERE employee_id = 118;
COMMIT;

-- UPDATING EMPLOYEE SALARY 128 --
BEGIN;
UPDATE employees SET salary = salary + 7613 WHERE employee_id = 128;
COMMIT;

-- UPDATING EMPLOYEE SALARY 85 --
BEGIN;
UPDATE employees SET salary = salary + 49 WHERE employee_id = 85;
COMMIT;

-- UPDATING EMPLOYEE SALARY 103 --
BEGIN;
UPDATE employees SET salary = salary + 4225 WHERE employee_id = 103;
COMMIT;

-- UPDATING EMPLOYEE SALARY 175 --
BEGIN;
UPDATE employees SET salary = salary + 2968 WHERE employee_id = 175;
COMMIT;

-- UPDATING EMPLOYEE SALARY 85 --
BEGIN;
UPDATE employees SET salary = salary + 2563 WHERE employee_id = 85;
COMMIT;

-- UPDATING EMPLOYEE SALARY 61 --
BEGIN;
UPDATE employees SET salary = salary + 3400 WHERE employee_id = 61;
COMMIT;

-- UPDATING EMPLOYEE SALARY 152 --
BEGIN;
UPDATE employees SET salary = salary + 349 WHERE employee_id = 152;
COMMIT;

-- UPDATING EMPLOYEE SALARY 170 --
BEGIN;
UPDATE employees SET salary = salary + 2413 WHERE employee_id = 170;
COMMIT;

-- UPDATING EMPLOYEE SALARY 72 --
BEGIN;
UPDATE employees SET salary = salary + 5643 WHERE employee_id = 72;
COMMIT;

-- UPDATING EMPLOYEE SALARY 139 --
BEGIN;
UPDATE employees SET salary = salary + 5709 WHERE employee_id = 139;
COMMIT;

-- UPDATING EMPLOYEE SALARY 77 --
BEGIN;
UPDATE employees SET salary = salary + 8969 WHERE employee_id = 77;
COMMIT;

-- UPDATING EMPLOYEE SALARY 168 --
BEGIN;
UPDATE employees SET salary = salary + 4025 WHERE employee_id = 168;
COMMIT;

-- UPDATING EMPLOYEE SALARY 77 --
BEGIN;
UPDATE employees SET salary = salary + 7815 WHERE employee_id = 77;
COMMIT;

-- UPDATING EMPLOYEE SALARY 185 --
BEGIN;
UPDATE employees SET salary = salary + 4006 WHERE employee_id = 185;
COMMIT;

-- UPDATING EMPLOYEE SALARY 92 --
BEGIN;
UPDATE employees SET salary = salary + 4086 WHERE employee_id = 92;
COMMIT;

-- UPDATING EMPLOYEE SALARY 155 --
BEGIN;
UPDATE employees SET salary = salary + 1980 WHERE employee_id = 155;
COMMIT;

-- UPDATING EMPLOYEE SALARY 141 --
BEGIN;
UPDATE employees SET salary = salary + 8033 WHERE employee_id = 141;
COMMIT;

-- UPDATING EMPLOYEE SALARY 54 --
BEGIN;
UPDATE employees SET salary = salary + 2902 WHERE employee_id = 54;
COMMIT;

-- UPDATING EMPLOYEE SALARY 106 --
BEGIN;
UPDATE employees SET salary = salary + 7316 WHERE employee_id = 106;
COMMIT;

-- UPDATING EMPLOYEE SALARY 127 --
BEGIN;
UPDATE employees SET salary = salary + 4163 WHERE employee_id = 127;
COMMIT;

-- UPDATING EMPLOYEE SALARY 147 --
BEGIN;
UPDATE employees SET salary = salary + 7899 WHERE employee_id = 147;
COMMIT;

-- UPDATING EMPLOYEE SALARY 34 --
BEGIN;
UPDATE employees SET salary = salary + 783 WHERE employee_id = 34;
COMMIT;

-- UPDATING EMPLOYEE SALARY 103 --
BEGIN;
UPDATE employees SET salary = salary + 3240 WHERE employee_id = 103;
COMMIT;

-- UPDATING EMPLOYEE SALARY 146 --
BEGIN;
UPDATE employees SET salary = salary + 6524 WHERE employee_id = 146;
COMMIT;

-- UPDATING EMPLOYEE SALARY 59 --
BEGIN;
UPDATE employees SET salary = salary + 9194 WHERE employee_id = 59;
COMMIT;

-- UPDATING EMPLOYEE SALARY 178 --
BEGIN;
UPDATE employees SET salary = salary + 9011 WHERE employee_id = 178;
COMMIT;

-- UPDATING EMPLOYEE SALARY 65 --
BEGIN;
UPDATE employees SET salary = salary + 3581 WHERE employee_id = 65;
COMMIT;

-- UPDATING EMPLOYEE SALARY 190 --
BEGIN;
UPDATE employees SET salary = salary + 6767 WHERE employee_id = 190;
COMMIT;

-- UPDATING EMPLOYEE SALARY 148 --
BEGIN;
UPDATE employees SET salary = salary + 6306 WHERE employee_id = 148;
COMMIT;

-- UPDATING EMPLOYEE SALARY 181 --
BEGIN;
UPDATE employees SET salary = salary + 9480 WHERE employee_id = 181;
COMMIT;

-- UPDATING EMPLOYEE SALARY 90 --
BEGIN;
UPDATE employees SET salary = salary + 366 WHERE employee_id = 90;
COMMIT;

-- UPDATING EMPLOYEE SALARY 177 --
BEGIN;
UPDATE employees SET salary = salary + 9693 WHERE employee_id = 177;
COMMIT;

-- UPDATING EMPLOYEE SALARY 94 --
BEGIN;
UPDATE employees SET salary = salary + 2322 WHERE employee_id = 94;
COMMIT;

-- UPDATING EMPLOYEE SALARY 50 --
BEGIN;
UPDATE employees SET salary = salary + 3058 WHERE employee_id = 50;
COMMIT;

-- UPDATING EMPLOYEE SALARY 170 --
BEGIN;
UPDATE employees SET salary = salary + 5685 WHERE employee_id = 170;
COMMIT;

-- UPDATING EMPLOYEE SALARY 71 --
BEGIN;
UPDATE employees SET salary = salary + 7782 WHERE employee_id = 71;
COMMIT;

-- UPDATING EMPLOYEE SALARY 74 --
BEGIN;
UPDATE employees SET salary = salary + 5567 WHERE employee_id = 74;
COMMIT;

-- INSERTING EMPLOYEE 192 --
BEGIN;
INSERT INTO employees (employee_id, first_name, last_name, email, phone_number, hire_date, job_id, salary,manager_id,department_id) VALUES (192, 'Quentin', 'Tarantino', 'quentin.tarantino@gmail.com', '555-0123', '2021-11-26', 24, 230000.00, 162, 3);
INSERT INTO dependents (dependent_id, first_name, last_name, relationship, employee_id) VALUES (569, 'Isaac', 'Newton', 'parent', 192);
COMMIT;

-- INSERTING EMPLOYEE 193 --
BEGIN;
INSERT INTO employees (employee_id, first_name, last_name, email, phone_number, hire_date, job_id, salary,manager_id,department_id) VALUES (193, 'Samuel', 'Jackson', 'samuel.jackson@gmail.com', '555-8903', '2011-02-20', 50, 310000.00, 143, 496);
INSERT INTO dependents (dependent_id, first_name, last_name, relationship, employee_id) VALUES (570, 'Tom', 'Cruise', 'child', 193);
COMMIT;

-- INSERTING EMPLOYEE 194 --
BEGIN;
INSERT INTO employees (employee_id, first_name, last_name, email, phone_number, hire_date, job_id, salary,manager_id,department_id) VALUES (194, 'Scarlett', 'Johansson', 'scarlett.johansson@gmail.com', '555-4569', '2011-01-08', 14, 570000.00, 6, 184);
INSERT INTO dependents (dependent_id, first_name, last_name, relationship, employee_id) VALUES (571, 'James', 'Dean', 'spouse', 194);
INSERT INTO dependents (dependent_id, first_name, last_name, relationship, employee_id) VALUES (572, 'Emma', 'Stone', 'spouse', 194);
INSERT INTO dependents (dependent_id, first_name, last_name, relationship, employee_id) VALUES (573, 'Katherine', 'Johnson', 'parent', 194);
INSERT INTO dependents (dependent_id, first_name, last_name, relationship, employee_id) VALUES (574, 'Emmy', 'Noether', 'spouse', 194);
COMMIT;

-- INSERTING EMPLOYEE 195 --
BEGIN;
INSERT INTO employees (employee_id, first_name, last_name, email, phone_number, hire_date, job_id, salary,manager_id,department_id) VALUES (195, 'Zoe', 'Saldana', 'zoe.saldana@gmail.com', '555-5670', '2014-07-09', 37, 380000.00, 192, 348);
COMMIT;

-- INSERTING EMPLOYEE 196 --
BEGIN;
INSERT INTO employees (employee_id, first_name, last_name, email, phone_number, hire_date, job_id, salary,manager_id,department_id) VALUES (196, 'Fiona', 'Apple', 'fiona.apple@gmail.com', '555-2345', '2009-03-31', 56, 120000.00, 14, 16);
INSERT INTO dependents (dependent_id, first_name, last_name, relationship, employee_id) VALUES (575, 'Richard', 'Feynman', 'child', 196);
INSERT INTO dependents (dependent_id, first_name, last_name, relationship, employee_id) VALUES (576, 'Lise', 'Meitner', 'spouse', 196);
INSERT INTO dependents (dependent_id, first_name, last_name, relationship, employee_id) VALUES (577, 'Betty', 'White', 'child', 196);
INSERT INTO dependents (dependent_id, first_name, last_name, relationship, employee_id) VALUES (578, 'James', 'Maxwell', 'spouse', 196);
COMMIT;

-- DELETING EMPLOYEE 181 --
BEGIN;
DELETE FROM dependents WHERE employee_id = 181;
DELETE FROM employees WHERE employee_id = 181;
COMMIT;

-- DELETING EMPLOYEE 110 --
BEGIN;
UPDATE employees SET manager_id = 66 WHERE employee_id = 139;
UPDATE employees SET manager_id = 66 WHERE employee_id = 181;
DELETE FROM dependents WHERE employee_id = 110;
DELETE FROM employees WHERE employee_id = 110;
COMMIT;

-- INSERTING DEPENDENT 120 --
BEGIN;
INSERT INTO dependents (dependent_id, first_name, last_name, relationship, employee_id) VALUES (579, 'David', 'Hilbert', 'parent', 120);
END;

-- INSERTING DEPENDENT 117 --
BEGIN;
INSERT INTO dependents (dependent_id, first_name, last_name, relationship, employee_id) VALUES (580, 'Robert', 'Redford', 'parent', 117);
END;

-- INSERTING DEPENDENT 127 --
BEGIN;
INSERT INTO dependents (dependent_id, first_name, last_name, relationship, employee_id) VALUES (581, 'Stephen', 'Hawking', 'spouse', 127);
END;

-- INSERTING DEPENDENT 121 --
BEGIN;
INSERT INTO dependents (dependent_id, first_name, last_name, relationship, employee_id) VALUES (582, 'Galileo', 'Galilei', 'child', 121);
END;

-- INSERTING DEPENDENT 17 --
BEGIN;
INSERT INTO dependents (dependent_id, first_name, last_name, relationship, employee_id) VALUES (583, 'Louis', 'Pasteur', 'parent', 17);
END;

-- DELETING DEPENDENT 150 --
BEGIN;
DELETE FROM dependents WHERE dependent_id = 150;
COMMIT;

-- DELETING DEPENDENT 338 --
BEGIN;
DELETE FROM dependents WHERE dependent_id = 338;
COMMIT;

-- UPDATING EMPLOYEE SALARY 76 --
BEGIN;
UPDATE employees SET salary = salary + 7373 WHERE employee_id = 76;
COMMIT;

-- UPDATING EMPLOYEE SALARY 131 --
BEGIN;
UPDATE employees SET salary = salary + 3806 WHERE employee_id = 131;
COMMIT;

-- UPDATING EMPLOYEE SALARY 34 --
BEGIN;
UPDATE employees SET salary = salary + 9808 WHERE employee_id = 34;
COMMIT;

-- UPDATING EMPLOYEE SALARY 167 --
BEGIN;
UPDATE employees SET salary = salary + 9028 WHERE employee_id = 167;
COMMIT;

-- UPDATING EMPLOYEE SALARY 80 --
BEGIN;
UPDATE employees SET salary = salary + 7038 WHERE employee_id = 80;
COMMIT;

-- UPDATING EMPLOYEE SALARY 127 --
BEGIN;
UPDATE employees SET salary = salary + 5786 WHERE employee_id = 127;
COMMIT;

-- UPDATING EMPLOYEE SALARY 130 --
BEGIN;
UPDATE employees SET salary = salary + 6732 WHERE employee_id = 130;
COMMIT;

-- UPDATING EMPLOYEE SALARY 166 --
BEGIN;
UPDATE employees SET salary = salary + 1303 WHERE employee_id = 166;
COMMIT;

-- UPDATING EMPLOYEE SALARY 25 --
BEGIN;
UPDATE employees SET salary = salary + 8589 WHERE employee_id = 25;
COMMIT;

-- UPDATING EMPLOYEE SALARY 62 --
BEGIN;
UPDATE employees SET salary = salary + 8635 WHERE employee_id = 62;
COMMIT;

-- UPDATING EMPLOYEE SALARY 36 --
BEGIN;
UPDATE employees SET salary = salary + 5651 WHERE employee_id = 36;
COMMIT;

-- UPDATING EMPLOYEE SALARY 84 --
BEGIN;
UPDATE employees SET salary = salary + 7528 WHERE employee_id = 84;
COMMIT;

-- UPDATING EMPLOYEE SALARY 91 --
BEGIN;
UPDATE employees SET salary = salary + 8628 WHERE employee_id = 91;
COMMIT;

-- UPDATING EMPLOYEE SALARY 194 --
BEGIN;
UPDATE employees SET salary = salary + 406 WHERE employee_id = 194;
COMMIT;

-- UPDATING EMPLOYEE SALARY 65 --
BEGIN;
UPDATE employees SET salary = salary + 1190 WHERE employee_id = 65;
COMMIT;

-- UPDATING EMPLOYEE SALARY 177 --
BEGIN;
UPDATE employees SET salary = salary + 1298 WHERE employee_id = 177;
COMMIT;

-- UPDATING EMPLOYEE SALARY 133 --
BEGIN;
UPDATE employees SET salary = salary + 6035 WHERE employee_id = 133;
COMMIT;

-- UPDATING EMPLOYEE SALARY 170 --
BEGIN;
UPDATE employees SET salary = salary + 1377 WHERE employee_id = 170;
COMMIT;

-- UPDATING EMPLOYEE SALARY 138 --
BEGIN;
UPDATE employees SET salary = salary + 1603 WHERE employee_id = 138;
COMMIT;

-- UPDATING EMPLOYEE SALARY 196 --
BEGIN;
UPDATE employees SET salary = salary + 4010 WHERE employee_id = 196;
COMMIT;

-- UPDATING EMPLOYEE SALARY 169 --
BEGIN;
UPDATE employees SET salary = salary + 3442 WHERE employee_id = 169;
COMMIT;

-- UPDATING EMPLOYEE SALARY 191 --
BEGIN;
UPDATE employees SET salary = salary + 2777 WHERE employee_id = 191;
COMMIT;

-- UPDATING EMPLOYEE SALARY 134 --
BEGIN;
UPDATE employees SET salary = salary + 4704 WHERE employee_id = 134;
COMMIT;

-- UPDATING EMPLOYEE SALARY 116 --
BEGIN;
UPDATE employees SET salary = salary + 4884 WHERE employee_id = 116;
COMMIT;

-- UPDATING EMPLOYEE SALARY 156 --
BEGIN;
UPDATE employees SET salary = salary + 7947 WHERE employee_id = 156;
COMMIT;

-- UPDATING EMPLOYEE SALARY 88 --
BEGIN;
UPDATE employees SET salary = salary + 4192 WHERE employee_id = 88;
COMMIT;

-- UPDATING EMPLOYEE SALARY 96 --
BEGIN;
UPDATE employees SET salary = salary + 5225 WHERE employee_id = 96;
COMMIT;

-- UPDATING EMPLOYEE SALARY 104 --
BEGIN;
UPDATE employees SET salary = salary + 5814 WHERE employee_id = 104;
COMMIT;

-- UPDATING EMPLOYEE SALARY 22 --
BEGIN;
UPDATE employees SET salary = salary + 8767 WHERE employee_id = 22;
COMMIT;

-- UPDATING EMPLOYEE SALARY 107 --
BEGIN;
UPDATE employees SET salary = salary + 8604 WHERE employee_id = 107;
COMMIT;

-- UPDATING EMPLOYEE SALARY 76 --
BEGIN;
UPDATE employees SET salary = salary + 8861 WHERE employee_id = 76;
COMMIT;

-- UPDATING EMPLOYEE SALARY 151 --
BEGIN;
UPDATE employees SET salary = salary + 6693 WHERE employee_id = 151;
COMMIT;

-- UPDATING EMPLOYEE SALARY 88 --
BEGIN;
UPDATE employees SET salary = salary + 1905 WHERE employee_id = 88;
COMMIT;

-- UPDATING EMPLOYEE SALARY 177 --
BEGIN;
UPDATE employees SET salary = salary + 4186 WHERE employee_id = 177;
COMMIT;

-- UPDATING EMPLOYEE SALARY 33 --
BEGIN;
UPDATE employees SET salary = salary + 5357 WHERE employee_id = 33;
COMMIT;

-- UPDATING EMPLOYEE SALARY 125 --
BEGIN;
UPDATE employees SET salary = salary + 9352 WHERE employee_id = 125;
COMMIT;

-- UPDATING EMPLOYEE SALARY 126 --
BEGIN;
UPDATE employees SET salary = salary + 4912 WHERE employee_id = 126;
COMMIT;

-- UPDATING EMPLOYEE SALARY 112 --
BEGIN;
UPDATE employees SET salary = salary + 1404 WHERE employee_id = 112;
COMMIT;

-- UPDATING EMPLOYEE SALARY 165 --
BEGIN;
UPDATE employees SET salary = salary + 7948 WHERE employee_id = 165;
COMMIT;

-- UPDATING EMPLOYEE SALARY 61 --
BEGIN;
UPDATE employees SET salary = salary + 1329 WHERE employee_id = 61;
COMMIT;

-- INSERTING EMPLOYEE 197 --
BEGIN;
INSERT INTO employees (employee_id, first_name, last_name, email, phone_number, hire_date, job_id, salary,manager_id,department_id) VALUES (197, 'Brad', 'Pitt', 'brad.pitt@gmail.com', '555-7892', '1991-03-28', 48, 400000.00, 33, 122);
INSERT INTO dependents (dependent_id, first_name, last_name, relationship, employee_id) VALUES (584, 'Max', 'Planck', 'child', 197);
COMMIT;

-- INSERTING EMPLOYEE 198 --
BEGIN;
INSERT INTO employees (employee_id, first_name, last_name, email, phone_number, hire_date, job_id, salary,manager_id,department_id) VALUES (198, 'Jack', 'Sparrow', 'jack.sparrow@gmail.com', '555-4567', '1997-12-05', 32, 160000.00, 124, 286);
INSERT INTO dependents (dependent_id, first_name, last_name, relationship, employee_id) VALUES (585, 'Louis', 'Pasteur', 'parent', 198);
COMMIT;

-- INSERTING EMPLOYEE 199 --
BEGIN;
INSERT INTO employees (employee_id, first_name, last_name, email, phone_number, hire_date, job_id, salary,manager_id,department_id) VALUES (199, 'Uma', 'Thurman', 'uma.thurman@gmail.com', '555-4569', '2006-03-24', 15, 270000.00, 90, 78);
INSERT INTO dependents (dependent_id, first_name, last_name, relationship, employee_id) VALUES (586, 'Hugh', 'Jackman', 'parent', 199);
INSERT INTO dependents (dependent_id, first_name, last_name, relationship, employee_id) VALUES (587, 'Robert', 'Redford', 'spouse', 199);
COMMIT;

-- INSERTING EMPLOYEE 200 --
BEGIN;
INSERT INTO employees (employee_id, first_name, last_name, email, phone_number, hire_date, job_id, salary,manager_id,department_id) VALUES (200, 'Brad', 'Pitt', 'brad.pitt@gmail.com', '555-7892', '1994-07-06', 45, 400000.00, 35, 251);
INSERT INTO dependents (dependent_id, first_name, last_name, relationship, employee_id) VALUES (588, 'Kate', 'Winslet', 'spouse', 200);
INSERT INTO dependents (dependent_id, first_name, last_name, relationship, employee_id) VALUES (589, 'Isaac', 'Newton', 'child', 200);
INSERT INTO dependents (dependent_id, first_name, last_name, relationship, employee_id) VALUES (590, 'Werner', 'Heisenberg', 'spouse', 200);
INSERT INTO dependents (dependent_id, first_name, last_name, relationship, employee_id) VALUES (591, 'Richard', 'Feynman', 'spouse', 200);
COMMIT;

-- INSERTING EMPLOYEE 201 --
BEGIN;
INSERT INTO employees (employee_id, first_name, last_name, email, phone_number, hire_date, job_id, salary,manager_id,department_id) VALUES (201, 'Ethan', 'Hunt', 'ethan.hunt@gmail.com', '555-7890', '2009-03-17', 12, 110000.00, 182, 163);
COMMIT;

-- INSERTING DEPENDENT 103 --
BEGIN;
INSERT INTO dependents (dependent_id, first_name, last_name, relationship, employee_id) VALUES (592, 'Chris', 'Evans', 'spouse', 103);
END;

-- INSERTING DEPENDENT 74 --
BEGIN;
INSERT INTO dependents (dependent_id, first_name, last_name, relationship, employee_id) VALUES (593, 'Charles', 'Darwin', 'spouse', 74);
END;

-- INSERTING DEPENDENT 191 --
BEGIN;
INSERT INTO dependents (dependent_id, first_name, last_name, relationship, employee_id) VALUES (594, 'Iris', 'Apfel', 'spouse', 191);
END;

-- INSERTING DEPENDENT 36 --
BEGIN;
INSERT INTO dependents (dependent_id, first_name, last_name, relationship, employee_id) VALUES (595, 'Grace', 'Hopper', 'child', 36);
END;

-- INSERTING DEPENDENT 144 --
BEGIN;
INSERT INTO dependents (dependent_id, first_name, last_name, relationship, employee_id) VALUES (596, 'Oprah', 'Winfrey', 'child', 144);
END;

-- UPDATING EMPLOYEE SALARY 76 --
BEGIN;
UPDATE employees SET salary = salary + 1071 WHERE employee_id = 76;
COMMIT;

-- UPDATING EMPLOYEE SALARY 118 --
BEGIN;
UPDATE employees SET salary = salary + 4268 WHERE employee_id = 118;
COMMIT;

-- UPDATING EMPLOYEE SALARY 141 --
BEGIN;
UPDATE employees SET salary = salary + 1809 WHERE employee_id = 141;
COMMIT;

-- UPDATING EMPLOYEE SALARY 68 --
BEGIN;
UPDATE employees SET salary = salary + 2065 WHERE employee_id = 68;
COMMIT;

-- UPDATING EMPLOYEE SALARY 26 --
BEGIN;
UPDATE employees SET salary = salary + 2024 WHERE employee_id = 26;
COMMIT;

-- UPDATING EMPLOYEE SALARY 189 --
BEGIN;
UPDATE employees SET salary = salary + 3117 WHERE employee_id = 189;
COMMIT;

-- UPDATING EMPLOYEE SALARY 71 --
BEGIN;
UPDATE employees SET salary = salary + 9029 WHERE employee_id = 71;
COMMIT;

-- UPDATING EMPLOYEE SALARY 71 --
BEGIN;
UPDATE employees SET salary = salary + 7587 WHERE employee_id = 71;
COMMIT;

-- UPDATING EMPLOYEE SALARY 162 --
BEGIN;
UPDATE employees SET salary = salary + 5337 WHERE employee_id = 162;
COMMIT;

-- UPDATING EMPLOYEE SALARY 92 --
BEGIN;
UPDATE employees SET salary = salary + 3471 WHERE employee_id = 92;
COMMIT;

-- UPDATING EMPLOYEE SALARY 102 --
BEGIN;
UPDATE employees SET salary = salary + 5004 WHERE employee_id = 102;
COMMIT;

-- UPDATING EMPLOYEE SALARY 93 --
BEGIN;
UPDATE employees SET salary = salary + 9640 WHERE employee_id = 93;
COMMIT;

-- UPDATING EMPLOYEE SALARY 39 --
BEGIN;
UPDATE employees SET salary = salary + 3699 WHERE employee_id = 39;
COMMIT;

-- UPDATING EMPLOYEE SALARY 151 --
BEGIN;
UPDATE employees SET salary = salary + 5582 WHERE employee_id = 151;
COMMIT;

-- UPDATING EMPLOYEE SALARY 74 --
BEGIN;
UPDATE employees SET salary = salary + 2522 WHERE employee_id = 74;
COMMIT;

-- UPDATING EMPLOYEE SALARY 68 --
BEGIN;
UPDATE employees SET salary = salary + 5818 WHERE employee_id = 68;
COMMIT;

-- UPDATING EMPLOYEE SALARY 61 --
BEGIN;
UPDATE employees SET salary = salary + 1483 WHERE employee_id = 61;
COMMIT;

-- UPDATING EMPLOYEE SALARY 87 --
BEGIN;
UPDATE employees SET salary = salary + 6979 WHERE employee_id = 87;
COMMIT;

-- UPDATING EMPLOYEE SALARY 187 --
BEGIN;
UPDATE employees SET salary = salary + 8967 WHERE employee_id = 187;
COMMIT;

-- UPDATING EMPLOYEE SALARY 140 --
BEGIN;
UPDATE employees SET salary = salary + 6363 WHERE employee_id = 140;
COMMIT;

-- UPDATING EMPLOYEE SALARY 97 --
BEGIN;
UPDATE employees SET salary = salary + 1890 WHERE employee_id = 97;
COMMIT;

-- UPDATING EMPLOYEE SALARY 45 --
BEGIN;
UPDATE employees SET salary = salary + 1143 WHERE employee_id = 45;
COMMIT;

-- UPDATING EMPLOYEE SALARY 45 --
BEGIN;
UPDATE employees SET salary = salary + 6431 WHERE employee_id = 45;
COMMIT;

-- UPDATING EMPLOYEE SALARY 192 --
BEGIN;
UPDATE employees SET salary = salary + 9916 WHERE employee_id = 192;
COMMIT;

-- UPDATING EMPLOYEE SALARY 97 --
BEGIN;
UPDATE employees SET salary = salary + 8505 WHERE employee_id = 97;
COMMIT;

-- UPDATING EMPLOYEE SALARY 65 --
BEGIN;
UPDATE employees SET salary = salary + 1287 WHERE employee_id = 65;
COMMIT;

-- UPDATING EMPLOYEE SALARY 199 --
BEGIN;
UPDATE employees SET salary = salary + 5463 WHERE employee_id = 199;
COMMIT;

-- UPDATING EMPLOYEE SALARY 76 --
BEGIN;
UPDATE employees SET salary = salary + 9800 WHERE employee_id = 76;
COMMIT;

-- UPDATING EMPLOYEE SALARY 50 --
BEGIN;
UPDATE employees SET salary = salary + 2432 WHERE employee_id = 50;
COMMIT;

-- UPDATING EMPLOYEE SALARY 6 --
BEGIN;
UPDATE employees SET salary = salary + 1771 WHERE employee_id = 6;
COMMIT;

-- UPDATING EMPLOYEE SALARY 171 --
BEGIN;
UPDATE employees SET salary = salary + 8624 WHERE employee_id = 171;
COMMIT;

-- UPDATING EMPLOYEE SALARY 130 --
BEGIN;
UPDATE employees SET salary = salary + 5928 WHERE employee_id = 130;
COMMIT;

-- UPDATING EMPLOYEE SALARY 148 --
BEGIN;
UPDATE employees SET salary = salary + 6669 WHERE employee_id = 148;
COMMIT;

-- UPDATING EMPLOYEE SALARY 139 --
BEGIN;
UPDATE employees SET salary = salary + 1483 WHERE employee_id = 139;
COMMIT;

-- UPDATING EMPLOYEE SALARY 150 --
BEGIN;
UPDATE employees SET salary = salary + 202 WHERE employee_id = 150;
COMMIT;

-- UPDATING EMPLOYEE SALARY 163 --
BEGIN;
UPDATE employees SET salary = salary + 7748 WHERE employee_id = 163;
COMMIT;

-- UPDATING EMPLOYEE SALARY 158 --
BEGIN;
UPDATE employees SET salary = salary + 1054 WHERE employee_id = 158;
COMMIT;

-- UPDATING EMPLOYEE SALARY 165 --
BEGIN;
UPDATE employees SET salary = salary + 3121 WHERE employee_id = 165;
COMMIT;

-- UPDATING EMPLOYEE SALARY 164 --
BEGIN;
UPDATE employees SET salary = salary + 8907 WHERE employee_id = 164;
COMMIT;

-- UPDATING EMPLOYEE SALARY 176 --
BEGIN;
UPDATE employees SET salary = salary + 7663 WHERE employee_id = 176;
COMMIT;

-- UPDATING EMPLOYEE SALARY 162 --
BEGIN;
UPDATE employees SET salary = salary + 8530 WHERE employee_id = 162;
COMMIT;

-- UPDATING EMPLOYEE SALARY 146 --
BEGIN;
UPDATE employees SET salary = salary + 2761 WHERE employee_id = 146;
COMMIT;

-- UPDATING EMPLOYEE SALARY 116 --
BEGIN;
UPDATE employees SET salary = salary + 683 WHERE employee_id = 116;
COMMIT;

-- UPDATING EMPLOYEE SALARY 135 --
BEGIN;
UPDATE employees SET salary = salary + 1896 WHERE employee_id = 135;
COMMIT;

-- UPDATING EMPLOYEE SALARY 66 --
BEGIN;
UPDATE employees SET salary = salary + 5886 WHERE employee_id = 66;
COMMIT;

-- UPDATING EMPLOYEE SALARY 176 --
BEGIN;
UPDATE employees SET salary = salary + 9075 WHERE employee_id = 176;
COMMIT;

-- UPDATING EMPLOYEE SALARY 172 --
BEGIN;
UPDATE employees SET salary = salary + 4417 WHERE employee_id = 172;
COMMIT;

-- UPDATING EMPLOYEE SALARY 163 --
BEGIN;
UPDATE employees SET salary = salary + 5092 WHERE employee_id = 163;
COMMIT;

-- UPDATING EMPLOYEE SALARY 138 --
BEGIN;
UPDATE employees SET salary = salary + 4701 WHERE employee_id = 138;
COMMIT;

-- UPDATING EMPLOYEE SALARY 39 --
BEGIN;
UPDATE employees SET salary = salary + 6947 WHERE employee_id = 39;
COMMIT;

-- UPDATING EMPLOYEE SALARY 76 --
BEGIN;
UPDATE employees SET salary = salary + 4272 WHERE employee_id = 76;
COMMIT;

-- UPDATING EMPLOYEE SALARY 134 --
BEGIN;
UPDATE employees SET salary = salary + 2633 WHERE employee_id = 134;
COMMIT;

-- UPDATING EMPLOYEE SALARY 106 --
BEGIN;
UPDATE employees SET salary = salary + 905 WHERE employee_id = 106;
COMMIT;

-- UPDATING EMPLOYEE SALARY 201 --
BEGIN;
UPDATE employees SET salary = salary + 3284 WHERE employee_id = 201;
COMMIT;

-- UPDATING EMPLOYEE SALARY 73 --
BEGIN;
UPDATE employees SET salary = salary + 1679 WHERE employee_id = 73;
COMMIT;

-- UPDATING EMPLOYEE SALARY 9 --
BEGIN;
UPDATE employees SET salary = salary + 5502 WHERE employee_id = 9;
COMMIT;

-- UPDATING EMPLOYEE SALARY 39 --
BEGIN;
UPDATE employees SET salary = salary + 9511 WHERE employee_id = 39;
COMMIT;

-- UPDATING EMPLOYEE SALARY 182 --
BEGIN;
UPDATE employees SET salary = salary + 3244 WHERE employee_id = 182;
COMMIT;

-- UPDATING EMPLOYEE SALARY 59 --
BEGIN;
UPDATE employees SET salary = salary + 9389 WHERE employee_id = 59;
COMMIT;

-- UPDATING EMPLOYEE SALARY 129 --
BEGIN;
UPDATE employees SET salary = salary + 2914 WHERE employee_id = 129;
COMMIT;

-- UPDATING EMPLOYEE SALARY 153 --
BEGIN;
UPDATE employees SET salary = salary + 6208 WHERE employee_id = 153;
COMMIT;

-- UPDATING EMPLOYEE SALARY 46 --
BEGIN;
UPDATE employees SET salary = salary + 7704 WHERE employee_id = 46;
COMMIT;

-- UPDATING EMPLOYEE SALARY 150 --
BEGIN;
UPDATE employees SET salary = salary + 4782 WHERE employee_id = 150;
COMMIT;

-- UPDATING EMPLOYEE SALARY 96 --
BEGIN;
UPDATE employees SET salary = salary + 9932 WHERE employee_id = 96;
COMMIT;

-- UPDATING EMPLOYEE SALARY 173 --
BEGIN;
UPDATE employees SET salary = salary + 5750 WHERE employee_id = 173;
COMMIT;

-- UPDATING EMPLOYEE SALARY 133 --
BEGIN;
UPDATE employees SET salary = salary + 6814 WHERE employee_id = 133;
COMMIT;

-- UPDATING EMPLOYEE SALARY 1 --
BEGIN;
UPDATE employees SET salary = salary + 4739 WHERE employee_id = 1;
COMMIT;

-- UPDATING EMPLOYEE SALARY 53 --
BEGIN;
UPDATE employees SET salary = salary + 5247 WHERE employee_id = 53;
COMMIT;

-- UPDATING EMPLOYEE SALARY 135 --
BEGIN;
UPDATE employees SET salary = salary + 5454 WHERE employee_id = 135;
COMMIT;

-- UPDATING EMPLOYEE SALARY 178 --
BEGIN;
UPDATE employees SET salary = salary + 8727 WHERE employee_id = 178;
COMMIT;

-- UPDATING EMPLOYEE SALARY 37 --
BEGIN;
UPDATE employees SET salary = salary + 3080 WHERE employee_id = 37;
COMMIT;

-- UPDATING EMPLOYEE SALARY 66 --
BEGIN;
UPDATE employees SET salary = salary + 5999 WHERE employee_id = 66;
COMMIT;

-- UPDATING EMPLOYEE SALARY 35 --
BEGIN;
UPDATE employees SET salary = salary + 5149 WHERE employee_id = 35;
COMMIT;

-- UPDATING EMPLOYEE SALARY 170 --
BEGIN;
UPDATE employees SET salary = salary + 4829 WHERE employee_id = 170;
COMMIT;

-- UPDATING EMPLOYEE SALARY 190 --
BEGIN;
UPDATE employees SET salary = salary + 5072 WHERE employee_id = 190;
COMMIT;

-- UPDATING EMPLOYEE SALARY 200 --
BEGIN;
UPDATE employees SET salary = salary + 4255 WHERE employee_id = 200;
COMMIT;

-- UPDATING EMPLOYEE SALARY 187 --
BEGIN;
UPDATE employees SET salary = salary + 322 WHERE employee_id = 187;
COMMIT;

-- UPDATING EMPLOYEE SALARY 166 --
BEGIN;
UPDATE employees SET salary = salary + 3611 WHERE employee_id = 166;
COMMIT;

-- UPDATING EMPLOYEE SALARY 147 --
BEGIN;
UPDATE employees SET salary = salary + 1387 WHERE employee_id = 147;
COMMIT;

-- UPDATING EMPLOYEE SALARY 93 --
BEGIN;
UPDATE employees SET salary = salary + 8011 WHERE employee_id = 93;
COMMIT;

-- UPDATING EMPLOYEE SALARY 39 --
BEGIN;
UPDATE employees SET salary = salary + 4928 WHERE employee_id = 39;
COMMIT;

-- UPDATING EMPLOYEE SALARY 1 --
BEGIN;
UPDATE employees SET salary = salary + 165 WHERE employee_id = 1;
COMMIT;

-- UPDATING EMPLOYEE SALARY 14 --
BEGIN;
UPDATE employees SET salary = salary + 1049 WHERE employee_id = 14;
COMMIT;

-- UPDATING EMPLOYEE SALARY 143 --
BEGIN;
UPDATE employees SET salary = salary + 6170 WHERE employee_id = 143;
COMMIT;

-- UPDATING EMPLOYEE SALARY 44 --
BEGIN;
UPDATE employees SET salary = salary + 4081 WHERE employee_id = 44;
COMMIT;

-- UPDATING EMPLOYEE SALARY 170 --
BEGIN;
UPDATE employees SET salary = salary + 3404 WHERE employee_id = 170;
COMMIT;

-- UPDATING EMPLOYEE SALARY 186 --
BEGIN;
UPDATE employees SET salary = salary + 2012 WHERE employee_id = 186;
COMMIT;

-- UPDATING EMPLOYEE SALARY 22 --
BEGIN;
UPDATE employees SET salary = salary + 8063 WHERE employee_id = 22;
COMMIT;

-- UPDATING EMPLOYEE SALARY 164 --
BEGIN;
UPDATE employees SET salary = salary + 1104 WHERE employee_id = 164;
COMMIT;

-- UPDATING EMPLOYEE SALARY 190 --
BEGIN;
UPDATE employees SET salary = salary + 6226 WHERE employee_id = 190;
COMMIT;

-- UPDATING EMPLOYEE SALARY 187 --
BEGIN;
UPDATE employees SET salary = salary + 1851 WHERE employee_id = 187;
COMMIT;

-- UPDATING EMPLOYEE SALARY 164 --
BEGIN;
UPDATE employees SET salary = salary + 949 WHERE employee_id = 164;
COMMIT;

-- UPDATING EMPLOYEE SALARY 173 --
BEGIN;
UPDATE employees SET salary = salary + 774 WHERE employee_id = 173;
COMMIT;

-- UPDATING EMPLOYEE SALARY 73 --
BEGIN;
UPDATE employees SET salary = salary + 9778 WHERE employee_id = 73;
COMMIT;

-- UPDATING EMPLOYEE SALARY 184 --
BEGIN;
UPDATE employees SET salary = salary + 8557 WHERE employee_id = 184;
COMMIT;

-- UPDATING EMPLOYEE SALARY 71 --
BEGIN;
UPDATE employees SET salary = salary + 3600 WHERE employee_id = 71;
COMMIT;

-- UPDATING EMPLOYEE SALARY 196 --
BEGIN;
UPDATE employees SET salary = salary + 6642 WHERE employee_id = 196;
COMMIT;

-- UPDATING EMPLOYEE SALARY 148 --
BEGIN;
UPDATE employees SET salary = salary + 1760 WHERE employee_id = 148;
COMMIT;

-- UPDATING EMPLOYEE SALARY 126 --
BEGIN;
UPDATE employees SET salary = salary + 7873 WHERE employee_id = 126;
COMMIT;

-- UPDATING EMPLOYEE SALARY 93 --
BEGIN;
UPDATE employees SET salary = salary + 8575 WHERE employee_id = 93;
COMMIT;

-- UPDATING EMPLOYEE SALARY 80 --
BEGIN;
UPDATE employees SET salary = salary + 7809 WHERE employee_id = 80;
COMMIT;

-- UPDATING EMPLOYEE SALARY 154 --
BEGIN;
UPDATE employees SET salary = salary + 7419 WHERE employee_id = 154;
COMMIT;

-- UPDATING EMPLOYEE SALARY 136 --
BEGIN;
UPDATE employees SET salary = salary + 704 WHERE employee_id = 136;
COMMIT;

-- UPDATING EMPLOYEE SALARY 160 --
BEGIN;
UPDATE employees SET salary = salary + 9835 WHERE employee_id = 160;
COMMIT;

-- UPDATING EMPLOYEE SALARY 175 --
BEGIN;
UPDATE employees SET salary = salary + 3200 WHERE employee_id = 175;
COMMIT;

-- UPDATING EMPLOYEE SALARY 168 --
BEGIN;
UPDATE employees SET salary = salary + 1639 WHERE employee_id = 168;
COMMIT;

-- UPDATING EMPLOYEE SALARY 201 --
BEGIN;
UPDATE employees SET salary = salary + 7252 WHERE employee_id = 201;
COMMIT;

-- UPDATING EMPLOYEE SALARY 50 --
BEGIN;
UPDATE employees SET salary = salary + 4406 WHERE employee_id = 50;
COMMIT;

-- UPDATING EMPLOYEE SALARY 150 --
BEGIN;
UPDATE employees SET salary = salary + 8896 WHERE employee_id = 150;
COMMIT;

-- UPDATING EMPLOYEE SALARY 124 --
BEGIN;
UPDATE employees SET salary = salary + 6148 WHERE employee_id = 124;
COMMIT;

-- UPDATING EMPLOYEE SALARY 88 --
BEGIN;
UPDATE employees SET salary = salary + 8137 WHERE employee_id = 88;
COMMIT;

-- UPDATING EMPLOYEE SALARY 41 --
BEGIN;
UPDATE employees SET salary = salary + 2603 WHERE employee_id = 41;
COMMIT;

-- UPDATING EMPLOYEE SALARY 186 --
BEGIN;
UPDATE employees SET salary = salary + 3067 WHERE employee_id = 186;
COMMIT;

-- UPDATING EMPLOYEE SALARY 45 --
BEGIN;
UPDATE employees SET salary = salary + 1415 WHERE employee_id = 45;
COMMIT;

-- UPDATING EMPLOYEE SALARY 71 --
BEGIN;
UPDATE employees SET salary = salary + 855 WHERE employee_id = 71;
COMMIT;

-- UPDATING EMPLOYEE SALARY 167 --
BEGIN;
UPDATE employees SET salary = salary + 8959 WHERE employee_id = 167;
COMMIT;

-- UPDATING EMPLOYEE SALARY 136 --
BEGIN;
UPDATE employees SET salary = salary + 3233 WHERE employee_id = 136;
COMMIT;

-- UPDATING EMPLOYEE SALARY 73 --
BEGIN;
UPDATE employees SET salary = salary + 3523 WHERE employee_id = 73;
COMMIT;

-- UPDATING EMPLOYEE SALARY 160 --
BEGIN;
UPDATE employees SET salary = salary + 3088 WHERE employee_id = 160;
COMMIT;

-- UPDATING EMPLOYEE SALARY 179 --
BEGIN;
UPDATE employees SET salary = salary + 7368 WHERE employee_id = 179;
COMMIT;

-- INSERTING EMPLOYEE 202 --
BEGIN;
INSERT INTO employees (employee_id, first_name, last_name, email, phone_number, hire_date, job_id, salary,manager_id,department_id) VALUES (202, 'Jared', 'Leto', 'jared.leto@gmail.com', '555-5670', '2024-06-01', 55, 480000.00, 114, 225);
INSERT INTO dependents (dependent_id, first_name, last_name, relationship, employee_id) VALUES (597, 'Richard', 'Feynman', 'spouse', 202);
INSERT INTO dependents (dependent_id, first_name, last_name, relationship, employee_id) VALUES (598, 'Dorothy', 'Hodgkin', 'parent', 202);
INSERT INTO dependents (dependent_id, first_name, last_name, relationship, employee_id) VALUES (599, 'Frank', 'Sinatra', 'parent', 202);
INSERT INTO dependents (dependent_id, first_name, last_name, relationship, employee_id) VALUES (600, 'Werner', 'Heisenberg', 'child', 202);
COMMIT;

-- INSERTING DEPENDENT 164 --
BEGIN;
INSERT INTO dependents (dependent_id, first_name, last_name, relationship, employee_id) VALUES (601, 'Paul', 'Dirac', 'spouse', 164);
END;

-- UPDATING EMPLOYEE SALARY 1 --
BEGIN;
UPDATE employees SET salary = salary + 4153 WHERE employee_id = 1;
COMMIT;

-- UPDATING EMPLOYEE SALARY 141 --
BEGIN;
UPDATE employees SET salary = salary + 6061 WHERE employee_id = 141;
COMMIT;

-- UPDATING EMPLOYEE SALARY 81 --
BEGIN;
UPDATE employees SET salary = salary + 2096 WHERE employee_id = 81;
COMMIT;

-- UPDATING EMPLOYEE SALARY 197 --
BEGIN;
UPDATE employees SET salary = salary + 4482 WHERE employee_id = 197;
COMMIT;

-- UPDATING EMPLOYEE SALARY 136 --
BEGIN;
UPDATE employees SET salary = salary + 404 WHERE employee_id = 136;
COMMIT;

-- UPDATING EMPLOYEE SALARY 157 --
BEGIN;
UPDATE employees SET salary = salary + 5701 WHERE employee_id = 157;
COMMIT;

-- UPDATING EMPLOYEE SALARY 134 --
BEGIN;
UPDATE employees SET salary = salary + 3269 WHERE employee_id = 134;
COMMIT;

-- UPDATING EMPLOYEE SALARY 152 --
BEGIN;
UPDATE employees SET salary = salary + 9648 WHERE employee_id = 152;
COMMIT;

-- UPDATING EMPLOYEE SALARY 117 --
BEGIN;
UPDATE employees SET salary = salary + 4371 WHERE employee_id = 117;
COMMIT;

-- UPDATING EMPLOYEE SALARY 38 --
BEGIN;
UPDATE employees SET salary = salary + 5112 WHERE employee_id = 38;
COMMIT;

-- UPDATING EMPLOYEE SALARY 37 --
BEGIN;
UPDATE employees SET salary = salary + 2129 WHERE employee_id = 37;
COMMIT;

-- UPDATING EMPLOYEE SALARY 14 --
BEGIN;
UPDATE employees SET salary = salary + 7716 WHERE employee_id = 14;
COMMIT;

-- UPDATING EMPLOYEE SALARY 190 --
BEGIN;
UPDATE employees SET salary = salary + 6291 WHERE employee_id = 190;
COMMIT;

-- UPDATING EMPLOYEE SALARY 142 --
BEGIN;
UPDATE employees SET salary = salary + 1905 WHERE employee_id = 142;
COMMIT;

-- UPDATING EMPLOYEE SALARY 45 --
BEGIN;
UPDATE employees SET salary = salary + 1267 WHERE employee_id = 45;
COMMIT;

-- UPDATING EMPLOYEE SALARY 75 --
BEGIN;
UPDATE employees SET salary = salary + 8521 WHERE employee_id = 75;
COMMIT;

-- UPDATING EMPLOYEE SALARY 60 --
BEGIN;
UPDATE employees SET salary = salary + 8864 WHERE employee_id = 60;
COMMIT;

-- UPDATING EMPLOYEE SALARY 1 --
BEGIN;
UPDATE employees SET salary = salary + 3838 WHERE employee_id = 1;
COMMIT;

-- UPDATING EMPLOYEE SALARY 84 --
BEGIN;
UPDATE employees SET salary = salary + 1987 WHERE employee_id = 84;
COMMIT;

-- UPDATING EMPLOYEE SALARY 136 --
BEGIN;
UPDATE employees SET salary = salary + 3203 WHERE employee_id = 136;
COMMIT;

-- UPDATING EMPLOYEE SALARY 77 --
BEGIN;
UPDATE employees SET salary = salary + 1910 WHERE employee_id = 77;
COMMIT;

-- UPDATING EMPLOYEE SALARY 160 --
BEGIN;
UPDATE employees SET salary = salary + 4942 WHERE employee_id = 160;
COMMIT;

-- UPDATING EMPLOYEE SALARY 37 --
BEGIN;
UPDATE employees SET salary = salary + 222 WHERE employee_id = 37;
COMMIT;

-- UPDATING EMPLOYEE SALARY 121 --
BEGIN;
UPDATE employees SET salary = salary + 5218 WHERE employee_id = 121;
COMMIT;

-- UPDATING EMPLOYEE SALARY 1 --
BEGIN;
UPDATE employees SET salary = salary + 6148 WHERE employee_id = 1;
COMMIT;

-- UPDATING EMPLOYEE SALARY 78 --
BEGIN;
UPDATE employees SET salary = salary + 744 WHERE employee_id = 78;
COMMIT;

-- UPDATING EMPLOYEE SALARY 152 --
BEGIN;
UPDATE employees SET salary = salary + 8372 WHERE employee_id = 152;
COMMIT;

-- UPDATING EMPLOYEE SALARY 74 --
BEGIN;
UPDATE employees SET salary = salary + 9801 WHERE employee_id = 74;
COMMIT;

-- UPDATING EMPLOYEE SALARY 137 --
BEGIN;
UPDATE employees SET salary = salary + 638 WHERE employee_id = 137;
COMMIT;

-- UPDATING EMPLOYEE SALARY 46 --
BEGIN;
UPDATE employees SET salary = salary + 9521 WHERE employee_id = 46;
COMMIT;

-- UPDATING EMPLOYEE SALARY 154 --
BEGIN;
UPDATE employees SET salary = salary + 3031 WHERE employee_id = 154;
COMMIT;

-- UPDATING EMPLOYEE SALARY 106 --
BEGIN;
UPDATE employees SET salary = salary + 1340 WHERE employee_id = 106;
COMMIT;

-- UPDATING EMPLOYEE SALARY 45 --
BEGIN;
UPDATE employees SET salary = salary + 3857 WHERE employee_id = 45;
COMMIT;

-- UPDATING EMPLOYEE SALARY 38 --
BEGIN;
UPDATE employees SET salary = salary + 4843 WHERE employee_id = 38;
COMMIT;

-- UPDATING EMPLOYEE SALARY 127 --
BEGIN;
UPDATE employees SET salary = salary + 1957 WHERE employee_id = 127;
COMMIT;

-- UPDATING EMPLOYEE SALARY 121 --
BEGIN;
UPDATE employees SET salary = salary + 6979 WHERE employee_id = 121;
COMMIT;

-- UPDATING EMPLOYEE SALARY 147 --
BEGIN;
UPDATE employees SET salary = salary + 3017 WHERE employee_id = 147;
COMMIT;

-- UPDATING EMPLOYEE SALARY 138 --
BEGIN;
UPDATE employees SET salary = salary + 259 WHERE employee_id = 138;
COMMIT;

-- UPDATING EMPLOYEE SALARY 116 --
BEGIN;
UPDATE employees SET salary = salary + 7135 WHERE employee_id = 116;
COMMIT;

-- UPDATING EMPLOYEE SALARY 49 --
BEGIN;
UPDATE employees SET salary = salary + 791 WHERE employee_id = 49;
COMMIT;

-- UPDATING EMPLOYEE SALARY 102 --
BEGIN;
UPDATE employees SET salary = salary + 8296 WHERE employee_id = 102;
COMMIT;

-- UPDATING EMPLOYEE SALARY 67 --
BEGIN;
UPDATE employees SET salary = salary + 4951 WHERE employee_id = 67;
COMMIT;

-- UPDATING EMPLOYEE SALARY 172 --
BEGIN;
UPDATE employees SET salary = salary + 9099 WHERE employee_id = 172;
COMMIT;

-- UPDATING EMPLOYEE SALARY 35 --
BEGIN;
UPDATE employees SET salary = salary + 8567 WHERE employee_id = 35;
COMMIT;

-- UPDATING EMPLOYEE SALARY 114 --
BEGIN;
UPDATE employees SET salary = salary + 162 WHERE employee_id = 114;
COMMIT;

-- UPDATING EMPLOYEE SALARY 50 --
BEGIN;
UPDATE employees SET salary = salary + 7293 WHERE employee_id = 50;
COMMIT;

-- UPDATING EMPLOYEE SALARY 201 --
BEGIN;
UPDATE employees SET salary = salary + 5974 WHERE employee_id = 201;
COMMIT;

-- UPDATING EMPLOYEE SALARY 174 --
BEGIN;
UPDATE employees SET salary = salary + 2096 WHERE employee_id = 174;
COMMIT;

-- UPDATING EMPLOYEE SALARY 74 --
BEGIN;
UPDATE employees SET salary = salary + 6865 WHERE employee_id = 74;
COMMIT;

-- UPDATING EMPLOYEE SALARY 68 --
BEGIN;
UPDATE employees SET salary = salary + 1670 WHERE employee_id = 68;
COMMIT;

-- UPDATING EMPLOYEE SALARY 151 --
BEGIN;
UPDATE employees SET salary = salary + 2510 WHERE employee_id = 151;
COMMIT;

-- UPDATING EMPLOYEE SALARY 44 --
BEGIN;
UPDATE employees SET salary = salary + 2341 WHERE employee_id = 44;
COMMIT;

-- UPDATING EMPLOYEE SALARY 17 --
BEGIN;
UPDATE employees SET salary = salary + 171 WHERE employee_id = 17;
COMMIT;

-- UPDATING EMPLOYEE SALARY 120 --
BEGIN;
UPDATE employees SET salary = salary + 372 WHERE employee_id = 120;
COMMIT;

-- UPDATING EMPLOYEE SALARY 155 --
BEGIN;
UPDATE employees SET salary = salary + 3698 WHERE employee_id = 155;
COMMIT;

-- UPDATING EMPLOYEE SALARY 45 --
BEGIN;
UPDATE employees SET salary = salary + 7459 WHERE employee_id = 45;
COMMIT;

-- UPDATING EMPLOYEE SALARY 114 --
BEGIN;
UPDATE employees SET salary = salary + 5894 WHERE employee_id = 114;
COMMIT;

-- UPDATING EMPLOYEE SALARY 11 --
BEGIN;
UPDATE employees SET salary = salary + 3586 WHERE employee_id = 11;
COMMIT;

-- UPDATING EMPLOYEE SALARY 119 --
BEGIN;
UPDATE employees SET salary = salary + 3710 WHERE employee_id = 119;
COMMIT;

-- UPDATING EMPLOYEE SALARY 6 --
BEGIN;
UPDATE employees SET salary = salary + 1354 WHERE employee_id = 6;
COMMIT;

-- UPDATING EMPLOYEE SALARY 25 --
BEGIN;
UPDATE employees SET salary = salary + 1120 WHERE employee_id = 25;
COMMIT;

-- UPDATING EMPLOYEE SALARY 161 --
BEGIN;
UPDATE employees SET salary = salary + 6335 WHERE employee_id = 161;
COMMIT;

-- UPDATING EMPLOYEE SALARY 39 --
BEGIN;
UPDATE employees SET salary = salary + 8487 WHERE employee_id = 39;
COMMIT;

-- UPDATING EMPLOYEE SALARY 87 --
BEGIN;
UPDATE employees SET salary = salary + 1567 WHERE employee_id = 87;
COMMIT;

-- UPDATING EMPLOYEE SALARY 191 --
BEGIN;
UPDATE employees SET salary = salary + 7158 WHERE employee_id = 191;
COMMIT;

-- UPDATING EMPLOYEE SALARY 34 --
BEGIN;
UPDATE employees SET salary = salary + 9594 WHERE employee_id = 34;
COMMIT;

-- UPDATING EMPLOYEE SALARY 9 --
BEGIN;
UPDATE employees SET salary = salary + 5591 WHERE employee_id = 9;
COMMIT;

-- UPDATING EMPLOYEE SALARY 119 --
BEGIN;
UPDATE employees SET salary = salary + 4851 WHERE employee_id = 119;
COMMIT;

-- UPDATING EMPLOYEE SALARY 164 --
BEGIN;
UPDATE employees SET salary = salary + 3930 WHERE employee_id = 164;
COMMIT;

-- UPDATING EMPLOYEE SALARY 185 --
BEGIN;
UPDATE employees SET salary = salary + 9181 WHERE employee_id = 185;
COMMIT;

-- UPDATING EMPLOYEE SALARY 58 --
BEGIN;
UPDATE employees SET salary = salary + 5234 WHERE employee_id = 58;
COMMIT;

-- UPDATING EMPLOYEE SALARY 176 --
BEGIN;
UPDATE employees SET salary = salary + 7799 WHERE employee_id = 176;
COMMIT;

-- UPDATING EMPLOYEE SALARY 150 --
BEGIN;
UPDATE employees SET salary = salary + 8833 WHERE employee_id = 150;
COMMIT;

-- UPDATING EMPLOYEE SALARY 65 --
BEGIN;
UPDATE employees SET salary = salary + 1690 WHERE employee_id = 65;
COMMIT;

-- UPDATING EMPLOYEE SALARY 120 --
BEGIN;
UPDATE employees SET salary = salary + 441 WHERE employee_id = 120;
COMMIT;

-- UPDATING EMPLOYEE SALARY 121 --
BEGIN;
UPDATE employees SET salary = salary + 8818 WHERE employee_id = 121;
COMMIT;

-- UPDATING EMPLOYEE SALARY 34 --
BEGIN;
UPDATE employees SET salary = salary + 1410 WHERE employee_id = 34;
COMMIT;

-- UPDATING EMPLOYEE SALARY 85 --
BEGIN;
UPDATE employees SET salary = salary + 4016 WHERE employee_id = 85;
COMMIT;

-- UPDATING EMPLOYEE SALARY 60 --
BEGIN;
UPDATE employees SET salary = salary + 3690 WHERE employee_id = 60;
COMMIT;

-- UPDATING EMPLOYEE SALARY 169 --
BEGIN;
UPDATE employees SET salary = salary + 1928 WHERE employee_id = 169;
COMMIT;

-- UPDATING EMPLOYEE SALARY 33 --
BEGIN;
UPDATE employees SET salary = salary + 3102 WHERE employee_id = 33;
COMMIT;

-- UPDATING EMPLOYEE SALARY 93 --
BEGIN;
UPDATE employees SET salary = salary + 1492 WHERE employee_id = 93;
COMMIT;

-- UPDATING EMPLOYEE SALARY 185 --
BEGIN;
UPDATE employees SET salary = salary + 9807 WHERE employee_id = 185;
COMMIT;

-- UPDATING EMPLOYEE SALARY 117 --
BEGIN;
UPDATE employees SET salary = salary + 3650 WHERE employee_id = 117;
COMMIT;

-- UPDATING EMPLOYEE SALARY 1 --
BEGIN;
UPDATE employees SET salary = salary + 5995 WHERE employee_id = 1;
COMMIT;

-- UPDATING EMPLOYEE SALARY 164 --
BEGIN;
UPDATE employees SET salary = salary + 7254 WHERE employee_id = 164;
COMMIT;

-- UPDATING EMPLOYEE SALARY 166 --
BEGIN;
UPDATE employees SET salary = salary + 5720 WHERE employee_id = 166;
COMMIT;

-- UPDATING EMPLOYEE SALARY 175 --
BEGIN;
UPDATE employees SET salary = salary + 7314 WHERE employee_id = 175;
COMMIT;

-- UPDATING EMPLOYEE SALARY 133 --
BEGIN;
UPDATE employees SET salary = salary + 6931 WHERE employee_id = 133;
COMMIT;

-- UPDATING EMPLOYEE SALARY 148 --
BEGIN;
UPDATE employees SET salary = salary + 7220 WHERE employee_id = 148;
COMMIT;

-- UPDATING EMPLOYEE SALARY 121 --
BEGIN;
UPDATE employees SET salary = salary + 4935 WHERE employee_id = 121;
COMMIT;

-- UPDATING EMPLOYEE SALARY 152 --
BEGIN;
UPDATE employees SET salary = salary + 841 WHERE employee_id = 152;
COMMIT;

-- UPDATING EMPLOYEE SALARY 26 --
BEGIN;
UPDATE employees SET salary = salary + 2511 WHERE employee_id = 26;
COMMIT;

-- UPDATING EMPLOYEE SALARY 117 --
BEGIN;
UPDATE employees SET salary = salary + 1236 WHERE employee_id = 117;
COMMIT;

-- UPDATING EMPLOYEE SALARY 87 --
BEGIN;
UPDATE employees SET salary = salary + 7861 WHERE employee_id = 87;
COMMIT;

-- UPDATING EMPLOYEE SALARY 160 --
BEGIN;
UPDATE employees SET salary = salary + 8720 WHERE employee_id = 160;
COMMIT;

-- UPDATING EMPLOYEE SALARY 81 --
BEGIN;
UPDATE employees SET salary = salary + 9356 WHERE employee_id = 81;
COMMIT;

-- UPDATING EMPLOYEE SALARY 112 --
BEGIN;
UPDATE employees SET salary = salary + 1654 WHERE employee_id = 112;
COMMIT;

-- INSERTING EMPLOYEE 203 --
BEGIN;
INSERT INTO employees (employee_id, first_name, last_name, email, phone_number, hire_date, job_id, salary,manager_id,department_id) VALUES (203, 'Quentin', 'Tarantino', 'quentin.tarantino@gmail.com', '555-0123', '1993-07-14', 19, 230000.00, 75, 385);
INSERT INTO dependents (dependent_id, first_name, last_name, relationship, employee_id) VALUES (602, 'Grace', 'Kelly', 'spouse', 203);
INSERT INTO dependents (dependent_id, first_name, last_name, relationship, employee_id) VALUES (603, 'Louis', 'Armstrong', 'spouse', 203);
INSERT INTO dependents (dependent_id, first_name, last_name, relationship, employee_id) VALUES (604, 'Louis', 'Pasteur', 'child', 203);
INSERT INTO dependents (dependent_id, first_name, last_name, relationship, employee_id) VALUES (605, 'Alex', 'Rodriguez', 'child', 203);
COMMIT;

-- INSERTING EMPLOYEE 204 --
BEGIN;
INSERT INTO employees (employee_id, first_name, last_name, email, phone_number, hire_date, job_id, salary,manager_id,department_id) VALUES (204, 'Gwen', 'Stefani', 'gwen.stefani@gmail.com', '555-2347', '2018-04-16', 59, 450000.00, 164, 84);
INSERT INTO dependents (dependent_id, first_name, last_name, relationship, employee_id) VALUES (606, 'Susan', 'Sarandon', 'child', 204);
COMMIT;

-- INSERTING EMPLOYEE 205 --
BEGIN;
INSERT INTO employees (employee_id, first_name, last_name, email, phone_number, hire_date, job_id, salary,manager_id,department_id) VALUES (205, 'Matthew', 'McConaughey', 'matthew.mcconaughey@gmail.com', '555-8903', '2005-08-02', 36, 510000.00, 96, 596);
INSERT INTO dependents (dependent_id, first_name, last_name, relationship, employee_id) VALUES (607, 'Oprah', 'Winfrey', 'parent', 205);
INSERT INTO dependents (dependent_id, first_name, last_name, relationship, employee_id) VALUES (608, 'Hugh', 'Jackman', 'child', 205);
INSERT INTO dependents (dependent_id, first_name, last_name, relationship, employee_id) VALUES (609, 'Barbara', 'McClintock', 'spouse', 205);
INSERT INTO dependents (dependent_id, first_name, last_name, relationship, employee_id) VALUES (610, 'Paul', 'Newman', 'spouse', 205);
COMMIT;

-- INSERTING EMPLOYEE 206 --
BEGIN;
INSERT INTO employees (employee_id, first_name, last_name, email, phone_number, hire_date, job_id, salary,manager_id,department_id) VALUES (206, 'Natalie', 'Portman', 'natalie.portman@gmail.com', '555-9014', '1998-05-27', 49, 520000.00, 117, 165);
INSERT INTO dependents (dependent_id, first_name, last_name, relationship, employee_id) VALUES (611, 'Emmy', 'Noether', 'parent', 206);
COMMIT;

-- INSERTING DEPENDENT 93 --
BEGIN;
INSERT INTO dependents (dependent_id, first_name, last_name, relationship, employee_id) VALUES (612, 'Iris', 'Apfel', 'parent', 93);
END;

-- INSERTING DEPENDENT 187 --
BEGIN;
INSERT INTO dependents (dependent_id, first_name, last_name, relationship, employee_id) VALUES (613, 'Alex', 'Rodriguez', 'spouse', 187);
END;

-- INSERTING DEPENDENT 73 --
BEGIN;
INSERT INTO dependents (dependent_id, first_name, last_name, relationship, employee_id) VALUES (614, 'David', 'Hilbert', 'spouse', 73);
END;

-- INSERTING DEPENDENT 169 --
BEGIN;
INSERT INTO dependents (dependent_id, first_name, last_name, relationship, employee_id) VALUES (615, 'Marie', 'Curie', 'parent', 169);
END;

-- UPDATING EMPLOYEE SALARY 65 --
BEGIN;
UPDATE employees SET salary = salary + 6550 WHERE employee_id = 65;
COMMIT;

-- UPDATING EMPLOYEE SALARY 6 --
BEGIN;
UPDATE employees SET salary = salary + 6049 WHERE employee_id = 6;
COMMIT;

-- UPDATING EMPLOYEE SALARY 124 --
BEGIN;
UPDATE employees SET salary = salary + 3601 WHERE employee_id = 124;
COMMIT;

-- UPDATING EMPLOYEE SALARY 94 --
BEGIN;
UPDATE employees SET salary = salary + 8948 WHERE employee_id = 94;
COMMIT;

-- UPDATING EMPLOYEE SALARY 144 --
BEGIN;
UPDATE employees SET salary = salary + 9678 WHERE employee_id = 144;
COMMIT;

-- UPDATING EMPLOYEE SALARY 156 --
BEGIN;
UPDATE employees SET salary = salary + 6684 WHERE employee_id = 156;
COMMIT;

-- UPDATING EMPLOYEE SALARY 195 --
BEGIN;
UPDATE employees SET salary = salary + 2872 WHERE employee_id = 195;
COMMIT;

-- UPDATING EMPLOYEE SALARY 22 --
BEGIN;
UPDATE employees SET salary = salary + 9961 WHERE employee_id = 22;
COMMIT;

-- UPDATING EMPLOYEE SALARY 65 --
BEGIN;
UPDATE employees SET salary = salary + 3601 WHERE employee_id = 65;
COMMIT;

-- UPDATING EMPLOYEE SALARY 45 --
BEGIN;
UPDATE employees SET salary = salary + 2865 WHERE employee_id = 45;
COMMIT;

-- UPDATING EMPLOYEE SALARY 45 --
BEGIN;
UPDATE employees SET salary = salary + 9437 WHERE employee_id = 45;
COMMIT;

-- UPDATING EMPLOYEE SALARY 164 --
BEGIN;
UPDATE employees SET salary = salary + 9280 WHERE employee_id = 164;
COMMIT;

-- UPDATING EMPLOYEE SALARY 72 --
BEGIN;
UPDATE employees SET salary = salary + 1815 WHERE employee_id = 72;
COMMIT;

-- UPDATING EMPLOYEE SALARY 177 --
BEGIN;
UPDATE employees SET salary = salary + 539 WHERE employee_id = 177;
COMMIT;

-- UPDATING EMPLOYEE SALARY 102 --
BEGIN;
UPDATE employees SET salary = salary + 265 WHERE employee_id = 102;
COMMIT;

-- UPDATING EMPLOYEE SALARY 54 --
BEGIN;
UPDATE employees SET salary = salary + 281 WHERE employee_id = 54;
COMMIT;

-- UPDATING EMPLOYEE SALARY 139 --
BEGIN;
UPDATE employees SET salary = salary + 6401 WHERE employee_id = 139;
COMMIT;

-- UPDATING EMPLOYEE SALARY 65 --
BEGIN;
UPDATE employees SET salary = salary + 7320 WHERE employee_id = 65;
COMMIT;

-- UPDATING EMPLOYEE SALARY 100 --
BEGIN;
UPDATE employees SET salary = salary + 9301 WHERE employee_id = 100;
COMMIT;

-- UPDATING EMPLOYEE SALARY 192 --
BEGIN;
UPDATE employees SET salary = salary + 7626 WHERE employee_id = 192;
COMMIT;

-- UPDATING EMPLOYEE SALARY 155 --
BEGIN;
UPDATE employees SET salary = salary + 3170 WHERE employee_id = 155;
COMMIT;

-- UPDATING EMPLOYEE SALARY 9 --
BEGIN;
UPDATE employees SET salary = salary + 738 WHERE employee_id = 9;
COMMIT;

-- UPDATING EMPLOYEE SALARY 38 --
BEGIN;
UPDATE employees SET salary = salary + 8633 WHERE employee_id = 38;
COMMIT;

-- UPDATING EMPLOYEE SALARY 84 --
BEGIN;
UPDATE employees SET salary = salary + 7576 WHERE employee_id = 84;
COMMIT;

-- UPDATING EMPLOYEE SALARY 128 --
BEGIN;
UPDATE employees SET salary = salary + 7148 WHERE employee_id = 128;
COMMIT;

-- UPDATING EMPLOYEE SALARY 124 --
BEGIN;
UPDATE employees SET salary = salary + 8678 WHERE employee_id = 124;
COMMIT;

-- UPDATING EMPLOYEE SALARY 118 --
BEGIN;
UPDATE employees SET salary = salary + 6021 WHERE employee_id = 118;
COMMIT;

-- UPDATING EMPLOYEE SALARY 183 --
BEGIN;
UPDATE employees SET salary = salary + 3012 WHERE employee_id = 183;
COMMIT;

-- UPDATING EMPLOYEE SALARY 9 --
BEGIN;
UPDATE employees SET salary = salary + 8250 WHERE employee_id = 9;
COMMIT;

-- UPDATING EMPLOYEE SALARY 74 --
BEGIN;
UPDATE employees SET salary = salary + 9606 WHERE employee_id = 74;
COMMIT;

-- UPDATING EMPLOYEE SALARY 100 --
BEGIN;
UPDATE employees SET salary = salary + 9074 WHERE employee_id = 100;
COMMIT;

-- UPDATING EMPLOYEE SALARY 198 --
BEGIN;
UPDATE employees SET salary = salary + 4582 WHERE employee_id = 198;
COMMIT;

-- UPDATING EMPLOYEE SALARY 73 --
BEGIN;
UPDATE employees SET salary = salary + 6994 WHERE employee_id = 73;
COMMIT;

-- UPDATING EMPLOYEE SALARY 173 --
BEGIN;
UPDATE employees SET salary = salary + 6329 WHERE employee_id = 173;
COMMIT;

-- UPDATING EMPLOYEE SALARY 121 --
BEGIN;
UPDATE employees SET salary = salary + 3439 WHERE employee_id = 121;
COMMIT;

-- UPDATING EMPLOYEE SALARY 172 --
BEGIN;
UPDATE employees SET salary = salary + 1441 WHERE employee_id = 172;
COMMIT;

-- UPDATING EMPLOYEE SALARY 93 --
BEGIN;
UPDATE employees SET salary = salary + 5970 WHERE employee_id = 93;
COMMIT;

-- UPDATING EMPLOYEE SALARY 36 --
BEGIN;
UPDATE employees SET salary = salary + 1053 WHERE employee_id = 36;
COMMIT;

-- UPDATING EMPLOYEE SALARY 168 --
BEGIN;
UPDATE employees SET salary = salary + 4419 WHERE employee_id = 168;
COMMIT;

-- UPDATING EMPLOYEE SALARY 177 --
BEGIN;
UPDATE employees SET salary = salary + 1607 WHERE employee_id = 177;
COMMIT;

-- UPDATING EMPLOYEE SALARY 117 --
BEGIN;
UPDATE employees SET salary = salary + 1435 WHERE employee_id = 117;
COMMIT;

-- UPDATING EMPLOYEE SALARY 88 --
BEGIN;
UPDATE employees SET salary = salary + 5482 WHERE employee_id = 88;
COMMIT;

-- UPDATING EMPLOYEE SALARY 107 --
BEGIN;
UPDATE employees SET salary = salary + 563 WHERE employee_id = 107;
COMMIT;

-- UPDATING EMPLOYEE SALARY 160 --
BEGIN;
UPDATE employees SET salary = salary + 4669 WHERE employee_id = 160;
COMMIT;

-- UPDATING EMPLOYEE SALARY 66 --
BEGIN;
UPDATE employees SET salary = salary + 7064 WHERE employee_id = 66;
COMMIT;

-- UPDATING EMPLOYEE SALARY 155 --
BEGIN;
UPDATE employees SET salary = salary + 1732 WHERE employee_id = 155;
COMMIT;

-- UPDATING EMPLOYEE SALARY 164 --
BEGIN;
UPDATE employees SET salary = salary + 2873 WHERE employee_id = 164;
COMMIT;

-- UPDATING EMPLOYEE SALARY 170 --
BEGIN;
UPDATE employees SET salary = salary + 7265 WHERE employee_id = 170;
COMMIT;

-- UPDATING EMPLOYEE SALARY 195 --
BEGIN;
UPDATE employees SET salary = salary + 3733 WHERE employee_id = 195;
COMMIT;

-- UPDATING EMPLOYEE SALARY 202 --
BEGIN;
UPDATE employees SET salary = salary + 4640 WHERE employee_id = 202;
COMMIT;

-- UPDATING EMPLOYEE SALARY 183 --
BEGIN;
UPDATE employees SET salary = salary + 3566 WHERE employee_id = 183;
COMMIT;

-- UPDATING EMPLOYEE SALARY 65 --
BEGIN;
UPDATE employees SET salary = salary + 68 WHERE employee_id = 65;
COMMIT;

-- UPDATING EMPLOYEE SALARY 125 --
BEGIN;
UPDATE employees SET salary = salary + 705 WHERE employee_id = 125;
COMMIT;

-- UPDATING EMPLOYEE SALARY 50 --
BEGIN;
UPDATE employees SET salary = salary + 1850 WHERE employee_id = 50;
COMMIT;

-- UPDATING EMPLOYEE SALARY 87 --
BEGIN;
UPDATE employees SET salary = salary + 67 WHERE employee_id = 87;
COMMIT;

-- UPDATING EMPLOYEE SALARY 191 --
BEGIN;
UPDATE employees SET salary = salary + 5250 WHERE employee_id = 191;
COMMIT;

-- UPDATING EMPLOYEE SALARY 182 --
BEGIN;
UPDATE employees SET salary = salary + 6508 WHERE employee_id = 182;
COMMIT;

-- UPDATING EMPLOYEE SALARY 206 --
BEGIN;
UPDATE employees SET salary = salary + 8880 WHERE employee_id = 206;
COMMIT;

-- UPDATING EMPLOYEE SALARY 85 --
BEGIN;
UPDATE employees SET salary = salary + 7484 WHERE employee_id = 85;
COMMIT;

-- UPDATING EMPLOYEE SALARY 37 --
BEGIN;
UPDATE employees SET salary = salary + 4448 WHERE employee_id = 37;
COMMIT;

-- UPDATING EMPLOYEE SALARY 85 --
BEGIN;
UPDATE employees SET salary = salary + 3061 WHERE employee_id = 85;
COMMIT;

-- UPDATING EMPLOYEE SALARY 160 --
BEGIN;
UPDATE employees SET salary = salary + 8733 WHERE employee_id = 160;
COMMIT;

-- UPDATING EMPLOYEE SALARY 84 --
BEGIN;
UPDATE employees SET salary = salary + 7760 WHERE employee_id = 84;
COMMIT;

-- UPDATING EMPLOYEE SALARY 154 --
BEGIN;
UPDATE employees SET salary = salary + 9491 WHERE employee_id = 154;
COMMIT;

-- UPDATING EMPLOYEE SALARY 1 --
BEGIN;
UPDATE employees SET salary = salary + 3698 WHERE employee_id = 1;
COMMIT;

-- UPDATING EMPLOYEE SALARY 149 --
BEGIN;
UPDATE employees SET salary = salary + 6603 WHERE employee_id = 149;
COMMIT;

-- UPDATING EMPLOYEE SALARY 35 --
BEGIN;
UPDATE employees SET salary = salary + 4875 WHERE employee_id = 35;
COMMIT;

-- UPDATING EMPLOYEE SALARY 134 --
BEGIN;
UPDATE employees SET salary = salary + 6443 WHERE employee_id = 134;
COMMIT;

-- UPDATING EMPLOYEE SALARY 191 --
BEGIN;
UPDATE employees SET salary = salary + 3572 WHERE employee_id = 191;
COMMIT;

-- UPDATING EMPLOYEE SALARY 170 --
BEGIN;
UPDATE employees SET salary = salary + 3365 WHERE employee_id = 170;
COMMIT;

-- UPDATING EMPLOYEE SALARY 80 --
BEGIN;
UPDATE employees SET salary = salary + 3993 WHERE employee_id = 80;
COMMIT;

-- UPDATING EMPLOYEE SALARY 141 --
BEGIN;
UPDATE employees SET salary = salary + 5880 WHERE employee_id = 141;
COMMIT;

-- UPDATING EMPLOYEE SALARY 129 --
BEGIN;
UPDATE employees SET salary = salary + 6376 WHERE employee_id = 129;
COMMIT;

-- UPDATING EMPLOYEE SALARY 124 --
BEGIN;
UPDATE employees SET salary = salary + 957 WHERE employee_id = 124;
COMMIT;

-- UPDATING EMPLOYEE SALARY 147 --
BEGIN;
UPDATE employees SET salary = salary + 2288 WHERE employee_id = 147;
COMMIT;

-- UPDATING EMPLOYEE SALARY 199 --
BEGIN;
UPDATE employees SET salary = salary + 69 WHERE employee_id = 199;
COMMIT;

-- UPDATING EMPLOYEE SALARY 77 --
BEGIN;
UPDATE employees SET salary = salary + 9668 WHERE employee_id = 77;
COMMIT;

-- UPDATING EMPLOYEE SALARY 66 --
BEGIN;
UPDATE employees SET salary = salary + 1476 WHERE employee_id = 66;
COMMIT;

-- UPDATING EMPLOYEE SALARY 59 --
BEGIN;
UPDATE employees SET salary = salary + 5723 WHERE employee_id = 59;
COMMIT;

-- UPDATING EMPLOYEE SALARY 129 --
BEGIN;
UPDATE employees SET salary = salary + 702 WHERE employee_id = 129;
COMMIT;

-- UPDATING EMPLOYEE SALARY 50 --
BEGIN;
UPDATE employees SET salary = salary + 9516 WHERE employee_id = 50;
COMMIT;

-- UPDATING EMPLOYEE SALARY 58 --
BEGIN;
UPDATE employees SET salary = salary + 6294 WHERE employee_id = 58;
COMMIT;

-- UPDATING EMPLOYEE SALARY 118 --
BEGIN;
UPDATE employees SET salary = salary + 4659 WHERE employee_id = 118;
COMMIT;

-- UPDATING EMPLOYEE SALARY 90 --
BEGIN;
UPDATE employees SET salary = salary + 3842 WHERE employee_id = 90;
COMMIT;

-- UPDATING EMPLOYEE SALARY 193 --
BEGIN;
UPDATE employees SET salary = salary + 9591 WHERE employee_id = 193;
COMMIT;

-- UPDATING EMPLOYEE SALARY 84 --
BEGIN;
UPDATE employees SET salary = salary + 1368 WHERE employee_id = 84;
COMMIT;

-- UPDATING EMPLOYEE SALARY 155 --
BEGIN;
UPDATE employees SET salary = salary + 9273 WHERE employee_id = 155;
COMMIT;

-- UPDATING EMPLOYEE SALARY 112 --
BEGIN;
UPDATE employees SET salary = salary + 3665 WHERE employee_id = 112;
COMMIT;

-- UPDATING EMPLOYEE SALARY 155 --
BEGIN;
UPDATE employees SET salary = salary + 628 WHERE employee_id = 155;
COMMIT;

-- UPDATING EMPLOYEE SALARY 175 --
BEGIN;
UPDATE employees SET salary = salary + 1538 WHERE employee_id = 175;
COMMIT;

-- UPDATING EMPLOYEE SALARY 121 --
BEGIN;
UPDATE employees SET salary = salary + 9435 WHERE employee_id = 121;
COMMIT;

-- UPDATING EMPLOYEE SALARY 75 --
BEGIN;
UPDATE employees SET salary = salary + 9568 WHERE employee_id = 75;
COMMIT;

-- UPDATING EMPLOYEE SALARY 200 --
BEGIN;
UPDATE employees SET salary = salary + 3469 WHERE employee_id = 200;
COMMIT;

-- UPDATING EMPLOYEE SALARY 74 --
BEGIN;
UPDATE employees SET salary = salary + 2265 WHERE employee_id = 74;
COMMIT;

-- UPDATING EMPLOYEE SALARY 96 --
BEGIN;
UPDATE employees SET salary = salary + 6091 WHERE employee_id = 96;
COMMIT;

-- UPDATING EMPLOYEE SALARY 144 --
BEGIN;
UPDATE employees SET salary = salary + 3596 WHERE employee_id = 144;
COMMIT;

-- UPDATING EMPLOYEE SALARY 152 --
BEGIN;
UPDATE employees SET salary = salary + 3383 WHERE employee_id = 152;
COMMIT;

-- UPDATING EMPLOYEE SALARY 123 --
BEGIN;
UPDATE employees SET salary = salary + 7188 WHERE employee_id = 123;
COMMIT;

-- UPDATING EMPLOYEE SALARY 150 --
BEGIN;
UPDATE employees SET salary = salary + 1803 WHERE employee_id = 150;
COMMIT;

-- UPDATING EMPLOYEE SALARY 49 --
BEGIN;
UPDATE employees SET salary = salary + 8911 WHERE employee_id = 49;
COMMIT;

-- UPDATING EMPLOYEE SALARY 72 --
BEGIN;
UPDATE employees SET salary = salary + 2138 WHERE employee_id = 72;
COMMIT;

-- UPDATING EMPLOYEE SALARY 156 --
BEGIN;
UPDATE employees SET salary = salary + 2494 WHERE employee_id = 156;
COMMIT;

-- UPDATING EMPLOYEE SALARY 67 --
BEGIN;
UPDATE employees SET salary = salary + 7726 WHERE employee_id = 67;
COMMIT;

-- UPDATING EMPLOYEE SALARY 91 --
BEGIN;
UPDATE employees SET salary = salary + 9681 WHERE employee_id = 91;
COMMIT;

-- UPDATING EMPLOYEE SALARY 108 --
BEGIN;
UPDATE employees SET salary = salary + 1697 WHERE employee_id = 108;
COMMIT;

-- UPDATING EMPLOYEE SALARY 102 --
BEGIN;
UPDATE employees SET salary = salary + 270 WHERE employee_id = 102;
COMMIT;

-- UPDATING EMPLOYEE SALARY 130 --
BEGIN;
UPDATE employees SET salary = salary + 5900 WHERE employee_id = 130;
COMMIT;

-- UPDATING EMPLOYEE SALARY 178 --
BEGIN;
UPDATE employees SET salary = salary + 7005 WHERE employee_id = 178;
COMMIT;

-- UPDATING EMPLOYEE SALARY 206 --
BEGIN;
UPDATE employees SET salary = salary + 2911 WHERE employee_id = 206;
COMMIT;

-- UPDATING EMPLOYEE SALARY 178 --
BEGIN;
UPDATE employees SET salary = salary + 256 WHERE employee_id = 178;
COMMIT;

-- UPDATING EMPLOYEE SALARY 202 --
BEGIN;
UPDATE employees SET salary = salary + 2509 WHERE employee_id = 202;
COMMIT;

-- UPDATING EMPLOYEE SALARY 180 --
BEGIN;
UPDATE employees SET salary = salary + 7004 WHERE employee_id = 180;
COMMIT;

-- UPDATING EMPLOYEE SALARY 97 --
BEGIN;
UPDATE employees SET salary = salary + 4777 WHERE employee_id = 97;
COMMIT;

-- UPDATING EMPLOYEE SALARY 35 --
BEGIN;
UPDATE employees SET salary = salary + 7338 WHERE employee_id = 35;
COMMIT;

-- UPDATING EMPLOYEE SALARY 125 --
BEGIN;
UPDATE employees SET salary = salary + 5526 WHERE employee_id = 125;
COMMIT;

-- UPDATING EMPLOYEE SALARY 41 --
BEGIN;
UPDATE employees SET salary = salary + 5178 WHERE employee_id = 41;
COMMIT;

-- UPDATING EMPLOYEE SALARY 35 --
BEGIN;
UPDATE employees SET salary = salary + 5195 WHERE employee_id = 35;
COMMIT;

-- UPDATING EMPLOYEE SALARY 185 --
BEGIN;
UPDATE employees SET salary = salary + 2370 WHERE employee_id = 185;
COMMIT;

-- UPDATING EMPLOYEE SALARY 33 --
BEGIN;
UPDATE employees SET salary = salary + 8544 WHERE employee_id = 33;
COMMIT;

-- UPDATING EMPLOYEE SALARY 163 --
BEGIN;
UPDATE employees SET salary = salary + 6811 WHERE employee_id = 163;
COMMIT;

-- UPDATING EMPLOYEE SALARY 50 --
BEGIN;
UPDATE employees SET salary = salary + 9960 WHERE employee_id = 50;
COMMIT;

-- UPDATING EMPLOYEE SALARY 107 --
BEGIN;
UPDATE employees SET salary = salary + 2525 WHERE employee_id = 107;
COMMIT;

-- UPDATING EMPLOYEE SALARY 62 --
BEGIN;
UPDATE employees SET salary = salary + 932 WHERE employee_id = 62;
COMMIT;

-- UPDATING EMPLOYEE SALARY 146 --
BEGIN;
UPDATE employees SET salary = salary + 751 WHERE employee_id = 146;
COMMIT;

-- UPDATING EMPLOYEE SALARY 112 --
BEGIN;
UPDATE employees SET salary = salary + 2863 WHERE employee_id = 112;
COMMIT;

-- UPDATING EMPLOYEE SALARY 85 --
BEGIN;
UPDATE employees SET salary = salary + 6582 WHERE employee_id = 85;
COMMIT;

-- UPDATING EMPLOYEE SALARY 140 --
BEGIN;
UPDATE employees SET salary = salary + 7593 WHERE employee_id = 140;
COMMIT;

-- UPDATING EMPLOYEE SALARY 49 --
BEGIN;
UPDATE employees SET salary = salary + 8034 WHERE employee_id = 49;
COMMIT;

-- UPDATING EMPLOYEE SALARY 14 --
BEGIN;
UPDATE employees SET salary = salary + 377 WHERE employee_id = 14;
COMMIT;

-- UPDATING EMPLOYEE SALARY 81 --
BEGIN;
UPDATE employees SET salary = salary + 1474 WHERE employee_id = 81;
COMMIT;

-- UPDATING EMPLOYEE SALARY 88 --
BEGIN;
UPDATE employees SET salary = salary + 3509 WHERE employee_id = 88;
COMMIT;

-- UPDATING EMPLOYEE SALARY 108 --
BEGIN;
UPDATE employees SET salary = salary + 45 WHERE employee_id = 108;
COMMIT;

-- UPDATING EMPLOYEE SALARY 149 --
BEGIN;
UPDATE employees SET salary = salary + 3008 WHERE employee_id = 149;
COMMIT;

-- UPDATING EMPLOYEE SALARY 38 --
BEGIN;
UPDATE employees SET salary = salary + 8658 WHERE employee_id = 38;
COMMIT;

-- UPDATING EMPLOYEE SALARY 6 --
BEGIN;
UPDATE employees SET salary = salary + 9835 WHERE employee_id = 6;
COMMIT;

-- UPDATING EMPLOYEE SALARY 191 --
BEGIN;
UPDATE employees SET salary = salary + 9811 WHERE employee_id = 191;
COMMIT;

-- UPDATING EMPLOYEE SALARY 120 --
BEGIN;
UPDATE employees SET salary = salary + 2681 WHERE employee_id = 120;
COMMIT;

-- UPDATING EMPLOYEE SALARY 127 --
BEGIN;
UPDATE employees SET salary = salary + 1278 WHERE employee_id = 127;
COMMIT;

-- UPDATING EMPLOYEE SALARY 58 --
BEGIN;
UPDATE employees SET salary = salary + 8690 WHERE employee_id = 58;
COMMIT;

-- UPDATING EMPLOYEE SALARY 172 --
BEGIN;
UPDATE employees SET salary = salary + 1760 WHERE employee_id = 172;
COMMIT;

-- UPDATING EMPLOYEE SALARY 97 --
BEGIN;
UPDATE employees SET salary = salary + 4092 WHERE employee_id = 97;
COMMIT;

-- UPDATING EMPLOYEE SALARY 92 --
BEGIN;
UPDATE employees SET salary = salary + 845 WHERE employee_id = 92;
COMMIT;

-- UPDATING EMPLOYEE SALARY 102 --
BEGIN;
UPDATE employees SET salary = salary + 1450 WHERE employee_id = 102;
COMMIT;

-- INSERTING EMPLOYEE 207 --
BEGIN;
INSERT INTO employees (employee_id, first_name, last_name, email, phone_number, hire_date, job_id, salary,manager_id,department_id) VALUES (207, 'Will', 'Ferrell', 'will.ferrell@gmail.com', '555-6781', '2001-05-27', 36, 290000.00, 44, 198);
INSERT INTO dependents (dependent_id, first_name, last_name, relationship, employee_id) VALUES (616, 'Alex', 'Rodriguez', 'parent', 207);
INSERT INTO dependents (dependent_id, first_name, last_name, relationship, employee_id) VALUES (617, 'Marie', 'Curie', 'child', 207);
INSERT INTO dependents (dependent_id, first_name, last_name, relationship, employee_id) VALUES (618, 'Michael', 'Faraday', 'parent', 207);
COMMIT;

-- INSERTING DEPENDENT 41 --
BEGIN;
INSERT INTO dependents (dependent_id, first_name, last_name, relationship, employee_id) VALUES (619, 'Alex', 'Rodriguez', 'child', 41);
END;

-- UPDATING EMPLOYEE SALARY 107 --
BEGIN;
UPDATE employees SET salary = salary + 7396 WHERE employee_id = 107;
COMMIT;

-- UPDATING EMPLOYEE SALARY 129 --
BEGIN;
UPDATE employees SET salary = salary + 4958 WHERE employee_id = 129;
COMMIT;

-- UPDATING EMPLOYEE SALARY 205 --
BEGIN;
UPDATE employees SET salary = salary + 3084 WHERE employee_id = 205;
COMMIT;

-- UPDATING EMPLOYEE SALARY 91 --
BEGIN;
UPDATE employees SET salary = salary + 4350 WHERE employee_id = 91;
COMMIT;

-- UPDATING EMPLOYEE SALARY 190 --
BEGIN;
UPDATE employees SET salary = salary + 3798 WHERE employee_id = 190;
COMMIT;

-- UPDATING EMPLOYEE SALARY 106 --
BEGIN;
UPDATE employees SET salary = salary + 2379 WHERE employee_id = 106;
COMMIT;

-- UPDATING EMPLOYEE SALARY 197 --
BEGIN;
UPDATE employees SET salary = salary + 5960 WHERE employee_id = 197;
COMMIT;

-- UPDATING EMPLOYEE SALARY 77 --
BEGIN;
UPDATE employees SET salary = salary + 8965 WHERE employee_id = 77;
COMMIT;

-- UPDATING EMPLOYEE SALARY 204 --
BEGIN;
UPDATE employees SET salary = salary + 6046 WHERE employee_id = 204;
COMMIT;

-- UPDATING EMPLOYEE SALARY 127 --
BEGIN;
UPDATE employees SET salary = salary + 728 WHERE employee_id = 127;
COMMIT;

-- UPDATING EMPLOYEE SALARY 1 --
BEGIN;
UPDATE employees SET salary = salary + 803 WHERE employee_id = 1;
COMMIT;

-- UPDATING EMPLOYEE SALARY 78 --
BEGIN;
UPDATE employees SET salary = salary + 7782 WHERE employee_id = 78;
COMMIT;

-- UPDATING EMPLOYEE SALARY 117 --
BEGIN;
UPDATE employees SET salary = salary + 2915 WHERE employee_id = 117;
COMMIT;

-- UPDATING EMPLOYEE SALARY 64 --
BEGIN;
UPDATE employees SET salary = salary + 3031 WHERE employee_id = 64;
COMMIT;

-- UPDATING EMPLOYEE SALARY 133 --
BEGIN;
UPDATE employees SET salary = salary + 9329 WHERE employee_id = 133;
COMMIT;

-- UPDATING EMPLOYEE SALARY 146 --
BEGIN;
UPDATE employees SET salary = salary + 831 WHERE employee_id = 146;
COMMIT;

-- UPDATING EMPLOYEE SALARY 105 --
BEGIN;
UPDATE employees SET salary = salary + 3323 WHERE employee_id = 105;
COMMIT;

-- UPDATING EMPLOYEE SALARY 36 --
BEGIN;
UPDATE employees SET salary = salary + 2030 WHERE employee_id = 36;
COMMIT;

-- UPDATING EMPLOYEE SALARY 61 --
BEGIN;
UPDATE employees SET salary = salary + 178 WHERE employee_id = 61;
COMMIT;

-- UPDATING EMPLOYEE SALARY 129 --
BEGIN;
UPDATE employees SET salary = salary + 9321 WHERE employee_id = 129;
COMMIT;

-- UPDATING EMPLOYEE SALARY 200 --
BEGIN;
UPDATE employees SET salary = salary + 9940 WHERE employee_id = 200;
COMMIT;

-- UPDATING EMPLOYEE SALARY 155 --
BEGIN;
UPDATE employees SET salary = salary + 8187 WHERE employee_id = 155;
COMMIT;

-- UPDATING EMPLOYEE SALARY 154 --
BEGIN;
UPDATE employees SET salary = salary + 6903 WHERE employee_id = 154;
COMMIT;

-- UPDATING EMPLOYEE SALARY 172 --
BEGIN;
UPDATE employees SET salary = salary + 9262 WHERE employee_id = 172;
COMMIT;

-- UPDATING EMPLOYEE SALARY 152 --
BEGIN;
UPDATE employees SET salary = salary + 8731 WHERE employee_id = 152;
COMMIT;

-- UPDATING EMPLOYEE SALARY 71 --
BEGIN;
UPDATE employees SET salary = salary + 8765 WHERE employee_id = 71;
COMMIT;

-- UPDATING EMPLOYEE SALARY 73 --
BEGIN;
UPDATE employees SET salary = salary + 5173 WHERE employee_id = 73;
COMMIT;

-- UPDATING EMPLOYEE SALARY 39 --
BEGIN;
UPDATE employees SET salary = salary + 130 WHERE employee_id = 39;
COMMIT;

-- UPDATING EMPLOYEE SALARY 22 --
BEGIN;
UPDATE employees SET salary = salary + 3835 WHERE employee_id = 22;
COMMIT;

-- UPDATING EMPLOYEE SALARY 202 --
BEGIN;
UPDATE employees SET salary = salary + 6084 WHERE employee_id = 202;
COMMIT;

-- UPDATING EMPLOYEE SALARY 166 --
BEGIN;
UPDATE employees SET salary = salary + 3739 WHERE employee_id = 166;
COMMIT;

-- UPDATING EMPLOYEE SALARY 137 --
BEGIN;
UPDATE employees SET salary = salary + 6862 WHERE employee_id = 137;
COMMIT;

-- UPDATING EMPLOYEE SALARY 61 --
BEGIN;
UPDATE employees SET salary = salary + 1857 WHERE employee_id = 61;
COMMIT;

-- INSERTING EMPLOYEE 208 --
BEGIN;
INSERT INTO employees (employee_id, first_name, last_name, email, phone_number, hire_date, job_id, salary,manager_id,department_id) VALUES (208, 'Ethan', 'Hunt', 'ethan.hunt@gmail.com', '555-7890', '2003-12-13', 5, 110000.00, 138, 423);
INSERT INTO dependents (dependent_id, first_name, last_name, relationship, employee_id) VALUES (620, 'Charles', 'Darwin', 'child', 208);
COMMIT;

-- INSERTING EMPLOYEE 209 --
BEGIN;
INSERT INTO employees (employee_id, first_name, last_name, email, phone_number, hire_date, job_id, salary,manager_id,department_id) VALUES (209, 'Olivia', 'Wilde', 'olivia.wilde@gmail.com', '555-0125', '2011-05-25', 36, 530000.00, 125, 73);
INSERT INTO dependents (dependent_id, first_name, last_name, relationship, employee_id) VALUES (621, 'David', 'Hilbert', 'parent', 209);
COMMIT;

-- DELETING EMPLOYEE 53 --
BEGIN;
UPDATE employees SET manager_id = 189 WHERE employee_id = 148;
DELETE FROM dependents WHERE employee_id = 53;
DELETE FROM employees WHERE employee_id = 53;
COMMIT;

-- INSERTING DEPENDENT 187 --
BEGIN;
INSERT INTO dependents (dependent_id, first_name, last_name, relationship, employee_id) VALUES (622, 'Carl', 'Sagan', 'spouse', 187);
END;

-- INSERTING DEPENDENT 76 --
BEGIN;
INSERT INTO dependents (dependent_id, first_name, last_name, relationship, employee_id) VALUES (623, 'Betty', 'White', 'spouse', 76);
END;

-- DELETING DEPENDENT 354 --
BEGIN;
DELETE FROM dependents WHERE dependent_id = 354;
COMMIT;

-- UPDATING EMPLOYEE SALARY 114 --
BEGIN;
UPDATE employees SET salary = salary + 5361 WHERE employee_id = 114;
COMMIT;

-- UPDATING EMPLOYEE SALARY 71 --
BEGIN;
UPDATE employees SET salary = salary + 9065 WHERE employee_id = 71;
COMMIT;

-- UPDATING EMPLOYEE SALARY 185 --
BEGIN;
UPDATE employees SET salary = salary + 3820 WHERE employee_id = 185;
COMMIT;

-- UPDATING EMPLOYEE SALARY 72 --
BEGIN;
UPDATE employees SET salary = salary + 7268 WHERE employee_id = 72;
COMMIT;

-- UPDATING EMPLOYEE SALARY 139 --
BEGIN;
UPDATE employees SET salary = salary + 8242 WHERE employee_id = 139;
COMMIT;

-- UPDATING EMPLOYEE SALARY 133 --
BEGIN;
UPDATE employees SET salary = salary + 4512 WHERE employee_id = 133;
COMMIT;

-- UPDATING EMPLOYEE SALARY 106 --
BEGIN;
UPDATE employees SET salary = salary + 3110 WHERE employee_id = 106;
COMMIT;

-- UPDATING EMPLOYEE SALARY 184 --
BEGIN;
UPDATE employees SET salary = salary + 5613 WHERE employee_id = 184;
COMMIT;

-- UPDATING EMPLOYEE SALARY 164 --
BEGIN;
UPDATE employees SET salary = salary + 742 WHERE employee_id = 164;
COMMIT;

-- UPDATING EMPLOYEE SALARY 46 --
BEGIN;
UPDATE employees SET salary = salary + 5372 WHERE employee_id = 46;
COMMIT;

-- UPDATING EMPLOYEE SALARY 204 --
BEGIN;
UPDATE employees SET salary = salary + 9283 WHERE employee_id = 204;
COMMIT;

-- UPDATING EMPLOYEE SALARY 168 --
BEGIN;
UPDATE employees SET salary = salary + 4179 WHERE employee_id = 168;
COMMIT;

-- UPDATING EMPLOYEE SALARY 54 --
BEGIN;
UPDATE employees SET salary = salary + 339 WHERE employee_id = 54;
COMMIT;

-- UPDATING EMPLOYEE SALARY 148 --
BEGIN;
UPDATE employees SET salary = salary + 5677 WHERE employee_id = 148;
COMMIT;

-- UPDATING EMPLOYEE SALARY 148 --
BEGIN;
UPDATE employees SET salary = salary + 3823 WHERE employee_id = 148;
COMMIT;

-- UPDATING EMPLOYEE SALARY 45 --
BEGIN;
UPDATE employees SET salary = salary + 5815 WHERE employee_id = 45;
COMMIT;

-- UPDATING EMPLOYEE SALARY 37 --
BEGIN;
UPDATE employees SET salary = salary + 5724 WHERE employee_id = 37;
COMMIT;

-- UPDATING EMPLOYEE SALARY 76 --
BEGIN;
UPDATE employees SET salary = salary + 3535 WHERE employee_id = 76;
COMMIT;

-- UPDATING EMPLOYEE SALARY 198 --
BEGIN;
UPDATE employees SET salary = salary + 9380 WHERE employee_id = 198;
COMMIT;

-- UPDATING EMPLOYEE SALARY 93 --
BEGIN;
UPDATE employees SET salary = salary + 1272 WHERE employee_id = 93;
COMMIT;

-- UPDATING EMPLOYEE SALARY 35 --
BEGIN;
UPDATE employees SET salary = salary + 8172 WHERE employee_id = 35;
COMMIT;

-- UPDATING EMPLOYEE SALARY 190 --
BEGIN;
UPDATE employees SET salary = salary + 1896 WHERE employee_id = 190;
COMMIT;

-- UPDATING EMPLOYEE SALARY 135 --
BEGIN;
UPDATE employees SET salary = salary + 4521 WHERE employee_id = 135;
COMMIT;

-- UPDATING EMPLOYEE SALARY 121 --
BEGIN;
UPDATE employees SET salary = salary + 1689 WHERE employee_id = 121;
COMMIT;

-- UPDATING EMPLOYEE SALARY 196 --
BEGIN;
UPDATE employees SET salary = salary + 5198 WHERE employee_id = 196;
COMMIT;

-- UPDATING EMPLOYEE SALARY 153 --
BEGIN;
UPDATE employees SET salary = salary + 3554 WHERE employee_id = 153;
COMMIT;

-- UPDATING EMPLOYEE SALARY 46 --
BEGIN;
UPDATE employees SET salary = salary + 3388 WHERE employee_id = 46;
COMMIT;

-- UPDATING EMPLOYEE SALARY 37 --
BEGIN;
UPDATE employees SET salary = salary + 3151 WHERE employee_id = 37;
COMMIT;

-- UPDATING EMPLOYEE SALARY 161 --
BEGIN;
UPDATE employees SET salary = salary + 9002 WHERE employee_id = 161;
COMMIT;

-- UPDATING EMPLOYEE SALARY 160 --
BEGIN;
UPDATE employees SET salary = salary + 8576 WHERE employee_id = 160;
COMMIT;

-- UPDATING EMPLOYEE SALARY 119 --
BEGIN;
UPDATE employees SET salary = salary + 4459 WHERE employee_id = 119;
COMMIT;

-- UPDATING EMPLOYEE SALARY 203 --
BEGIN;
UPDATE employees SET salary = salary + 7617 WHERE employee_id = 203;
COMMIT;

-- UPDATING EMPLOYEE SALARY 139 --
BEGIN;
UPDATE employees SET salary = salary + 9967 WHERE employee_id = 139;
COMMIT;

-- UPDATING EMPLOYEE SALARY 100 --
BEGIN;
UPDATE employees SET salary = salary + 9427 WHERE employee_id = 100;
COMMIT;

-- UPDATING EMPLOYEE SALARY 209 --
BEGIN;
UPDATE employees SET salary = salary + 4663 WHERE employee_id = 209;
COMMIT;

-- UPDATING EMPLOYEE SALARY 141 --
BEGIN;
UPDATE employees SET salary = salary + 4126 WHERE employee_id = 141;
COMMIT;

-- UPDATING EMPLOYEE SALARY 170 --
BEGIN;
UPDATE employees SET salary = salary + 1850 WHERE employee_id = 170;
COMMIT;

-- UPDATING EMPLOYEE SALARY 116 --
BEGIN;
UPDATE employees SET salary = salary + 1655 WHERE employee_id = 116;
COMMIT;

-- UPDATING EMPLOYEE SALARY 90 --
BEGIN;
UPDATE employees SET salary = salary + 4774 WHERE employee_id = 90;
COMMIT;

-- UPDATING EMPLOYEE SALARY 94 --
BEGIN;
UPDATE employees SET salary = salary + 8127 WHERE employee_id = 94;
COMMIT;

-- UPDATING EMPLOYEE SALARY 74 --
BEGIN;
UPDATE employees SET salary = salary + 111 WHERE employee_id = 74;
COMMIT;

-- UPDATING EMPLOYEE SALARY 184 --
BEGIN;
UPDATE employees SET salary = salary + 6794 WHERE employee_id = 184;
COMMIT;

-- UPDATING EMPLOYEE SALARY 59 --
BEGIN;
UPDATE employees SET salary = salary + 4859 WHERE employee_id = 59;
COMMIT;

-- UPDATING EMPLOYEE SALARY 123 --
BEGIN;
UPDATE employees SET salary = salary + 4231 WHERE employee_id = 123;
COMMIT;

-- UPDATING EMPLOYEE SALARY 168 --
BEGIN;
UPDATE employees SET salary = salary + 7620 WHERE employee_id = 168;
COMMIT;

-- UPDATING EMPLOYEE SALARY 130 --
BEGIN;
UPDATE employees SET salary = salary + 6917 WHERE employee_id = 130;
COMMIT;

-- UPDATING EMPLOYEE SALARY 179 --
BEGIN;
UPDATE employees SET salary = salary + 6324 WHERE employee_id = 179;
COMMIT;

-- UPDATING EMPLOYEE SALARY 177 --
BEGIN;
UPDATE employees SET salary = salary + 2582 WHERE employee_id = 177;
COMMIT;

-- UPDATING EMPLOYEE SALARY 202 --
BEGIN;
UPDATE employees SET salary = salary + 7096 WHERE employee_id = 202;
COMMIT;

-- UPDATING EMPLOYEE SALARY 86 --
BEGIN;
UPDATE employees SET salary = salary + 1618 WHERE employee_id = 86;
COMMIT;

-- UPDATING EMPLOYEE SALARY 127 --
BEGIN;
UPDATE employees SET salary = salary + 7722 WHERE employee_id = 127;
COMMIT;

-- UPDATING EMPLOYEE SALARY 59 --
BEGIN;
UPDATE employees SET salary = salary + 6941 WHERE employee_id = 59;
COMMIT;

-- UPDATING EMPLOYEE SALARY 134 --
BEGIN;
UPDATE employees SET salary = salary + 8370 WHERE employee_id = 134;
COMMIT;

-- UPDATING EMPLOYEE SALARY 152 --
BEGIN;
UPDATE employees SET salary = salary + 745 WHERE employee_id = 152;
COMMIT;

-- UPDATING EMPLOYEE SALARY 209 --
BEGIN;
UPDATE employees SET salary = salary + 1724 WHERE employee_id = 209;
COMMIT;

-- UPDATING EMPLOYEE SALARY 78 --
BEGIN;
UPDATE employees SET salary = salary + 3769 WHERE employee_id = 78;
COMMIT;

-- UPDATING EMPLOYEE SALARY 144 --
BEGIN;
UPDATE employees SET salary = salary + 3197 WHERE employee_id = 144;
COMMIT;

-- UPDATING EMPLOYEE SALARY 142 --
BEGIN;
UPDATE employees SET salary = salary + 3176 WHERE employee_id = 142;
COMMIT;

-- UPDATING EMPLOYEE SALARY 92 --
BEGIN;
UPDATE employees SET salary = salary + 8711 WHERE employee_id = 92;
COMMIT;

-- UPDATING EMPLOYEE SALARY 81 --
BEGIN;
UPDATE employees SET salary = salary + 6103 WHERE employee_id = 81;
COMMIT;

-- UPDATING EMPLOYEE SALARY 174 --
BEGIN;
UPDATE employees SET salary = salary + 5646 WHERE employee_id = 174;
COMMIT;

-- UPDATING EMPLOYEE SALARY 176 --
BEGIN;
UPDATE employees SET salary = salary + 8502 WHERE employee_id = 176;
COMMIT;

-- UPDATING EMPLOYEE SALARY 134 --
BEGIN;
UPDATE employees SET salary = salary + 1716 WHERE employee_id = 134;
COMMIT;

-- UPDATING EMPLOYEE SALARY 91 --
BEGIN;
UPDATE employees SET salary = salary + 6804 WHERE employee_id = 91;
COMMIT;

-- UPDATING EMPLOYEE SALARY 54 --
BEGIN;
UPDATE employees SET salary = salary + 3466 WHERE employee_id = 54;
COMMIT;

-- UPDATING EMPLOYEE SALARY 208 --
BEGIN;
UPDATE employees SET salary = salary + 1269 WHERE employee_id = 208;
COMMIT;

-- UPDATING EMPLOYEE SALARY 134 --
BEGIN;
UPDATE employees SET salary = salary + 1511 WHERE employee_id = 134;
COMMIT;

-- UPDATING EMPLOYEE SALARY 60 --
BEGIN;
UPDATE employees SET salary = salary + 4990 WHERE employee_id = 60;
COMMIT;

-- UPDATING EMPLOYEE SALARY 26 --
BEGIN;
UPDATE employees SET salary = salary + 6702 WHERE employee_id = 26;
COMMIT;

-- UPDATING EMPLOYEE SALARY 9 --
BEGIN;
UPDATE employees SET salary = salary + 9257 WHERE employee_id = 9;
COMMIT;

-- UPDATING EMPLOYEE SALARY 153 --
BEGIN;
UPDATE employees SET salary = salary + 150 WHERE employee_id = 153;
COMMIT;

-- UPDATING EMPLOYEE SALARY 44 --
BEGIN;
UPDATE employees SET salary = salary + 7561 WHERE employee_id = 44;
COMMIT;

-- UPDATING EMPLOYEE SALARY 84 --
BEGIN;
UPDATE employees SET salary = salary + 8354 WHERE employee_id = 84;
COMMIT;

-- UPDATING EMPLOYEE SALARY 165 --
BEGIN;
UPDATE employees SET salary = salary + 5993 WHERE employee_id = 165;
COMMIT;

-- UPDATING EMPLOYEE SALARY 178 --
BEGIN;
UPDATE employees SET salary = salary + 994 WHERE employee_id = 178;
COMMIT;

-- UPDATING EMPLOYEE SALARY 142 --
BEGIN;
UPDATE employees SET salary = salary + 8889 WHERE employee_id = 142;
COMMIT;

-- UPDATING EMPLOYEE SALARY 128 --
BEGIN;
UPDATE employees SET salary = salary + 3151 WHERE employee_id = 128;
COMMIT;

-- UPDATING EMPLOYEE SALARY 161 --
BEGIN;
UPDATE employees SET salary = salary + 157 WHERE employee_id = 161;
COMMIT;

-- UPDATING EMPLOYEE SALARY 105 --
BEGIN;
UPDATE employees SET salary = salary + 6624 WHERE employee_id = 105;
COMMIT;

-- UPDATING EMPLOYEE SALARY 174 --
BEGIN;
UPDATE employees SET salary = salary + 3796 WHERE employee_id = 174;
COMMIT;

-- UPDATING EMPLOYEE SALARY 38 --
BEGIN;
UPDATE employees SET salary = salary + 3454 WHERE employee_id = 38;
COMMIT;

-- UPDATING EMPLOYEE SALARY 103 --
BEGIN;
UPDATE employees SET salary = salary + 2579 WHERE employee_id = 103;
COMMIT;

-- UPDATING EMPLOYEE SALARY 203 --
BEGIN;
UPDATE employees SET salary = salary + 1075 WHERE employee_id = 203;
COMMIT;

-- UPDATING EMPLOYEE SALARY 75 --
BEGIN;
UPDATE employees SET salary = salary + 4777 WHERE employee_id = 75;
COMMIT;

-- UPDATING EMPLOYEE SALARY 97 --
BEGIN;
UPDATE employees SET salary = salary + 6616 WHERE employee_id = 97;
COMMIT;

-- UPDATING EMPLOYEE SALARY 202 --
BEGIN;
UPDATE employees SET salary = salary + 1964 WHERE employee_id = 202;
COMMIT;

-- UPDATING EMPLOYEE SALARY 6 --
BEGIN;
UPDATE employees SET salary = salary + 5535 WHERE employee_id = 6;
COMMIT;

-- UPDATING EMPLOYEE SALARY 178 --
BEGIN;
UPDATE employees SET salary = salary + 3605 WHERE employee_id = 178;
COMMIT;

-- UPDATING EMPLOYEE SALARY 68 --
BEGIN;
UPDATE employees SET salary = salary + 5085 WHERE employee_id = 68;
COMMIT;

-- UPDATING EMPLOYEE SALARY 186 --
BEGIN;
UPDATE employees SET salary = salary + 569 WHERE employee_id = 186;
COMMIT;

-- UPDATING EMPLOYEE SALARY 14 --
BEGIN;
UPDATE employees SET salary = salary + 1671 WHERE employee_id = 14;
COMMIT;

-- UPDATING EMPLOYEE SALARY 136 --
BEGIN;
UPDATE employees SET salary = salary + 9913 WHERE employee_id = 136;
COMMIT;

-- UPDATING EMPLOYEE SALARY 62 --
BEGIN;
UPDATE employees SET salary = salary + 1463 WHERE employee_id = 62;
COMMIT;

-- UPDATING EMPLOYEE SALARY 26 --
BEGIN;
UPDATE employees SET salary = salary + 8090 WHERE employee_id = 26;
COMMIT;

-- UPDATING EMPLOYEE SALARY 154 --
BEGIN;
UPDATE employees SET salary = salary + 7406 WHERE employee_id = 154;
COMMIT;

-- UPDATING EMPLOYEE SALARY 88 --
BEGIN;
UPDATE employees SET salary = salary + 3723 WHERE employee_id = 88;
COMMIT;

-- UPDATING EMPLOYEE SALARY 164 --
BEGIN;
UPDATE employees SET salary = salary + 5322 WHERE employee_id = 164;
COMMIT;

-- UPDATING EMPLOYEE SALARY 155 --
BEGIN;
UPDATE employees SET salary = salary + 8805 WHERE employee_id = 155;
COMMIT;

-- UPDATING EMPLOYEE SALARY 202 --
BEGIN;
UPDATE employees SET salary = salary + 8058 WHERE employee_id = 202;
COMMIT;

-- UPDATING EMPLOYEE SALARY 178 --
BEGIN;
UPDATE employees SET salary = salary + 9832 WHERE employee_id = 178;
COMMIT;

-- UPDATING EMPLOYEE SALARY 102 --
BEGIN;
UPDATE employees SET salary = salary + 1828 WHERE employee_id = 102;
COMMIT;

-- UPDATING EMPLOYEE SALARY 200 --
BEGIN;
UPDATE employees SET salary = salary + 6108 WHERE employee_id = 200;
COMMIT;

-- UPDATING EMPLOYEE SALARY 120 --
BEGIN;
UPDATE employees SET salary = salary + 8014 WHERE employee_id = 120;
COMMIT;

-- UPDATING EMPLOYEE SALARY 91 --
BEGIN;
UPDATE employees SET salary = salary + 9377 WHERE employee_id = 91;
COMMIT;

-- UPDATING EMPLOYEE SALARY 91 --
BEGIN;
UPDATE employees SET salary = salary + 5454 WHERE employee_id = 91;
COMMIT;

-- UPDATING EMPLOYEE SALARY 183 --
BEGIN;
UPDATE employees SET salary = salary + 9286 WHERE employee_id = 183;
COMMIT;

-- UPDATING EMPLOYEE SALARY 73 --
BEGIN;
UPDATE employees SET salary = salary + 2412 WHERE employee_id = 73;
COMMIT;

-- UPDATING EMPLOYEE SALARY 128 --
BEGIN;
UPDATE employees SET salary = salary + 2761 WHERE employee_id = 128;
COMMIT;

-- UPDATING EMPLOYEE SALARY 202 --
BEGIN;
UPDATE employees SET salary = salary + 3904 WHERE employee_id = 202;
COMMIT;

-- UPDATING EMPLOYEE SALARY 179 --
BEGIN;
UPDATE employees SET salary = salary + 8904 WHERE employee_id = 179;
COMMIT;

-- UPDATING EMPLOYEE SALARY 197 --
BEGIN;
UPDATE employees SET salary = salary + 1160 WHERE employee_id = 197;
COMMIT;

-- UPDATING EMPLOYEE SALARY 146 --
BEGIN;
UPDATE employees SET salary = salary + 7665 WHERE employee_id = 146;
COMMIT;

-- UPDATING EMPLOYEE SALARY 153 --
BEGIN;
UPDATE employees SET salary = salary + 7441 WHERE employee_id = 153;
COMMIT;

-- UPDATING EMPLOYEE SALARY 178 --
BEGIN;
UPDATE employees SET salary = salary + 3670 WHERE employee_id = 178;
COMMIT;

-- UPDATING EMPLOYEE SALARY 173 --
BEGIN;
UPDATE employees SET salary = salary + 8556 WHERE employee_id = 173;
COMMIT;

-- UPDATING EMPLOYEE SALARY 81 --
BEGIN;
UPDATE employees SET salary = salary + 9469 WHERE employee_id = 81;
COMMIT;

-- UPDATING EMPLOYEE SALARY 14 --
BEGIN;
UPDATE employees SET salary = salary + 7464 WHERE employee_id = 14;
COMMIT;

-- UPDATING EMPLOYEE SALARY 197 --
BEGIN;
UPDATE employees SET salary = salary + 4801 WHERE employee_id = 197;
COMMIT;

-- UPDATING EMPLOYEE SALARY 76 --
BEGIN;
UPDATE employees SET salary = salary + 6314 WHERE employee_id = 76;
COMMIT;

-- UPDATING EMPLOYEE SALARY 199 --
BEGIN;
UPDATE employees SET salary = salary + 3031 WHERE employee_id = 199;
COMMIT;

-- UPDATING EMPLOYEE SALARY 201 --
BEGIN;
UPDATE employees SET salary = salary + 3914 WHERE employee_id = 201;
COMMIT;

-- UPDATING EMPLOYEE SALARY 77 --
BEGIN;
UPDATE employees SET salary = salary + 798 WHERE employee_id = 77;
COMMIT;

-- UPDATING EMPLOYEE SALARY 66 --
BEGIN;
UPDATE employees SET salary = salary + 3808 WHERE employee_id = 66;
COMMIT;

-- UPDATING EMPLOYEE SALARY 35 --
BEGIN;
UPDATE employees SET salary = salary + 535 WHERE employee_id = 35;
COMMIT;

-- UPDATING EMPLOYEE SALARY 198 --
BEGIN;
UPDATE employees SET salary = salary + 4716 WHERE employee_id = 198;
COMMIT;

-- UPDATING EMPLOYEE SALARY 147 --
BEGIN;
UPDATE employees SET salary = salary + 5184 WHERE employee_id = 147;
COMMIT;

-- UPDATING EMPLOYEE SALARY 204 --
BEGIN;
UPDATE employees SET salary = salary + 7341 WHERE employee_id = 204;
COMMIT;

-- INSERTING EMPLOYEE 210 --
BEGIN;
INSERT INTO employees (employee_id, first_name, last_name, email, phone_number, hire_date, job_id, salary,manager_id,department_id) VALUES (210, 'Vera', 'Farmiga', 'vera.farmiga@gmail.com', '555-1236', '2007-11-04', 34, 340000.00, 74, 475);
COMMIT;

-- INSERTING EMPLOYEE 211 --
BEGIN;
INSERT INTO employees (employee_id, first_name, last_name, email, phone_number, hire_date, job_id, salary,manager_id,department_id) VALUES (211, 'Ryan', 'Reynolds', 'ryan.reynolds@gmail.com', '555-3458', '2009-10-03', 57, 560000.00, 38, 200);
INSERT INTO dependents (dependent_id, first_name, last_name, relationship, employee_id) VALUES (624, 'Frank', 'Sinatra', 'spouse', 211);
INSERT INTO dependents (dependent_id, first_name, last_name, relationship, employee_id) VALUES (625, 'Louis', 'Armstrong', 'spouse', 211);
COMMIT;

-- INSERTING EMPLOYEE 212 --
BEGIN;
INSERT INTO employees (employee_id, first_name, last_name, email, phone_number, hire_date, job_id, salary,manager_id,department_id) VALUES (212, 'Scarlett', 'Johansson', 'scarlett.johansson@gmail.com', '555-4569', '2006-03-19', 58, 570000.00, 199, 48);
INSERT INTO dependents (dependent_id, first_name, last_name, relationship, employee_id) VALUES (626, 'Charles', 'Darwin', 'child', 212);
INSERT INTO dependents (dependent_id, first_name, last_name, relationship, employee_id) VALUES (627, 'Louis', 'Armstrong', 'parent', 212);
INSERT INTO dependents (dependent_id, first_name, last_name, relationship, employee_id) VALUES (628, 'Werner', 'Heisenberg', 'parent', 212);
COMMIT;

-- DELETING EMPLOYEE 54 --
BEGIN;
UPDATE employees SET manager_id = 185 WHERE employee_id = 84;
UPDATE employees SET manager_id = 185 WHERE employee_id = 40;
UPDATE employees SET manager_id = 185 WHERE employee_id = 87;
UPDATE employees SET manager_id = 185 WHERE employee_id = 110;
UPDATE employees SET manager_id = 185 WHERE employee_id = 169;
DELETE FROM dependents WHERE employee_id = 54;
DELETE FROM employees WHERE employee_id = 54;
COMMIT;

-- INSERTING DEPENDENT 37 --
BEGIN;
INSERT INTO dependents (dependent_id, first_name, last_name, relationship, employee_id) VALUES (629, 'Richard', 'Feynman', 'parent', 37);
END;

-- INSERTING DEPENDENT 167 --
BEGIN;
INSERT INTO dependents (dependent_id, first_name, last_name, relationship, employee_id) VALUES (630, 'Charles', 'Darwin', 'parent', 167);
END;

-- INSERTING DEPENDENT 44 --
BEGIN;
INSERT INTO dependents (dependent_id, first_name, last_name, relationship, employee_id) VALUES (631, 'Tom', 'Cruise', 'parent', 44);
END;

-- DELETING DEPENDENT 298 --
BEGIN;
DELETE FROM dependents WHERE dependent_id = 298;
COMMIT;

-- UPDATING EMPLOYEE SALARY 60 --
BEGIN;
UPDATE employees SET salary = salary + 3936 WHERE employee_id = 60;
COMMIT;

-- UPDATING EMPLOYEE SALARY 151 --
BEGIN;
UPDATE employees SET salary = salary + 1861 WHERE employee_id = 151;
COMMIT;

-- UPDATING EMPLOYEE SALARY 189 --
BEGIN;
UPDATE employees SET salary = salary + 4379 WHERE employee_id = 189;
COMMIT;

-- UPDATING EMPLOYEE SALARY 210 --
BEGIN;
UPDATE employees SET salary = salary + 1516 WHERE employee_id = 210;
COMMIT;

-- UPDATING EMPLOYEE SALARY 212 --
BEGIN;
UPDATE employees SET salary = salary + 9712 WHERE employee_id = 212;
COMMIT;

-- UPDATING EMPLOYEE SALARY 87 --
BEGIN;
UPDATE employees SET salary = salary + 5047 WHERE employee_id = 87;
COMMIT;

-- UPDATING EMPLOYEE SALARY 148 --
BEGIN;
UPDATE employees SET salary = salary + 1363 WHERE employee_id = 148;
COMMIT;

-- UPDATING EMPLOYEE SALARY 212 --
BEGIN;
UPDATE employees SET salary = salary + 1143 WHERE employee_id = 212;
COMMIT;

-- UPDATING EMPLOYEE SALARY 108 --
BEGIN;
UPDATE employees SET salary = salary + 1471 WHERE employee_id = 108;
COMMIT;

-- UPDATING EMPLOYEE SALARY 151 --
BEGIN;
UPDATE employees SET salary = salary + 4151 WHERE employee_id = 151;
COMMIT;

-- UPDATING EMPLOYEE SALARY 61 --
BEGIN;
UPDATE employees SET salary = salary + 2575 WHERE employee_id = 61;
COMMIT;

-- UPDATING EMPLOYEE SALARY 14 --
BEGIN;
UPDATE employees SET salary = salary + 6268 WHERE employee_id = 14;
COMMIT;

-- UPDATING EMPLOYEE SALARY 139 --
BEGIN;
UPDATE employees SET salary = salary + 4008 WHERE employee_id = 139;
COMMIT;

-- UPDATING EMPLOYEE SALARY 152 --
BEGIN;
UPDATE employees SET salary = salary + 5472 WHERE employee_id = 152;
COMMIT;

-- UPDATING EMPLOYEE SALARY 170 --
BEGIN;
UPDATE employees SET salary = salary + 9021 WHERE employee_id = 170;
COMMIT;

-- UPDATING EMPLOYEE SALARY 129 --
BEGIN;
UPDATE employees SET salary = salary + 3432 WHERE employee_id = 129;
COMMIT;

-- UPDATING EMPLOYEE SALARY 147 --
BEGIN;
UPDATE employees SET salary = salary + 7730 WHERE employee_id = 147;
COMMIT;

-- UPDATING EMPLOYEE SALARY 62 --
BEGIN;
UPDATE employees SET salary = salary + 3106 WHERE employee_id = 62;
COMMIT;

-- UPDATING EMPLOYEE SALARY 46 --
BEGIN;
UPDATE employees SET salary = salary + 8386 WHERE employee_id = 46;
COMMIT;

-- UPDATING EMPLOYEE SALARY 74 --
BEGIN;
UPDATE employees SET salary = salary + 2726 WHERE employee_id = 74;
COMMIT;

-- UPDATING EMPLOYEE SALARY 94 --
BEGIN;
UPDATE employees SET salary = salary + 2312 WHERE employee_id = 94;
COMMIT;

-- UPDATING EMPLOYEE SALARY 1 --
BEGIN;
UPDATE employees SET salary = salary + 1496 WHERE employee_id = 1;
COMMIT;

-- UPDATING EMPLOYEE SALARY 169 --
BEGIN;
UPDATE employees SET salary = salary + 9846 WHERE employee_id = 169;
COMMIT;

-- UPDATING EMPLOYEE SALARY 154 --
BEGIN;
UPDATE employees SET salary = salary + 3272 WHERE employee_id = 154;
COMMIT;

-- UPDATING EMPLOYEE SALARY 136 --
BEGIN;
UPDATE employees SET salary = salary + 6231 WHERE employee_id = 136;
COMMIT;

-- UPDATING EMPLOYEE SALARY 44 --
BEGIN;
UPDATE employees SET salary = salary + 5748 WHERE employee_id = 44;
COMMIT;

-- UPDATING EMPLOYEE SALARY 17 --
BEGIN;
UPDATE employees SET salary = salary + 7886 WHERE employee_id = 17;
COMMIT;

-- UPDATING EMPLOYEE SALARY 169 --
BEGIN;
UPDATE employees SET salary = salary + 987 WHERE employee_id = 169;
COMMIT;

-- UPDATING EMPLOYEE SALARY 38 --
BEGIN;
UPDATE employees SET salary = salary + 9186 WHERE employee_id = 38;
COMMIT;

-- UPDATING EMPLOYEE SALARY 118 --
BEGIN;
UPDATE employees SET salary = salary + 4511 WHERE employee_id = 118;
COMMIT;

-- UPDATING EMPLOYEE SALARY 190 --
BEGIN;
UPDATE employees SET salary = salary + 7118 WHERE employee_id = 190;
COMMIT;

-- UPDATING EMPLOYEE SALARY 146 --
BEGIN;
UPDATE employees SET salary = salary + 6102 WHERE employee_id = 146;
COMMIT;

-- UPDATING EMPLOYEE SALARY 175 --
BEGIN;
UPDATE employees SET salary = salary + 3925 WHERE employee_id = 175;
COMMIT;

-- UPDATING EMPLOYEE SALARY 44 --
BEGIN;
UPDATE employees SET salary = salary + 6672 WHERE employee_id = 44;
COMMIT;

-- UPDATING EMPLOYEE SALARY 140 --
BEGIN;
UPDATE employees SET salary = salary + 5835 WHERE employee_id = 140;
COMMIT;

-- UPDATING EMPLOYEE SALARY 67 --
BEGIN;
UPDATE employees SET salary = salary + 7707 WHERE employee_id = 67;
COMMIT;

-- UPDATING EMPLOYEE SALARY 141 --
BEGIN;
UPDATE employees SET salary = salary + 1285 WHERE employee_id = 141;
COMMIT;

-- UPDATING EMPLOYEE SALARY 174 --
BEGIN;
UPDATE employees SET salary = salary + 4305 WHERE employee_id = 174;
COMMIT;

-- UPDATING EMPLOYEE SALARY 180 --
BEGIN;
UPDATE employees SET salary = salary + 5174 WHERE employee_id = 180;
COMMIT;

-- UPDATING EMPLOYEE SALARY 73 --
BEGIN;
UPDATE employees SET salary = salary + 7707 WHERE employee_id = 73;
COMMIT;

-- UPDATING EMPLOYEE SALARY 25 --
BEGIN;
UPDATE employees SET salary = salary + 2670 WHERE employee_id = 25;
COMMIT;

-- UPDATING EMPLOYEE SALARY 191 --
BEGIN;
UPDATE employees SET salary = salary + 8586 WHERE employee_id = 191;
COMMIT;

-- UPDATING EMPLOYEE SALARY 155 --
BEGIN;
UPDATE employees SET salary = salary + 2435 WHERE employee_id = 155;
COMMIT;

-- UPDATING EMPLOYEE SALARY 120 --
BEGIN;
UPDATE employees SET salary = salary + 262 WHERE employee_id = 120;
COMMIT;

-- UPDATING EMPLOYEE SALARY 212 --
BEGIN;
UPDATE employees SET salary = salary + 3568 WHERE employee_id = 212;
COMMIT;

-- UPDATING EMPLOYEE SALARY 153 --
BEGIN;
UPDATE employees SET salary = salary + 2171 WHERE employee_id = 153;
COMMIT;

-- UPDATING EMPLOYEE SALARY 133 --
BEGIN;
UPDATE employees SET salary = salary + 8472 WHERE employee_id = 133;
COMMIT;

-- UPDATING EMPLOYEE SALARY 198 --
BEGIN;
UPDATE employees SET salary = salary + 1820 WHERE employee_id = 198;
COMMIT;

-- UPDATING EMPLOYEE SALARY 11 --
BEGIN;
UPDATE employees SET salary = salary + 2989 WHERE employee_id = 11;
COMMIT;

-- UPDATING EMPLOYEE SALARY 108 --
BEGIN;
UPDATE employees SET salary = salary + 5154 WHERE employee_id = 108;
COMMIT;

-- UPDATING EMPLOYEE SALARY 164 --
BEGIN;
UPDATE employees SET salary = salary + 6187 WHERE employee_id = 164;
COMMIT;

-- UPDATING EMPLOYEE SALARY 146 --
BEGIN;
UPDATE employees SET salary = salary + 7814 WHERE employee_id = 146;
COMMIT;

-- UPDATING EMPLOYEE SALARY 33 --
BEGIN;
UPDATE employees SET salary = salary + 4968 WHERE employee_id = 33;
COMMIT;

-- UPDATING EMPLOYEE SALARY 206 --
BEGIN;
UPDATE employees SET salary = salary + 8580 WHERE employee_id = 206;
COMMIT;

-- UPDATING EMPLOYEE SALARY 209 --
BEGIN;
UPDATE employees SET salary = salary + 4192 WHERE employee_id = 209;
COMMIT;

-- UPDATING EMPLOYEE SALARY 38 --
BEGIN;
UPDATE employees SET salary = salary + 1877 WHERE employee_id = 38;
COMMIT;

-- UPDATING EMPLOYEE SALARY 208 --
BEGIN;
UPDATE employees SET salary = salary + 7264 WHERE employee_id = 208;
COMMIT;

-- UPDATING EMPLOYEE SALARY 150 --
BEGIN;
UPDATE employees SET salary = salary + 6518 WHERE employee_id = 150;
COMMIT;

-- UPDATING EMPLOYEE SALARY 208 --
BEGIN;
UPDATE employees SET salary = salary + 1075 WHERE employee_id = 208;
COMMIT;

-- UPDATING EMPLOYEE SALARY 172 --
BEGIN;
UPDATE employees SET salary = salary + 2323 WHERE employee_id = 172;
COMMIT;

-- UPDATING EMPLOYEE SALARY 201 --
BEGIN;
UPDATE employees SET salary = salary + 8965 WHERE employee_id = 201;
COMMIT;

-- UPDATING EMPLOYEE SALARY 203 --
BEGIN;
UPDATE employees SET salary = salary + 4109 WHERE employee_id = 203;
COMMIT;

-- UPDATING EMPLOYEE SALARY 114 --
BEGIN;
UPDATE employees SET salary = salary + 1425 WHERE employee_id = 114;
COMMIT;

-- UPDATING EMPLOYEE SALARY 212 --
BEGIN;
UPDATE employees SET salary = salary + 1553 WHERE employee_id = 212;
COMMIT;

-- UPDATING EMPLOYEE SALARY 107 --
BEGIN;
UPDATE employees SET salary = salary + 2582 WHERE employee_id = 107;
COMMIT;

-- UPDATING EMPLOYEE SALARY 143 --
BEGIN;
UPDATE employees SET salary = salary + 5869 WHERE employee_id = 143;
COMMIT;

-- UPDATING EMPLOYEE SALARY 137 --
BEGIN;
UPDATE employees SET salary = salary + 4956 WHERE employee_id = 137;
COMMIT;

-- UPDATING EMPLOYEE SALARY 148 --
BEGIN;
UPDATE employees SET salary = salary + 6404 WHERE employee_id = 148;
COMMIT;

-- UPDATING EMPLOYEE SALARY 93 --
BEGIN;
UPDATE employees SET salary = salary + 6113 WHERE employee_id = 93;
COMMIT;

-- UPDATING EMPLOYEE SALARY 131 --
BEGIN;
UPDATE employees SET salary = salary + 174 WHERE employee_id = 131;
COMMIT;

-- UPDATING EMPLOYEE SALARY 156 --
BEGIN;
UPDATE employees SET salary = salary + 4194 WHERE employee_id = 156;
COMMIT;

-- UPDATING EMPLOYEE SALARY 203 --
BEGIN;
UPDATE employees SET salary = salary + 4467 WHERE employee_id = 203;
COMMIT;

-- UPDATING EMPLOYEE SALARY 155 --
BEGIN;
UPDATE employees SET salary = salary + 9361 WHERE employee_id = 155;
COMMIT;

-- UPDATING EMPLOYEE SALARY 173 --
BEGIN;
UPDATE employees SET salary = salary + 1651 WHERE employee_id = 173;
COMMIT;

-- UPDATING EMPLOYEE SALARY 73 --
BEGIN;
UPDATE employees SET salary = salary + 1584 WHERE employee_id = 73;
COMMIT;

-- UPDATING EMPLOYEE SALARY 191 --
BEGIN;
UPDATE employees SET salary = salary + 8739 WHERE employee_id = 191;
COMMIT;

-- UPDATING EMPLOYEE SALARY 139 --
BEGIN;
UPDATE employees SET salary = salary + 7985 WHERE employee_id = 139;
COMMIT;

-- UPDATING EMPLOYEE SALARY 193 --
BEGIN;
UPDATE employees SET salary = salary + 3568 WHERE employee_id = 193;
COMMIT;

-- UPDATING EMPLOYEE SALARY 173 --
BEGIN;
UPDATE employees SET salary = salary + 6820 WHERE employee_id = 173;
COMMIT;

-- UPDATING EMPLOYEE SALARY 158 --
BEGIN;
UPDATE employees SET salary = salary + 523 WHERE employee_id = 158;
COMMIT;

-- UPDATING EMPLOYEE SALARY 9 --
BEGIN;
UPDATE employees SET salary = salary + 6042 WHERE employee_id = 9;
COMMIT;

-- UPDATING EMPLOYEE SALARY 207 --
BEGIN;
UPDATE employees SET salary = salary + 6734 WHERE employee_id = 207;
COMMIT;

-- UPDATING EMPLOYEE SALARY 204 --
BEGIN;
UPDATE employees SET salary = salary + 1606 WHERE employee_id = 204;
COMMIT;

-- UPDATING EMPLOYEE SALARY 200 --
BEGIN;
UPDATE employees SET salary = salary + 4936 WHERE employee_id = 200;
COMMIT;

-- UPDATING EMPLOYEE SALARY 170 --
BEGIN;
UPDATE employees SET salary = salary + 7403 WHERE employee_id = 170;
COMMIT;

-- UPDATING EMPLOYEE SALARY 60 --
BEGIN;
UPDATE employees SET salary = salary + 2442 WHERE employee_id = 60;
COMMIT;

-- UPDATING EMPLOYEE SALARY 78 --
BEGIN;
UPDATE employees SET salary = salary + 6886 WHERE employee_id = 78;
COMMIT;

-- UPDATING EMPLOYEE SALARY 184 --
BEGIN;
UPDATE employees SET salary = salary + 7322 WHERE employee_id = 184;
COMMIT;

-- UPDATING EMPLOYEE SALARY 192 --
BEGIN;
UPDATE employees SET salary = salary + 2295 WHERE employee_id = 192;
COMMIT;

-- UPDATING EMPLOYEE SALARY 39 --
BEGIN;
UPDATE employees SET salary = salary + 5051 WHERE employee_id = 39;
COMMIT;

-- UPDATING EMPLOYEE SALARY 186 --
BEGIN;
UPDATE employees SET salary = salary + 5298 WHERE employee_id = 186;
COMMIT;

-- UPDATING EMPLOYEE SALARY 185 --
BEGIN;
UPDATE employees SET salary = salary + 6515 WHERE employee_id = 185;
COMMIT;

-- UPDATING EMPLOYEE SALARY 194 --
BEGIN;
UPDATE employees SET salary = salary + 2138 WHERE employee_id = 194;
COMMIT;

-- UPDATING EMPLOYEE SALARY 60 --
BEGIN;
UPDATE employees SET salary = salary + 7170 WHERE employee_id = 60;
COMMIT;

-- UPDATING EMPLOYEE SALARY 94 --
BEGIN;
UPDATE employees SET salary = salary + 937 WHERE employee_id = 94;
COMMIT;

-- UPDATING EMPLOYEE SALARY 17 --
BEGIN;
UPDATE employees SET salary = salary + 9137 WHERE employee_id = 17;
COMMIT;

-- UPDATING EMPLOYEE SALARY 133 --
BEGIN;
UPDATE employees SET salary = salary + 4592 WHERE employee_id = 133;
COMMIT;

-- UPDATING EMPLOYEE SALARY 61 --
BEGIN;
UPDATE employees SET salary = salary + 1988 WHERE employee_id = 61;
COMMIT;

-- UPDATING EMPLOYEE SALARY 184 --
BEGIN;
UPDATE employees SET salary = salary + 6089 WHERE employee_id = 184;
COMMIT;

-- UPDATING EMPLOYEE SALARY 108 --
BEGIN;
UPDATE employees SET salary = salary + 9259 WHERE employee_id = 108;
COMMIT;

-- UPDATING EMPLOYEE SALARY 196 --
BEGIN;
UPDATE employees SET salary = salary + 7982 WHERE employee_id = 196;
COMMIT;

-- UPDATING EMPLOYEE SALARY 190 --
BEGIN;
UPDATE employees SET salary = salary + 4994 WHERE employee_id = 190;
COMMIT;

-- UPDATING EMPLOYEE SALARY 46 --
BEGIN;
UPDATE employees SET salary = salary + 6835 WHERE employee_id = 46;
COMMIT;

-- UPDATING EMPLOYEE SALARY 81 --
BEGIN;
UPDATE employees SET salary = salary + 8342 WHERE employee_id = 81;
COMMIT;

-- UPDATING EMPLOYEE SALARY 179 --
BEGIN;
UPDATE employees SET salary = salary + 7482 WHERE employee_id = 179;
COMMIT;

-- UPDATING EMPLOYEE SALARY 86 --
BEGIN;
UPDATE employees SET salary = salary + 4552 WHERE employee_id = 86;
COMMIT;

-- UPDATING EMPLOYEE SALARY 107 --
BEGIN;
UPDATE employees SET salary = salary + 6316 WHERE employee_id = 107;
COMMIT;

-- UPDATING EMPLOYEE SALARY 149 --
BEGIN;
UPDATE employees SET salary = salary + 5569 WHERE employee_id = 149;
COMMIT;

-- UPDATING EMPLOYEE SALARY 39 --
BEGIN;
UPDATE employees SET salary = salary + 7075 WHERE employee_id = 39;
COMMIT;

-- UPDATING EMPLOYEE SALARY 160 --
BEGIN;
UPDATE employees SET salary = salary + 1870 WHERE employee_id = 160;
COMMIT;

-- UPDATING EMPLOYEE SALARY 155 --
BEGIN;
UPDATE employees SET salary = salary + 7741 WHERE employee_id = 155;
COMMIT;

-- UPDATING EMPLOYEE SALARY 173 --
BEGIN;
UPDATE employees SET salary = salary + 9689 WHERE employee_id = 173;
COMMIT;

-- UPDATING EMPLOYEE SALARY 90 --
BEGIN;
UPDATE employees SET salary = salary + 7218 WHERE employee_id = 90;
COMMIT;

-- UPDATING EMPLOYEE SALARY 201 --
BEGIN;
UPDATE employees SET salary = salary + 7821 WHERE employee_id = 201;
COMMIT;

-- UPDATING EMPLOYEE SALARY 22 --
BEGIN;
UPDATE employees SET salary = salary + 6190 WHERE employee_id = 22;
COMMIT;

-- UPDATING EMPLOYEE SALARY 60 --
BEGIN;
UPDATE employees SET salary = salary + 1929 WHERE employee_id = 60;
COMMIT;

-- UPDATING EMPLOYEE SALARY 77 --
BEGIN;
UPDATE employees SET salary = salary + 7289 WHERE employee_id = 77;
COMMIT;

-- UPDATING EMPLOYEE SALARY 127 --
BEGIN;
UPDATE employees SET salary = salary + 1236 WHERE employee_id = 127;
COMMIT;

-- UPDATING EMPLOYEE SALARY 35 --
BEGIN;
UPDATE employees SET salary = salary + 1669 WHERE employee_id = 35;
COMMIT;

-- UPDATING EMPLOYEE SALARY 50 --
BEGIN;
UPDATE employees SET salary = salary + 3186 WHERE employee_id = 50;
COMMIT;

-- UPDATING EMPLOYEE SALARY 135 --
BEGIN;
UPDATE employees SET salary = salary + 819 WHERE employee_id = 135;
COMMIT;

-- UPDATING EMPLOYEE SALARY 127 --
BEGIN;
UPDATE employees SET salary = salary + 9531 WHERE employee_id = 127;
COMMIT;

-- UPDATING EMPLOYEE SALARY 180 --
BEGIN;
UPDATE employees SET salary = salary + 4492 WHERE employee_id = 180;
COMMIT;

-- UPDATING EMPLOYEE SALARY 44 --
BEGIN;
UPDATE employees SET salary = salary + 2700 WHERE employee_id = 44;
COMMIT;

-- UPDATING EMPLOYEE SALARY 194 --
BEGIN;
UPDATE employees SET salary = salary + 4524 WHERE employee_id = 194;
COMMIT;

-- UPDATING EMPLOYEE SALARY 64 --
BEGIN;
UPDATE employees SET salary = salary + 5679 WHERE employee_id = 64;
COMMIT;

-- UPDATING EMPLOYEE SALARY 26 --
BEGIN;
UPDATE employees SET salary = salary + 604 WHERE employee_id = 26;
COMMIT;

-- UPDATING EMPLOYEE SALARY 204 --
BEGIN;
UPDATE employees SET salary = salary + 1875 WHERE employee_id = 204;
COMMIT;

-- UPDATING EMPLOYEE SALARY 193 --
BEGIN;
UPDATE employees SET salary = salary + 1013 WHERE employee_id = 193;
COMMIT;

-- UPDATING EMPLOYEE SALARY 85 --
BEGIN;
UPDATE employees SET salary = salary + 2096 WHERE employee_id = 85;
COMMIT;

-- INSERTING EMPLOYEE 213 --
BEGIN;
INSERT INTO employees (employee_id, first_name, last_name, email, phone_number, hire_date, job_id, salary,manager_id,department_id) VALUES (213, 'Tina', 'Fey', 'tina.fey@gmail.com', '555-3458', '1995-02-27', 27, 260000.00, 81, 425);
INSERT INTO dependents (dependent_id, first_name, last_name, relationship, employee_id) VALUES (632, 'Emmy', 'Noether', 'parent', 213);
INSERT INTO dependents (dependent_id, first_name, last_name, relationship, employee_id) VALUES (633, 'Lise', 'Meitner', 'parent', 213);
INSERT INTO dependents (dependent_id, first_name, last_name, relationship, employee_id) VALUES (634, 'Queen', 'Latifah', 'spouse', 213);
COMMIT;

-- INSERTING EMPLOYEE 214 --
BEGIN;
INSERT INTO employees (employee_id, first_name, last_name, email, phone_number, hire_date, job_id, salary,manager_id,department_id) VALUES (214, 'Kate', 'Winslet', 'kate.winslet@gmail.com', '555-6781', '1991-05-22', 60, 490000.00, 190, 304);
INSERT INTO dependents (dependent_id, first_name, last_name, relationship, employee_id) VALUES (635, 'Neil', 'Armstrong', 'spouse', 214);
INSERT INTO dependents (dependent_id, first_name, last_name, relationship, employee_id) VALUES (636, 'Meryl', 'Streep', 'parent', 214);
COMMIT;

-- INSERTING EMPLOYEE 215 --
BEGIN;
INSERT INTO employees (employee_id, first_name, last_name, email, phone_number, hire_date, job_id, salary,manager_id,department_id) VALUES (215, 'Ryan', 'Reynolds', 'ryan.reynolds@gmail.com', '555-3458', '1995-04-21', 19, 560000.00, 93, 498);
INSERT INTO dependents (dependent_id, first_name, last_name, relationship, employee_id) VALUES (637, 'Susan', 'Sarandon', 'parent', 215);
INSERT INTO dependents (dependent_id, first_name, last_name, relationship, employee_id) VALUES (638, 'James', 'Maxwell', 'parent', 215);
COMMIT;

-- INSERTING EMPLOYEE 216 --
BEGIN;
INSERT INTO employees (employee_id, first_name, last_name, email, phone_number, hire_date, job_id, salary,manager_id,department_id) VALUES (216, 'Rihanna', 'Black', 'rihanna.black@gmail.com', '555-1235', '2012-11-25', 59, 240000.00, 105, 241);
INSERT INTO dependents (dependent_id, first_name, last_name, relationship, employee_id) VALUES (639, 'Katherine', 'Johnson', 'child', 216);
INSERT INTO dependents (dependent_id, first_name, last_name, relationship, employee_id) VALUES (640, 'Ada', 'Lovelace', 'spouse', 216);
COMMIT;

-- INSERTING DEPENDENT 216 --
BEGIN;
INSERT INTO dependents (dependent_id, first_name, last_name, relationship, employee_id) VALUES (641, 'Jane', 'Goodall', 'parent', 216);
END;

-- INSERTING DEPENDENT 134 --
BEGIN;
INSERT INTO dependents (dependent_id, first_name, last_name, relationship, employee_id) VALUES (642, 'Galileo', 'Galilei', 'spouse', 134);
END;

-- INSERTING DEPENDENT 204 --
BEGIN;
INSERT INTO dependents (dependent_id, first_name, last_name, relationship, employee_id) VALUES (643, 'Ada', 'Lovelace', 'parent', 204);
END;

-- INSERTING DEPENDENT 106 --
BEGIN;
INSERT INTO dependents (dependent_id, first_name, last_name, relationship, employee_id) VALUES (644, 'Oprah', 'Winfrey', 'spouse', 106);
END;

-- UPDATING EMPLOYEE SALARY 196 --
BEGIN;
UPDATE employees SET salary = salary + 6679 WHERE employee_id = 196;
COMMIT;

-- UPDATING EMPLOYEE SALARY 39 --
BEGIN;
UPDATE employees SET salary = salary + 6109 WHERE employee_id = 39;
COMMIT;

-- UPDATING EMPLOYEE SALARY 143 --
BEGIN;
UPDATE employees SET salary = salary + 7717 WHERE employee_id = 143;
COMMIT;

-- UPDATING EMPLOYEE SALARY 199 --
BEGIN;
UPDATE employees SET salary = salary + 5254 WHERE employee_id = 199;
COMMIT;

-- UPDATING EMPLOYEE SALARY 80 --
BEGIN;
UPDATE employees SET salary = salary + 70 WHERE employee_id = 80;
COMMIT;

-- UPDATING EMPLOYEE SALARY 174 --
BEGIN;
UPDATE employees SET salary = salary + 3715 WHERE employee_id = 174;
COMMIT;

-- UPDATING EMPLOYEE SALARY 112 --
BEGIN;
UPDATE employees SET salary = salary + 6243 WHERE employee_id = 112;
COMMIT;

-- UPDATING EMPLOYEE SALARY 180 --
BEGIN;
UPDATE employees SET salary = salary + 9255 WHERE employee_id = 180;
COMMIT;

-- UPDATING EMPLOYEE SALARY 193 --
BEGIN;
UPDATE employees SET salary = salary + 7770 WHERE employee_id = 193;
COMMIT;

-- UPDATING EMPLOYEE SALARY 94 --
BEGIN;
UPDATE employees SET salary = salary + 3297 WHERE employee_id = 94;
COMMIT;

-- UPDATING EMPLOYEE SALARY 9 --
BEGIN;
UPDATE employees SET salary = salary + 3841 WHERE employee_id = 9;
COMMIT;

-- UPDATING EMPLOYEE SALARY 211 --
BEGIN;
UPDATE employees SET salary = salary + 9237 WHERE employee_id = 211;
COMMIT;

-- UPDATING EMPLOYEE SALARY 174 --
BEGIN;
UPDATE employees SET salary = salary + 7015 WHERE employee_id = 174;
COMMIT;

-- UPDATING EMPLOYEE SALARY 177 --
BEGIN;
UPDATE employees SET salary = salary + 1352 WHERE employee_id = 177;
COMMIT;

-- UPDATING EMPLOYEE SALARY 213 --
BEGIN;
UPDATE employees SET salary = salary + 101 WHERE employee_id = 213;
COMMIT;

-- UPDATING EMPLOYEE SALARY 180 --
BEGIN;
UPDATE employees SET salary = salary + 4215 WHERE employee_id = 180;
COMMIT;

-- UPDATING EMPLOYEE SALARY 25 --
BEGIN;
UPDATE employees SET salary = salary + 9550 WHERE employee_id = 25;
COMMIT;

-- UPDATING EMPLOYEE SALARY 93 --
BEGIN;
UPDATE employees SET salary = salary + 6739 WHERE employee_id = 93;
COMMIT;

-- UPDATING EMPLOYEE SALARY 150 --
BEGIN;
UPDATE employees SET salary = salary + 2806 WHERE employee_id = 150;
COMMIT;

-- UPDATING EMPLOYEE SALARY 91 --
BEGIN;
UPDATE employees SET salary = salary + 5411 WHERE employee_id = 91;
COMMIT;

-- UPDATING EMPLOYEE SALARY 119 --
BEGIN;
UPDATE employees SET salary = salary + 6033 WHERE employee_id = 119;
COMMIT;

-- UPDATING EMPLOYEE SALARY 138 --
BEGIN;
UPDATE employees SET salary = salary + 2360 WHERE employee_id = 138;
COMMIT;

-- UPDATING EMPLOYEE SALARY 169 --
BEGIN;
UPDATE employees SET salary = salary + 5222 WHERE employee_id = 169;
COMMIT;

-- UPDATING EMPLOYEE SALARY 62 --
BEGIN;
UPDATE employees SET salary = salary + 4070 WHERE employee_id = 62;
COMMIT;

-- UPDATING EMPLOYEE SALARY 182 --
BEGIN;
UPDATE employees SET salary = salary + 9177 WHERE employee_id = 182;
COMMIT;

-- UPDATING EMPLOYEE SALARY 153 --
BEGIN;
UPDATE employees SET salary = salary + 6755 WHERE employee_id = 153;
COMMIT;

-- UPDATING EMPLOYEE SALARY 206 --
BEGIN;
UPDATE employees SET salary = salary + 667 WHERE employee_id = 206;
COMMIT;

-- UPDATING EMPLOYEE SALARY 149 --
BEGIN;
UPDATE employees SET salary = salary + 2776 WHERE employee_id = 149;
COMMIT;

-- UPDATING EMPLOYEE SALARY 158 --
BEGIN;
UPDATE employees SET salary = salary + 646 WHERE employee_id = 158;
COMMIT;

-- UPDATING EMPLOYEE SALARY 206 --
BEGIN;
UPDATE employees SET salary = salary + 5351 WHERE employee_id = 206;
COMMIT;

-- UPDATING EMPLOYEE SALARY 180 --
BEGIN;
UPDATE employees SET salary = salary + 9490 WHERE employee_id = 180;
COMMIT;

-- UPDATING EMPLOYEE SALARY 60 --
BEGIN;
UPDATE employees SET salary = salary + 7340 WHERE employee_id = 60;
COMMIT;

-- UPDATING EMPLOYEE SALARY 72 --
BEGIN;
UPDATE employees SET salary = salary + 6177 WHERE employee_id = 72;
COMMIT;

-- UPDATING EMPLOYEE SALARY 187 --
BEGIN;
UPDATE employees SET salary = salary + 6124 WHERE employee_id = 187;
COMMIT;

-- UPDATING EMPLOYEE SALARY 204 --
BEGIN;
UPDATE employees SET salary = salary + 7685 WHERE employee_id = 204;
COMMIT;

-- UPDATING EMPLOYEE SALARY 117 --
BEGIN;
UPDATE employees SET salary = salary + 2427 WHERE employee_id = 117;
COMMIT;

-- UPDATING EMPLOYEE SALARY 105 --
BEGIN;
UPDATE employees SET salary = salary + 7916 WHERE employee_id = 105;
COMMIT;

-- UPDATING EMPLOYEE SALARY 126 --
BEGIN;
UPDATE employees SET salary = salary + 9434 WHERE employee_id = 126;
COMMIT;

-- UPDATING EMPLOYEE SALARY 50 --
BEGIN;
UPDATE employees SET salary = salary + 9579 WHERE employee_id = 50;
COMMIT;

-- UPDATING EMPLOYEE SALARY 45 --
BEGIN;
UPDATE employees SET salary = salary + 2650 WHERE employee_id = 45;
COMMIT;

-- UPDATING EMPLOYEE SALARY 64 --
BEGIN;
UPDATE employees SET salary = salary + 6027 WHERE employee_id = 64;
COMMIT;

-- UPDATING EMPLOYEE SALARY 114 --
BEGIN;
UPDATE employees SET salary = salary + 7697 WHERE employee_id = 114;
COMMIT;

-- UPDATING EMPLOYEE SALARY 66 --
BEGIN;
UPDATE employees SET salary = salary + 645 WHERE employee_id = 66;
COMMIT;

-- UPDATING EMPLOYEE SALARY 164 --
BEGIN;
UPDATE employees SET salary = salary + 4599 WHERE employee_id = 164;
COMMIT;

-- UPDATING EMPLOYEE SALARY 62 --
BEGIN;
UPDATE employees SET salary = salary + 1066 WHERE employee_id = 62;
COMMIT;

-- UPDATING EMPLOYEE SALARY 34 --
BEGIN;
UPDATE employees SET salary = salary + 3006 WHERE employee_id = 34;
COMMIT;

-- UPDATING EMPLOYEE SALARY 26 --
BEGIN;
UPDATE employees SET salary = salary + 4962 WHERE employee_id = 26;
COMMIT;

-- UPDATING EMPLOYEE SALARY 84 --
BEGIN;
UPDATE employees SET salary = salary + 1190 WHERE employee_id = 84;
COMMIT;

-- UPDATING EMPLOYEE SALARY 167 --
BEGIN;
UPDATE employees SET salary = salary + 1201 WHERE employee_id = 167;
COMMIT;

-- UPDATING EMPLOYEE SALARY 68 --
BEGIN;
UPDATE employees SET salary = salary + 4358 WHERE employee_id = 68;
COMMIT;

-- UPDATING EMPLOYEE SALARY 37 --
BEGIN;
UPDATE employees SET salary = salary + 794 WHERE employee_id = 37;
COMMIT;

-- UPDATING EMPLOYEE SALARY 191 --
BEGIN;
UPDATE employees SET salary = salary + 9836 WHERE employee_id = 191;
COMMIT;

-- UPDATING EMPLOYEE SALARY 205 --
BEGIN;
UPDATE employees SET salary = salary + 5576 WHERE employee_id = 205;
COMMIT;

-- UPDATING EMPLOYEE SALARY 22 --
BEGIN;
UPDATE employees SET salary = salary + 9053 WHERE employee_id = 22;
COMMIT;

-- UPDATING EMPLOYEE SALARY 125 --
BEGIN;
UPDATE employees SET salary = salary + 5353 WHERE employee_id = 125;
COMMIT;

-- UPDATING EMPLOYEE SALARY 73 --
BEGIN;
UPDATE employees SET salary = salary + 4898 WHERE employee_id = 73;
COMMIT;

-- UPDATING EMPLOYEE SALARY 123 --
BEGIN;
UPDATE employees SET salary = salary + 2802 WHERE employee_id = 123;
COMMIT;

-- UPDATING EMPLOYEE SALARY 167 --
BEGIN;
UPDATE employees SET salary = salary + 6640 WHERE employee_id = 167;
COMMIT;

-- UPDATING EMPLOYEE SALARY 130 --
BEGIN;
UPDATE employees SET salary = salary + 7066 WHERE employee_id = 130;
COMMIT;

-- UPDATING EMPLOYEE SALARY 200 --
BEGIN;
UPDATE employees SET salary = salary + 6349 WHERE employee_id = 200;
COMMIT;

-- UPDATING EMPLOYEE SALARY 66 --
BEGIN;
UPDATE employees SET salary = salary + 7055 WHERE employee_id = 66;
COMMIT;

-- UPDATING EMPLOYEE SALARY 80 --
BEGIN;
UPDATE employees SET salary = salary + 462 WHERE employee_id = 80;
COMMIT;

-- UPDATING EMPLOYEE SALARY 182 --
BEGIN;
UPDATE employees SET salary = salary + 2098 WHERE employee_id = 182;
COMMIT;

-- UPDATING EMPLOYEE SALARY 178 --
BEGIN;
UPDATE employees SET salary = salary + 5423 WHERE employee_id = 178;
COMMIT;

-- UPDATING EMPLOYEE SALARY 97 --
BEGIN;
UPDATE employees SET salary = salary + 9639 WHERE employee_id = 97;
COMMIT;

-- UPDATING EMPLOYEE SALARY 167 --
BEGIN;
UPDATE employees SET salary = salary + 7415 WHERE employee_id = 167;
COMMIT;

-- UPDATING EMPLOYEE SALARY 204 --
BEGIN;
UPDATE employees SET salary = salary + 8534 WHERE employee_id = 204;
COMMIT;

-- UPDATING EMPLOYEE SALARY 93 --
BEGIN;
UPDATE employees SET salary = salary + 2664 WHERE employee_id = 93;
COMMIT;

-- INSERTING EMPLOYEE 217 --
BEGIN;
INSERT INTO employees (employee_id, first_name, last_name, email, phone_number, hire_date, job_id, salary,manager_id,department_id) VALUES (217, 'Aaron', 'Paul', 'aaron.paul@gmail.com', '555-6781', '2023-08-21', 5, 390000.00, 103, 78);
INSERT INTO dependents (dependent_id, first_name, last_name, relationship, employee_id) VALUES (645, 'Ada', 'Lovelace', 'spouse', 217);
INSERT INTO dependents (dependent_id, first_name, last_name, relationship, employee_id) VALUES (646, 'Rachel', 'Carson', 'spouse', 217);
INSERT INTO dependents (dependent_id, first_name, last_name, relationship, employee_id) VALUES (647, 'Chris', 'Evans', 'spouse', 217);
INSERT INTO dependents (dependent_id, first_name, last_name, relationship, employee_id) VALUES (648, 'Iris', 'Apfel', 'child', 217);
COMMIT;

-- INSERTING EMPLOYEE 218 --
BEGIN;
INSERT INTO employees (employee_id, first_name, last_name, email, phone_number, hire_date, job_id, salary,manager_id,department_id) VALUES (218, 'Gwen', 'Stefani', 'gwen.stefani@gmail.com', '555-2347', '1991-04-28', 1, 450000.00, 146, 384);
INSERT INTO dependents (dependent_id, first_name, last_name, relationship, employee_id) VALUES (649, 'Stephen', 'Hawking', 'spouse', 218);
INSERT INTO dependents (dependent_id, first_name, last_name, relationship, employee_id) VALUES (650, 'James', 'Maxwell', 'parent', 218);
INSERT INTO dependents (dependent_id, first_name, last_name, relationship, employee_id) VALUES (651, 'Lise', 'Meitner', 'parent', 218);
COMMIT;

-- INSERTING EMPLOYEE 219 --
BEGIN;
INSERT INTO employees (employee_id, first_name, last_name, email, phone_number, hire_date, job_id, salary,manager_id,department_id) VALUES (219, 'Queen', 'Latifah', 'queen.latifah@gmail.com', '555-2347', '2004-05-14', 48, 550000.00, 65, 578);
INSERT INTO dependents (dependent_id, first_name, last_name, relationship, employee_id) VALUES (652, 'Albert', 'Einstein', 'spouse', 219);
COMMIT;

-- DELETING EMPLOYEE 120 --
BEGIN;
UPDATE employees SET manager_id = 140 WHERE employee_id = 97;
UPDATE employees SET manager_id = 140 WHERE employee_id = 154;
UPDATE employees SET manager_id = 140 WHERE employee_id = 163;
DELETE FROM dependents WHERE employee_id = 120;
DELETE FROM employees WHERE employee_id = 120;
COMMIT;

-- DELETING EMPLOYEE 74 --
BEGIN;
UPDATE employees SET manager_id = 65 WHERE employee_id = 76;
UPDATE employees SET manager_id = 65 WHERE employee_id = 79;
UPDATE employees SET manager_id = 65 WHERE employee_id = 210;
DELETE FROM dependents WHERE employee_id = 74;
DELETE FROM employees WHERE employee_id = 74;
COMMIT;

-- INSERTING DEPENDENT 137 --
BEGIN;
INSERT INTO dependents (dependent_id, first_name, last_name, relationship, employee_id) VALUES (653, 'Niels', 'Bohr', 'parent', 137);
END;

-- INSERTING DEPENDENT 134 --
BEGIN;
INSERT INTO dependents (dependent_id, first_name, last_name, relationship, employee_id) VALUES (654, 'James', 'Maxwell', 'parent', 134);
END;

-- INSERTING DEPENDENT 204 --
BEGIN;
INSERT INTO dependents (dependent_id, first_name, last_name, relationship, employee_id) VALUES (655, 'James', 'Maxwell', 'spouse', 204);
END;

-- DELETING DEPENDENT 564 --
BEGIN;
DELETE FROM dependents WHERE dependent_id = 564;
COMMIT;

-- DELETING DEPENDENT 574 --
BEGIN;
DELETE FROM dependents WHERE dependent_id = 574;
COMMIT;

-- UPDATING EMPLOYEE SALARY 25 --
BEGIN;
UPDATE employees SET salary = salary + 6578 WHERE employee_id = 25;
COMMIT;

-- UPDATING EMPLOYEE SALARY 207 --
BEGIN;
UPDATE employees SET salary = salary + 8901 WHERE employee_id = 207;
COMMIT;

-- UPDATING EMPLOYEE SALARY 175 --
BEGIN;
UPDATE employees SET salary = salary + 8797 WHERE employee_id = 175;
COMMIT;

-- UPDATING EMPLOYEE SALARY 126 --
BEGIN;
UPDATE employees SET salary = salary + 1348 WHERE employee_id = 126;
COMMIT;

-- UPDATING EMPLOYEE SALARY 135 --
BEGIN;
UPDATE employees SET salary = salary + 7736 WHERE employee_id = 135;
COMMIT;

-- UPDATING EMPLOYEE SALARY 75 --
BEGIN;
UPDATE employees SET salary = salary + 4422 WHERE employee_id = 75;
COMMIT;

-- UPDATING EMPLOYEE SALARY 80 --
BEGIN;
UPDATE employees SET salary = salary + 9484 WHERE employee_id = 80;
COMMIT;

-- UPDATING EMPLOYEE SALARY 1 --
BEGIN;
UPDATE employees SET salary = salary + 2249 WHERE employee_id = 1;
COMMIT;

-- UPDATING EMPLOYEE SALARY 1 --
BEGIN;
UPDATE employees SET salary = salary + 5909 WHERE employee_id = 1;
COMMIT;

-- UPDATING EMPLOYEE SALARY 197 --
BEGIN;
UPDATE employees SET salary = salary + 4519 WHERE employee_id = 197;
COMMIT;

-- UPDATING EMPLOYEE SALARY 162 --
BEGIN;
UPDATE employees SET salary = salary + 6443 WHERE employee_id = 162;
COMMIT;

-- UPDATING EMPLOYEE SALARY 123 --
BEGIN;
UPDATE employees SET salary = salary + 3155 WHERE employee_id = 123;
COMMIT;

-- UPDATING EMPLOYEE SALARY 133 --
BEGIN;
UPDATE employees SET salary = salary + 4575 WHERE employee_id = 133;
COMMIT;

-- UPDATING EMPLOYEE SALARY 173 --
BEGIN;
UPDATE employees SET salary = salary + 8466 WHERE employee_id = 173;
COMMIT;

-- UPDATING EMPLOYEE SALARY 212 --
BEGIN;
UPDATE employees SET salary = salary + 4368 WHERE employee_id = 212;
COMMIT;

-- UPDATING EMPLOYEE SALARY 186 --
BEGIN;
UPDATE employees SET salary = salary + 4508 WHERE employee_id = 186;
COMMIT;

-- UPDATING EMPLOYEE SALARY 38 --
BEGIN;
UPDATE employees SET salary = salary + 6117 WHERE employee_id = 38;
COMMIT;

-- UPDATING EMPLOYEE SALARY 214 --
BEGIN;
UPDATE employees SET salary = salary + 6462 WHERE employee_id = 214;
COMMIT;

-- UPDATING EMPLOYEE SALARY 152 --
BEGIN;
UPDATE employees SET salary = salary + 2976 WHERE employee_id = 152;
COMMIT;

-- UPDATING EMPLOYEE SALARY 173 --
BEGIN;
UPDATE employees SET salary = salary + 8320 WHERE employee_id = 173;
COMMIT;

-- UPDATING EMPLOYEE SALARY 38 --
BEGIN;
UPDATE employees SET salary = salary + 6304 WHERE employee_id = 38;
COMMIT;

-- UPDATING EMPLOYEE SALARY 26 --
BEGIN;
UPDATE employees SET salary = salary + 4003 WHERE employee_id = 26;
COMMIT;

-- UPDATING EMPLOYEE SALARY 72 --
BEGIN;
UPDATE employees SET salary = salary + 9367 WHERE employee_id = 72;
COMMIT;

-- UPDATING EMPLOYEE SALARY 182 --
BEGIN;
UPDATE employees SET salary = salary + 4552 WHERE employee_id = 182;
COMMIT;

-- UPDATING EMPLOYEE SALARY 152 --
BEGIN;
UPDATE employees SET salary = salary + 8561 WHERE employee_id = 152;
COMMIT;

-- UPDATING EMPLOYEE SALARY 210 --
BEGIN;
UPDATE employees SET salary = salary + 1456 WHERE employee_id = 210;
COMMIT;

-- UPDATING EMPLOYEE SALARY 34 --
BEGIN;
UPDATE employees SET salary = salary + 5079 WHERE employee_id = 34;
COMMIT;

-- UPDATING EMPLOYEE SALARY 206 --
BEGIN;
UPDATE employees SET salary = salary + 8149 WHERE employee_id = 206;
COMMIT;

-- UPDATING EMPLOYEE SALARY 194 --
BEGIN;
UPDATE employees SET salary = salary + 8970 WHERE employee_id = 194;
COMMIT;

-- UPDATING EMPLOYEE SALARY 211 --
BEGIN;
UPDATE employees SET salary = salary + 2838 WHERE employee_id = 211;
COMMIT;

-- UPDATING EMPLOYEE SALARY 214 --
BEGIN;
UPDATE employees SET salary = salary + 8860 WHERE employee_id = 214;
COMMIT;

-- UPDATING EMPLOYEE SALARY 215 --
BEGIN;
UPDATE employees SET salary = salary + 7936 WHERE employee_id = 215;
COMMIT;

-- UPDATING EMPLOYEE SALARY 155 --
BEGIN;
UPDATE employees SET salary = salary + 8567 WHERE employee_id = 155;
COMMIT;

-- UPDATING EMPLOYEE SALARY 114 --
BEGIN;
UPDATE employees SET salary = salary + 6563 WHERE employee_id = 114;
COMMIT;

-- UPDATING EMPLOYEE SALARY 60 --
BEGIN;
UPDATE employees SET salary = salary + 3552 WHERE employee_id = 60;
COMMIT;

-- UPDATING EMPLOYEE SALARY 76 --
BEGIN;
UPDATE employees SET salary = salary + 9138 WHERE employee_id = 76;
COMMIT;

-- UPDATING EMPLOYEE SALARY 169 --
BEGIN;
UPDATE employees SET salary = salary + 3696 WHERE employee_id = 169;
COMMIT;

-- UPDATING EMPLOYEE SALARY 124 --
BEGIN;
UPDATE employees SET salary = salary + 4124 WHERE employee_id = 124;
COMMIT;

-- UPDATING EMPLOYEE SALARY 22 --
BEGIN;
UPDATE employees SET salary = salary + 5253 WHERE employee_id = 22;
COMMIT;

-- UPDATING EMPLOYEE SALARY 6 --
BEGIN;
UPDATE employees SET salary = salary + 955 WHERE employee_id = 6;
COMMIT;

-- UPDATING EMPLOYEE SALARY 50 --
BEGIN;
UPDATE employees SET salary = salary + 4219 WHERE employee_id = 50;
COMMIT;

-- UPDATING EMPLOYEE SALARY 186 --
BEGIN;
UPDATE employees SET salary = salary + 2493 WHERE employee_id = 186;
COMMIT;

-- UPDATING EMPLOYEE SALARY 211 --
BEGIN;
UPDATE employees SET salary = salary + 9188 WHERE employee_id = 211;
COMMIT;

-- UPDATING EMPLOYEE SALARY 17 --
BEGIN;
UPDATE employees SET salary = salary + 1433 WHERE employee_id = 17;
COMMIT;

-- UPDATING EMPLOYEE SALARY 127 --
BEGIN;
UPDATE employees SET salary = salary + 3234 WHERE employee_id = 127;
COMMIT;

-- UPDATING EMPLOYEE SALARY 153 --
BEGIN;
UPDATE employees SET salary = salary + 6022 WHERE employee_id = 153;
COMMIT;

-- UPDATING EMPLOYEE SALARY 165 --
BEGIN;
UPDATE employees SET salary = salary + 4217 WHERE employee_id = 165;
COMMIT;

-- UPDATING EMPLOYEE SALARY 126 --
BEGIN;
UPDATE employees SET salary = salary + 2349 WHERE employee_id = 126;
COMMIT;

-- UPDATING EMPLOYEE SALARY 11 --
BEGIN;
UPDATE employees SET salary = salary + 8431 WHERE employee_id = 11;
COMMIT;

-- UPDATING EMPLOYEE SALARY 164 --
BEGIN;
UPDATE employees SET salary = salary + 7643 WHERE employee_id = 164;
COMMIT;

-- UPDATING EMPLOYEE SALARY 177 --
BEGIN;
UPDATE employees SET salary = salary + 2892 WHERE employee_id = 177;
COMMIT;

-- UPDATING EMPLOYEE SALARY 209 --
BEGIN;
UPDATE employees SET salary = salary + 2930 WHERE employee_id = 209;
COMMIT;

-- UPDATING EMPLOYEE SALARY 148 --
BEGIN;
UPDATE employees SET salary = salary + 9543 WHERE employee_id = 148;
COMMIT;

-- UPDATING EMPLOYEE SALARY 210 --
BEGIN;
UPDATE employees SET salary = salary + 1158 WHERE employee_id = 210;
COMMIT;

-- UPDATING EMPLOYEE SALARY 105 --
BEGIN;
UPDATE employees SET salary = salary + 1306 WHERE employee_id = 105;
COMMIT;

-- UPDATING EMPLOYEE SALARY 112 --
BEGIN;
UPDATE employees SET salary = salary + 9229 WHERE employee_id = 112;
COMMIT;

-- UPDATING EMPLOYEE SALARY 117 --
BEGIN;
UPDATE employees SET salary = salary + 797 WHERE employee_id = 117;
COMMIT;

-- UPDATING EMPLOYEE SALARY 166 --
BEGIN;
UPDATE employees SET salary = salary + 7827 WHERE employee_id = 166;
COMMIT;

-- UPDATING EMPLOYEE SALARY 91 --
BEGIN;
UPDATE employees SET salary = salary + 560 WHERE employee_id = 91;
COMMIT;

-- UPDATING EMPLOYEE SALARY 196 --
BEGIN;
UPDATE employees SET salary = salary + 7257 WHERE employee_id = 196;
COMMIT;

-- UPDATING EMPLOYEE SALARY 77 --
BEGIN;
UPDATE employees SET salary = salary + 3355 WHERE employee_id = 77;
COMMIT;

-- UPDATING EMPLOYEE SALARY 188 --
BEGIN;
UPDATE employees SET salary = salary + 5816 WHERE employee_id = 188;
COMMIT;

-- UPDATING EMPLOYEE SALARY 45 --
BEGIN;
UPDATE employees SET salary = salary + 9787 WHERE employee_id = 45;
COMMIT;

-- UPDATING EMPLOYEE SALARY 114 --
BEGIN;
UPDATE employees SET salary = salary + 8010 WHERE employee_id = 114;
COMMIT;

-- UPDATING EMPLOYEE SALARY 154 --
BEGIN;
UPDATE employees SET salary = salary + 3686 WHERE employee_id = 154;
COMMIT;

-- UPDATING EMPLOYEE SALARY 184 --
BEGIN;
UPDATE employees SET salary = salary + 9581 WHERE employee_id = 184;
COMMIT;

-- UPDATING EMPLOYEE SALARY 73 --
BEGIN;
UPDATE employees SET salary = salary + 8263 WHERE employee_id = 73;
COMMIT;

-- UPDATING EMPLOYEE SALARY 191 --
BEGIN;
UPDATE employees SET salary = salary + 4438 WHERE employee_id = 191;
COMMIT;

-- UPDATING EMPLOYEE SALARY 130 --
BEGIN;
UPDATE employees SET salary = salary + 7922 WHERE employee_id = 130;
COMMIT;

-- UPDATING EMPLOYEE SALARY 169 --
BEGIN;
UPDATE employees SET salary = salary + 7569 WHERE employee_id = 169;
COMMIT;

-- UPDATING EMPLOYEE SALARY 127 --
BEGIN;
UPDATE employees SET salary = salary + 9425 WHERE employee_id = 127;
COMMIT;

-- UPDATING EMPLOYEE SALARY 189 --
BEGIN;
UPDATE employees SET salary = salary + 219 WHERE employee_id = 189;
COMMIT;

-- UPDATING EMPLOYEE SALARY 130 --
BEGIN;
UPDATE employees SET salary = salary + 2693 WHERE employee_id = 130;
COMMIT;

-- UPDATING EMPLOYEE SALARY 94 --
BEGIN;
UPDATE employees SET salary = salary + 5628 WHERE employee_id = 94;
COMMIT;

-- UPDATING EMPLOYEE SALARY 161 --
BEGIN;
UPDATE employees SET salary = salary + 4839 WHERE employee_id = 161;
COMMIT;

-- UPDATING EMPLOYEE SALARY 27 --
BEGIN;
UPDATE employees SET salary = salary + 7186 WHERE employee_id = 27;
COMMIT;

-- UPDATING EMPLOYEE SALARY 104 --
BEGIN;
UPDATE employees SET salary = salary + 3587 WHERE employee_id = 104;
COMMIT;

-- UPDATING EMPLOYEE SALARY 172 --
BEGIN;
UPDATE employees SET salary = salary + 40 WHERE employee_id = 172;
COMMIT;

-- UPDATING EMPLOYEE SALARY 135 --
BEGIN;
UPDATE employees SET salary = salary + 6318 WHERE employee_id = 135;
COMMIT;

-- UPDATING EMPLOYEE SALARY 75 --
BEGIN;
UPDATE employees SET salary = salary + 3376 WHERE employee_id = 75;
COMMIT;

-- UPDATING EMPLOYEE SALARY 64 --
BEGIN;
UPDATE employees SET salary = salary + 6517 WHERE employee_id = 64;
COMMIT;

-- UPDATING EMPLOYEE SALARY 194 --
BEGIN;
UPDATE employees SET salary = salary + 8723 WHERE employee_id = 194;
COMMIT;

-- UPDATING EMPLOYEE SALARY 86 --
BEGIN;
UPDATE employees SET salary = salary + 8038 WHERE employee_id = 86;
COMMIT;

-- UPDATING EMPLOYEE SALARY 196 --
BEGIN;
UPDATE employees SET salary = salary + 183 WHERE employee_id = 196;
COMMIT;

-- UPDATING EMPLOYEE SALARY 199 --
BEGIN;
UPDATE employees SET salary = salary + 4509 WHERE employee_id = 199;
COMMIT;

-- UPDATING EMPLOYEE SALARY 100 --
BEGIN;
UPDATE employees SET salary = salary + 8935 WHERE employee_id = 100;
COMMIT;

-- UPDATING EMPLOYEE SALARY 177 --
BEGIN;
UPDATE employees SET salary = salary + 5966 WHERE employee_id = 177;
COMMIT;

-- UPDATING EMPLOYEE SALARY 116 --
BEGIN;
UPDATE employees SET salary = salary + 2565 WHERE employee_id = 116;
COMMIT;

-- UPDATING EMPLOYEE SALARY 215 --
BEGIN;
UPDATE employees SET salary = salary + 4841 WHERE employee_id = 215;
COMMIT;

-- UPDATING EMPLOYEE SALARY 156 --
BEGIN;
UPDATE employees SET salary = salary + 3558 WHERE employee_id = 156;
COMMIT;

-- UPDATING EMPLOYEE SALARY 196 --
BEGIN;
UPDATE employees SET salary = salary + 338 WHERE employee_id = 196;
COMMIT;

-- UPDATING EMPLOYEE SALARY 203 --
BEGIN;
UPDATE employees SET salary = salary + 4325 WHERE employee_id = 203;
COMMIT;

-- UPDATING EMPLOYEE SALARY 133 --
BEGIN;
UPDATE employees SET salary = salary + 2611 WHERE employee_id = 133;
COMMIT;

-- UPDATING EMPLOYEE SALARY 106 --
BEGIN;
UPDATE employees SET salary = salary + 8391 WHERE employee_id = 106;
COMMIT;

-- UPDATING EMPLOYEE SALARY 150 --
BEGIN;
UPDATE employees SET salary = salary + 8584 WHERE employee_id = 150;
COMMIT;

-- UPDATING EMPLOYEE SALARY 17 --
BEGIN;
UPDATE employees SET salary = salary + 1487 WHERE employee_id = 17;
COMMIT;

-- UPDATING EMPLOYEE SALARY 172 --
BEGIN;
UPDATE employees SET salary = salary + 2971 WHERE employee_id = 172;
COMMIT;

-- UPDATING EMPLOYEE SALARY 153 --
BEGIN;
UPDATE employees SET salary = salary + 1421 WHERE employee_id = 153;
COMMIT;

-- UPDATING EMPLOYEE SALARY 84 --
BEGIN;
UPDATE employees SET salary = salary + 7341 WHERE employee_id = 84;
COMMIT;

-- UPDATING EMPLOYEE SALARY 172 --
BEGIN;
UPDATE employees SET salary = salary + 3315 WHERE employee_id = 172;
COMMIT;

-- UPDATING EMPLOYEE SALARY 107 --
BEGIN;
UPDATE employees SET salary = salary + 2888 WHERE employee_id = 107;
COMMIT;

-- UPDATING EMPLOYEE SALARY 166 --
BEGIN;
UPDATE employees SET salary = salary + 7971 WHERE employee_id = 166;
COMMIT;

-- UPDATING EMPLOYEE SALARY 133 --
BEGIN;
UPDATE employees SET salary = salary + 1 WHERE employee_id = 133;
COMMIT;

-- UPDATING EMPLOYEE SALARY 126 --
BEGIN;
UPDATE employees SET salary = salary + 6667 WHERE employee_id = 126;
COMMIT;

-- UPDATING EMPLOYEE SALARY 108 --
BEGIN;
UPDATE employees SET salary = salary + 3426 WHERE employee_id = 108;
COMMIT;

-- UPDATING EMPLOYEE SALARY 124 --
BEGIN;
UPDATE employees SET salary = salary + 9808 WHERE employee_id = 124;
COMMIT;

-- UPDATING EMPLOYEE SALARY 123 --
BEGIN;
UPDATE employees SET salary = salary + 5189 WHERE employee_id = 123;
COMMIT;

-- UPDATING EMPLOYEE SALARY 195 --
BEGIN;
UPDATE employees SET salary = salary + 3422 WHERE employee_id = 195;
COMMIT;

-- UPDATING EMPLOYEE SALARY 163 --
BEGIN;
UPDATE employees SET salary = salary + 5149 WHERE employee_id = 163;
COMMIT;

-- UPDATING EMPLOYEE SALARY 26 --
BEGIN;
UPDATE employees SET salary = salary + 8289 WHERE employee_id = 26;
COMMIT;

-- UPDATING EMPLOYEE SALARY 214 --
BEGIN;
UPDATE employees SET salary = salary + 5116 WHERE employee_id = 214;
COMMIT;

-- UPDATING EMPLOYEE SALARY 197 --
BEGIN;
UPDATE employees SET salary = salary + 3389 WHERE employee_id = 197;
COMMIT;

-- UPDATING EMPLOYEE SALARY 154 --
BEGIN;
UPDATE employees SET salary = salary + 6710 WHERE employee_id = 154;
COMMIT;

-- UPDATING EMPLOYEE SALARY 127 --
BEGIN;
UPDATE employees SET salary = salary + 3519 WHERE employee_id = 127;
COMMIT;

-- UPDATING EMPLOYEE SALARY 147 --
BEGIN;
UPDATE employees SET salary = salary + 1885 WHERE employee_id = 147;
COMMIT;

-- UPDATING EMPLOYEE SALARY 92 --
BEGIN;
UPDATE employees SET salary = salary + 1604 WHERE employee_id = 92;
COMMIT;

-- UPDATING EMPLOYEE SALARY 217 --
BEGIN;
UPDATE employees SET salary = salary + 9420 WHERE employee_id = 217;
COMMIT;

-- UPDATING EMPLOYEE SALARY 192 --
BEGIN;
UPDATE employees SET salary = salary + 4804 WHERE employee_id = 192;
COMMIT;

-- UPDATING EMPLOYEE SALARY 118 --
BEGIN;
UPDATE employees SET salary = salary + 6438 WHERE employee_id = 118;
COMMIT;

-- UPDATING EMPLOYEE SALARY 112 --
BEGIN;
UPDATE employees SET salary = salary + 7972 WHERE employee_id = 112;
COMMIT;

-- UPDATING EMPLOYEE SALARY 35 --
BEGIN;
UPDATE employees SET salary = salary + 43 WHERE employee_id = 35;
COMMIT;

-- UPDATING EMPLOYEE SALARY 129 --
BEGIN;
UPDATE employees SET salary = salary + 2410 WHERE employee_id = 129;
COMMIT;

-- UPDATING EMPLOYEE SALARY 27 --
BEGIN;
UPDATE employees SET salary = salary + 459 WHERE employee_id = 27;
COMMIT;

-- UPDATING EMPLOYEE SALARY 61 --
BEGIN;
UPDATE employees SET salary = salary + 8762 WHERE employee_id = 61;
COMMIT;

-- UPDATING EMPLOYEE SALARY 39 --
BEGIN;
UPDATE employees SET salary = salary + 1424 WHERE employee_id = 39;
COMMIT;

-- UPDATING EMPLOYEE SALARY 177 --
BEGIN;
UPDATE employees SET salary = salary + 1757 WHERE employee_id = 177;
COMMIT;

-- UPDATING EMPLOYEE SALARY 136 --
BEGIN;
UPDATE employees SET salary = salary + 3441 WHERE employee_id = 136;
COMMIT;

-- UPDATING EMPLOYEE SALARY 27 --
BEGIN;
UPDATE employees SET salary = salary + 9175 WHERE employee_id = 27;
COMMIT;

-- UPDATING EMPLOYEE SALARY 158 --
BEGIN;
UPDATE employees SET salary = salary + 8939 WHERE employee_id = 158;
COMMIT;

-- UPDATING EMPLOYEE SALARY 116 --
BEGIN;
UPDATE employees SET salary = salary + 4070 WHERE employee_id = 116;
COMMIT;

-- UPDATING EMPLOYEE SALARY 112 --
BEGIN;
UPDATE employees SET salary = salary + 3484 WHERE employee_id = 112;
COMMIT;

-- UPDATING EMPLOYEE SALARY 219 --
BEGIN;
UPDATE employees SET salary = salary + 8344 WHERE employee_id = 219;
COMMIT;

-- UPDATING EMPLOYEE SALARY 45 --
BEGIN;
UPDATE employees SET salary = salary + 7933 WHERE employee_id = 45;
COMMIT;

-- UPDATING EMPLOYEE SALARY 102 --
BEGIN;
UPDATE employees SET salary = salary + 7301 WHERE employee_id = 102;
COMMIT;

-- UPDATING EMPLOYEE SALARY 196 --
BEGIN;
UPDATE employees SET salary = salary + 3644 WHERE employee_id = 196;
COMMIT;

-- UPDATING EMPLOYEE SALARY 77 --
BEGIN;
UPDATE employees SET salary = salary + 1476 WHERE employee_id = 77;
COMMIT;

-- UPDATING EMPLOYEE SALARY 112 --
BEGIN;
UPDATE employees SET salary = salary + 438 WHERE employee_id = 112;
COMMIT;

-- UPDATING EMPLOYEE SALARY 90 --
BEGIN;
UPDATE employees SET salary = salary + 7890 WHERE employee_id = 90;
COMMIT;

-- UPDATING EMPLOYEE SALARY 174 --
BEGIN;
UPDATE employees SET salary = salary + 3074 WHERE employee_id = 174;
COMMIT;

-- UPDATING EMPLOYEE SALARY 183 --
BEGIN;
UPDATE employees SET salary = salary + 5514 WHERE employee_id = 183;
COMMIT;

-- UPDATING EMPLOYEE SALARY 152 --
BEGIN;
UPDATE employees SET salary = salary + 2001 WHERE employee_id = 152;
COMMIT;

-- UPDATING EMPLOYEE SALARY 215 --
BEGIN;
UPDATE employees SET salary = salary + 4676 WHERE employee_id = 215;
COMMIT;

-- UPDATING EMPLOYEE SALARY 151 --
BEGIN;
UPDATE employees SET salary = salary + 5720 WHERE employee_id = 151;
COMMIT;

-- UPDATING EMPLOYEE SALARY 208 --
BEGIN;
UPDATE employees SET salary = salary + 8535 WHERE employee_id = 208;
COMMIT;

-- UPDATING EMPLOYEE SALARY 123 --
BEGIN;
UPDATE employees SET salary = salary + 1864 WHERE employee_id = 123;
COMMIT;

-- UPDATING EMPLOYEE SALARY 64 --
BEGIN;
UPDATE employees SET salary = salary + 7744 WHERE employee_id = 64;
COMMIT;

-- UPDATING EMPLOYEE SALARY 219 --
BEGIN;
UPDATE employees SET salary = salary + 583 WHERE employee_id = 219;
COMMIT;

-- UPDATING EMPLOYEE SALARY 117 --
BEGIN;
UPDATE employees SET salary = salary + 873 WHERE employee_id = 117;
COMMIT;

-- UPDATING EMPLOYEE SALARY 72 --
BEGIN;
UPDATE employees SET salary = salary + 1814 WHERE employee_id = 72;
COMMIT;

-- INSERTING EMPLOYEE 220 --
BEGIN;
INSERT INTO employees (employee_id, first_name, last_name, email, phone_number, hire_date, job_id, salary,manager_id,department_id) VALUES (220, 'John', 'Doe', 'john.doe@gmail.com', '555-1234', '2012-05-10', 34, 55000.00, 201, 660);
COMMIT;

-- INSERTING EMPLOYEE 221 --
BEGIN;
INSERT INTO employees (employee_id, first_name, last_name, email, phone_number, hire_date, job_id, salary,manager_id,department_id) VALUES (221, 'Ethan', 'Hunt', 'ethan.hunt@gmail.com', '555-7890', '2012-11-28', 30, 110000.00, 133, 645);
INSERT INTO dependents (dependent_id, first_name, last_name, relationship, employee_id) VALUES (656, 'Barbara', 'McClintock', 'parent', 221);
INSERT INTO dependents (dependent_id, first_name, last_name, relationship, employee_id) VALUES (657, 'Werner', 'Heisenberg', 'spouse', 221);
INSERT INTO dependents (dependent_id, first_name, last_name, relationship, employee_id) VALUES (658, 'Tom', 'Cruise', 'child', 221);
INSERT INTO dependents (dependent_id, first_name, last_name, relationship, employee_id) VALUES (659, 'Rosalind', 'Franklin', 'parent', 221);
COMMIT;

-- INSERTING EMPLOYEE 222 --
BEGIN;
INSERT INTO employees (employee_id, first_name, last_name, email, phone_number, hire_date, job_id, salary,manager_id,department_id) VALUES (222, 'Queen', 'Latifah', 'queen.latifah@gmail.com', '555-2347', '1993-07-07', 52, 550000.00, 41, 603);
INSERT INTO dependents (dependent_id, first_name, last_name, relationship, employee_id) VALUES (660, 'Neil', 'Armstrong', 'child', 222);
INSERT INTO dependents (dependent_id, first_name, last_name, relationship, employee_id) VALUES (661, 'David', 'Hilbert', 'spouse', 222);
INSERT INTO dependents (dependent_id, first_name, last_name, relationship, employee_id) VALUES (662, 'Max', 'Planck', 'child', 222);
COMMIT;

-- INSERTING EMPLOYEE 223 --
BEGIN;
INSERT INTO employees (employee_id, first_name, last_name, email, phone_number, hire_date, job_id, salary,manager_id,department_id) VALUES (223, 'Fiona', 'Apple', 'fiona.apple@gmail.com', '555-2345', '1997-07-31', 55, 120000.00, 72, 398);
INSERT INTO dependents (dependent_id, first_name, last_name, relationship, employee_id) VALUES (663, 'Michael', 'Faraday', 'parent', 223);
INSERT INTO dependents (dependent_id, first_name, last_name, relationship, employee_id) VALUES (664, 'James', 'Dean', 'child', 223);
INSERT INTO dependents (dependent_id, first_name, last_name, relationship, employee_id) VALUES (665, 'Iris', 'Apfel', 'child', 223);
COMMIT;

-- DELETING EMPLOYEE 105 --
BEGIN;
UPDATE employees SET manager_id = 202 WHERE employee_id = 120;
UPDATE employees SET manager_id = 202 WHERE employee_id = 216;
DELETE FROM dependents WHERE employee_id = 105;
DELETE FROM employees WHERE employee_id = 105;
COMMIT;

-- INSERTING DEPENDENT 194 --
BEGIN;
INSERT INTO dependents (dependent_id, first_name, last_name, relationship, employee_id) VALUES (666, 'Alan', 'Turing', 'parent', 194);
END;

-- INSERTING DEPENDENT 106 --
BEGIN;
INSERT INTO dependents (dependent_id, first_name, last_name, relationship, employee_id) VALUES (667, 'Rachel', 'Carson', 'child', 106);
END;

-- INSERTING DEPENDENT 191 --
BEGIN;
INSERT INTO dependents (dependent_id, first_name, last_name, relationship, employee_id) VALUES (668, 'Alan', 'Turing', 'spouse', 191);
END;

-- INSERTING DEPENDENT 87 --
BEGIN;
INSERT INTO dependents (dependent_id, first_name, last_name, relationship, employee_id) VALUES (669, 'Charles', 'Darwin', 'child', 87);
END;

-- DELETING DEPENDENT 376 --
BEGIN;
DELETE FROM dependents WHERE dependent_id = 376;
COMMIT;

-- UPDATING EMPLOYEE SALARY 137 --
BEGIN;
UPDATE employees SET salary = salary + 3653 WHERE employee_id = 137;
COMMIT;

-- UPDATING EMPLOYEE SALARY 164 --
BEGIN;
UPDATE employees SET salary = salary + 4147 WHERE employee_id = 164;
COMMIT;

-- UPDATING EMPLOYEE SALARY 157 --
BEGIN;
UPDATE employees SET salary = salary + 849 WHERE employee_id = 157;
COMMIT;

-- UPDATING EMPLOYEE SALARY 163 --
BEGIN;
UPDATE employees SET salary = salary + 7438 WHERE employee_id = 163;
COMMIT;

-- UPDATING EMPLOYEE SALARY 86 --
BEGIN;
UPDATE employees SET salary = salary + 643 WHERE employee_id = 86;
COMMIT;

-- UPDATING EMPLOYEE SALARY 152 --
BEGIN;
UPDATE employees SET salary = salary + 7366 WHERE employee_id = 152;
COMMIT;

-- UPDATING EMPLOYEE SALARY 223 --
BEGIN;
UPDATE employees SET salary = salary + 5794 WHERE employee_id = 223;
COMMIT;

-- UPDATING EMPLOYEE SALARY 37 --
BEGIN;
UPDATE employees SET salary = salary + 7097 WHERE employee_id = 37;
COMMIT;

-- UPDATING EMPLOYEE SALARY 201 --
BEGIN;
UPDATE employees SET salary = salary + 7893 WHERE employee_id = 201;
COMMIT;

-- UPDATING EMPLOYEE SALARY 72 --
BEGIN;
UPDATE employees SET salary = salary + 6047 WHERE employee_id = 72;
COMMIT;

-- UPDATING EMPLOYEE SALARY 124 --
BEGIN;
UPDATE employees SET salary = salary + 9570 WHERE employee_id = 124;
COMMIT;

-- UPDATING EMPLOYEE SALARY 139 --
BEGIN;
UPDATE employees SET salary = salary + 1190 WHERE employee_id = 139;
COMMIT;

-- UPDATING EMPLOYEE SALARY 196 --
BEGIN;
UPDATE employees SET salary = salary + 7020 WHERE employee_id = 196;
COMMIT;

-- UPDATING EMPLOYEE SALARY 218 --
BEGIN;
UPDATE employees SET salary = salary + 99 WHERE employee_id = 218;
COMMIT;

-- UPDATING EMPLOYEE SALARY 94 --
BEGIN;
UPDATE employees SET salary = salary + 9426 WHERE employee_id = 94;
COMMIT;

-- UPDATING EMPLOYEE SALARY 208 --
BEGIN;
UPDATE employees SET salary = salary + 2457 WHERE employee_id = 208;
COMMIT;

-- UPDATING EMPLOYEE SALARY 65 --
BEGIN;
UPDATE employees SET salary = salary + 2415 WHERE employee_id = 65;
COMMIT;

-- UPDATING EMPLOYEE SALARY 92 --
BEGIN;
UPDATE employees SET salary = salary + 1911 WHERE employee_id = 92;
COMMIT;

-- UPDATING EMPLOYEE SALARY 127 --
BEGIN;
UPDATE employees SET salary = salary + 1209 WHERE employee_id = 127;
COMMIT;

-- UPDATING EMPLOYEE SALARY 50 --
BEGIN;
UPDATE employees SET salary = salary + 7409 WHERE employee_id = 50;
COMMIT;

-- UPDATING EMPLOYEE SALARY 155 --
BEGIN;
UPDATE employees SET salary = salary + 8427 WHERE employee_id = 155;
COMMIT;

-- UPDATING EMPLOYEE SALARY 185 --
BEGIN;
UPDATE employees SET salary = salary + 5968 WHERE employee_id = 185;
COMMIT;

-- UPDATING EMPLOYEE SALARY 131 --
BEGIN;
UPDATE employees SET salary = salary + 5624 WHERE employee_id = 131;
COMMIT;

-- UPDATING EMPLOYEE SALARY 166 --
BEGIN;
UPDATE employees SET salary = salary + 5772 WHERE employee_id = 166;
COMMIT;

-- UPDATING EMPLOYEE SALARY 64 --
BEGIN;
UPDATE employees SET salary = salary + 1039 WHERE employee_id = 64;
COMMIT;

-- UPDATING EMPLOYEE SALARY 166 --
BEGIN;
UPDATE employees SET salary = salary + 7335 WHERE employee_id = 166;
COMMIT;

-- UPDATING EMPLOYEE SALARY 201 --
BEGIN;
UPDATE employees SET salary = salary + 7106 WHERE employee_id = 201;
COMMIT;

-- UPDATING EMPLOYEE SALARY 148 --
BEGIN;
UPDATE employees SET salary = salary + 6355 WHERE employee_id = 148;
COMMIT;

-- UPDATING EMPLOYEE SALARY 119 --
BEGIN;
UPDATE employees SET salary = salary + 5986 WHERE employee_id = 119;
COMMIT;

-- UPDATING EMPLOYEE SALARY 117 --
BEGIN;
UPDATE employees SET salary = salary + 1998 WHERE employee_id = 117;
COMMIT;

-- UPDATING EMPLOYEE SALARY 202 --
BEGIN;
UPDATE employees SET salary = salary + 7047 WHERE employee_id = 202;
COMMIT;

-- UPDATING EMPLOYEE SALARY 161 --
BEGIN;
UPDATE employees SET salary = salary + 764 WHERE employee_id = 161;
COMMIT;

-- UPDATING EMPLOYEE SALARY 77 --
BEGIN;
UPDATE employees SET salary = salary + 7610 WHERE employee_id = 77;
COMMIT;

-- UPDATING EMPLOYEE SALARY 171 --
BEGIN;
UPDATE employees SET salary = salary + 7493 WHERE employee_id = 171;
COMMIT;

-- UPDATING EMPLOYEE SALARY 205 --
BEGIN;
UPDATE employees SET salary = salary + 6558 WHERE employee_id = 205;
COMMIT;

-- UPDATING EMPLOYEE SALARY 200 --
BEGIN;
UPDATE employees SET salary = salary + 6845 WHERE employee_id = 200;
COMMIT;

-- UPDATING EMPLOYEE SALARY 78 --
BEGIN;
UPDATE employees SET salary = salary + 4621 WHERE employee_id = 78;
COMMIT;

-- UPDATING EMPLOYEE SALARY 94 --
BEGIN;
UPDATE employees SET salary = salary + 795 WHERE employee_id = 94;
COMMIT;

-- UPDATING EMPLOYEE SALARY 112 --
BEGIN;
UPDATE employees SET salary = salary + 8848 WHERE employee_id = 112;
COMMIT;

-- UPDATING EMPLOYEE SALARY 217 --
BEGIN;
UPDATE employees SET salary = salary + 7532 WHERE employee_id = 217;
COMMIT;

-- UPDATING EMPLOYEE SALARY 11 --
BEGIN;
UPDATE employees SET salary = salary + 8781 WHERE employee_id = 11;
COMMIT;

-- UPDATING EMPLOYEE SALARY 36 --
BEGIN;
UPDATE employees SET salary = salary + 1235 WHERE employee_id = 36;
COMMIT;

-- UPDATING EMPLOYEE SALARY 45 --
BEGIN;
UPDATE employees SET salary = salary + 2463 WHERE employee_id = 45;
COMMIT;

-- UPDATING EMPLOYEE SALARY 203 --
BEGIN;
UPDATE employees SET salary = salary + 5984 WHERE employee_id = 203;
COMMIT;

-- UPDATING EMPLOYEE SALARY 81 --
BEGIN;
UPDATE employees SET salary = salary + 31 WHERE employee_id = 81;
COMMIT;

-- UPDATING EMPLOYEE SALARY 186 --
BEGIN;
UPDATE employees SET salary = salary + 3754 WHERE employee_id = 186;
COMMIT;

-- UPDATING EMPLOYEE SALARY 187 --
BEGIN;
UPDATE employees SET salary = salary + 8210 WHERE employee_id = 187;
COMMIT;

-- UPDATING EMPLOYEE SALARY 61 --
BEGIN;
UPDATE employees SET salary = salary + 9167 WHERE employee_id = 61;
COMMIT;

-- UPDATING EMPLOYEE SALARY 154 --
BEGIN;
UPDATE employees SET salary = salary + 4106 WHERE employee_id = 154;
COMMIT;

-- UPDATING EMPLOYEE SALARY 218 --
BEGIN;
UPDATE employees SET salary = salary + 572 WHERE employee_id = 218;
COMMIT;

-- UPDATING EMPLOYEE SALARY 143 --
BEGIN;
UPDATE employees SET salary = salary + 8607 WHERE employee_id = 143;
COMMIT;

-- UPDATING EMPLOYEE SALARY 146 --
BEGIN;
UPDATE employees SET salary = salary + 8234 WHERE employee_id = 146;
COMMIT;

-- UPDATING EMPLOYEE SALARY 62 --
BEGIN;
UPDATE employees SET salary = salary + 7072 WHERE employee_id = 62;
COMMIT;

-- UPDATING EMPLOYEE SALARY 88 --
BEGIN;
UPDATE employees SET salary = salary + 7098 WHERE employee_id = 88;
COMMIT;

-- UPDATING EMPLOYEE SALARY 203 --
BEGIN;
UPDATE employees SET salary = salary + 3737 WHERE employee_id = 203;
COMMIT;

-- UPDATING EMPLOYEE SALARY 71 --
BEGIN;
UPDATE employees SET salary = salary + 5746 WHERE employee_id = 71;
COMMIT;

-- UPDATING EMPLOYEE SALARY 156 --
BEGIN;
UPDATE employees SET salary = salary + 1074 WHERE employee_id = 156;
COMMIT;

-- UPDATING EMPLOYEE SALARY 190 --
BEGIN;
UPDATE employees SET salary = salary + 3484 WHERE employee_id = 190;
COMMIT;

-- UPDATING EMPLOYEE SALARY 174 --
BEGIN;
UPDATE employees SET salary = salary + 7172 WHERE employee_id = 174;
COMMIT;

-- UPDATING EMPLOYEE SALARY 196 --
BEGIN;
UPDATE employees SET salary = salary + 7313 WHERE employee_id = 196;
COMMIT;

-- UPDATING EMPLOYEE SALARY 36 --
BEGIN;
UPDATE employees SET salary = salary + 8942 WHERE employee_id = 36;
COMMIT;

-- UPDATING EMPLOYEE SALARY 219 --
BEGIN;
UPDATE employees SET salary = salary + 9243 WHERE employee_id = 219;
COMMIT;

-- UPDATING EMPLOYEE SALARY 90 --
BEGIN;
UPDATE employees SET salary = salary + 9311 WHERE employee_id = 90;
COMMIT;

-- UPDATING EMPLOYEE SALARY 190 --
BEGIN;
UPDATE employees SET salary = salary + 7940 WHERE employee_id = 190;
COMMIT;

-- UPDATING EMPLOYEE SALARY 107 --
BEGIN;
UPDATE employees SET salary = salary + 314 WHERE employee_id = 107;
COMMIT;

-- UPDATING EMPLOYEE SALARY 222 --
BEGIN;
UPDATE employees SET salary = salary + 4406 WHERE employee_id = 222;
COMMIT;

-- UPDATING EMPLOYEE SALARY 189 --
BEGIN;
UPDATE employees SET salary = salary + 6338 WHERE employee_id = 189;
COMMIT;

-- UPDATING EMPLOYEE SALARY 156 --
BEGIN;
UPDATE employees SET salary = salary + 890 WHERE employee_id = 156;
COMMIT;

-- UPDATING EMPLOYEE SALARY 119 --
BEGIN;
UPDATE employees SET salary = salary + 5035 WHERE employee_id = 119;
COMMIT;

-- UPDATING EMPLOYEE SALARY 130 --
BEGIN;
UPDATE employees SET salary = salary + 8761 WHERE employee_id = 130;
COMMIT;

-- UPDATING EMPLOYEE SALARY 189 --
BEGIN;
UPDATE employees SET salary = salary + 8903 WHERE employee_id = 189;
COMMIT;

-- UPDATING EMPLOYEE SALARY 100 --
BEGIN;
UPDATE employees SET salary = salary + 4153 WHERE employee_id = 100;
COMMIT;

-- UPDATING EMPLOYEE SALARY 125 --
BEGIN;
UPDATE employees SET salary = salary + 3797 WHERE employee_id = 125;
COMMIT;

-- UPDATING EMPLOYEE SALARY 198 --
BEGIN;
UPDATE employees SET salary = salary + 4881 WHERE employee_id = 198;
COMMIT;

-- UPDATING EMPLOYEE SALARY 130 --
BEGIN;
UPDATE employees SET salary = salary + 2106 WHERE employee_id = 130;
COMMIT;

-- UPDATING EMPLOYEE SALARY 66 --
BEGIN;
UPDATE employees SET salary = salary + 8197 WHERE employee_id = 66;
COMMIT;

-- UPDATING EMPLOYEE SALARY 106 --
BEGIN;
UPDATE employees SET salary = salary + 6570 WHERE employee_id = 106;
COMMIT;

-- UPDATING EMPLOYEE SALARY 117 --
BEGIN;
UPDATE employees SET salary = salary + 5553 WHERE employee_id = 117;
COMMIT;

-- UPDATING EMPLOYEE SALARY 93 --
BEGIN;
UPDATE employees SET salary = salary + 4621 WHERE employee_id = 93;
COMMIT;

-- UPDATING EMPLOYEE SALARY 206 --
BEGIN;
UPDATE employees SET salary = salary + 3990 WHERE employee_id = 206;
COMMIT;

-- UPDATING EMPLOYEE SALARY 175 --
BEGIN;
UPDATE employees SET salary = salary + 6369 WHERE employee_id = 175;
COMMIT;

-- UPDATING EMPLOYEE SALARY 200 --
BEGIN;
UPDATE employees SET salary = salary + 4805 WHERE employee_id = 200;
COMMIT;

-- UPDATING EMPLOYEE SALARY 80 --
BEGIN;
UPDATE employees SET salary = salary + 9078 WHERE employee_id = 80;
COMMIT;

-- UPDATING EMPLOYEE SALARY 138 --
BEGIN;
UPDATE employees SET salary = salary + 1771 WHERE employee_id = 138;
COMMIT;

-- UPDATING EMPLOYEE SALARY 163 --
BEGIN;
UPDATE employees SET salary = salary + 6616 WHERE employee_id = 163;
COMMIT;

-- UPDATING EMPLOYEE SALARY 214 --
BEGIN;
UPDATE employees SET salary = salary + 890 WHERE employee_id = 214;
COMMIT;

-- UPDATING EMPLOYEE SALARY 76 --
BEGIN;
UPDATE employees SET salary = salary + 4107 WHERE employee_id = 76;
COMMIT;

-- UPDATING EMPLOYEE SALARY 223 --
BEGIN;
UPDATE employees SET salary = salary + 1295 WHERE employee_id = 223;
COMMIT;

-- UPDATING EMPLOYEE SALARY 118 --
BEGIN;
UPDATE employees SET salary = salary + 2565 WHERE employee_id = 118;
COMMIT;

-- UPDATING EMPLOYEE SALARY 140 --
BEGIN;
UPDATE employees SET salary = salary + 7949 WHERE employee_id = 140;
COMMIT;

-- UPDATING EMPLOYEE SALARY 9 --
BEGIN;
UPDATE employees SET salary = salary + 9694 WHERE employee_id = 9;
COMMIT;

-- UPDATING EMPLOYEE SALARY 129 --
BEGIN;
UPDATE employees SET salary = salary + 9220 WHERE employee_id = 129;
COMMIT;

-- UPDATING EMPLOYEE SALARY 127 --
BEGIN;
UPDATE employees SET salary = salary + 7868 WHERE employee_id = 127;
COMMIT;

-- UPDATING EMPLOYEE SALARY 152 --
BEGIN;
UPDATE employees SET salary = salary + 6748 WHERE employee_id = 152;
COMMIT;

-- UPDATING EMPLOYEE SALARY 166 --
BEGIN;
UPDATE employees SET salary = salary + 3240 WHERE employee_id = 166;
COMMIT;

-- UPDATING EMPLOYEE SALARY 129 --
BEGIN;
UPDATE employees SET salary = salary + 4684 WHERE employee_id = 129;
COMMIT;

-- UPDATING EMPLOYEE SALARY 135 --
BEGIN;
UPDATE employees SET salary = salary + 3520 WHERE employee_id = 135;
COMMIT;

-- UPDATING EMPLOYEE SALARY 209 --
BEGIN;
UPDATE employees SET salary = salary + 5155 WHERE employee_id = 209;
COMMIT;

-- UPDATING EMPLOYEE SALARY 190 --
BEGIN;
UPDATE employees SET salary = salary + 1824 WHERE employee_id = 190;
COMMIT;

-- UPDATING EMPLOYEE SALARY 106 --
BEGIN;
UPDATE employees SET salary = salary + 7280 WHERE employee_id = 106;
COMMIT;

-- UPDATING EMPLOYEE SALARY 1 --
BEGIN;
UPDATE employees SET salary = salary + 4157 WHERE employee_id = 1;
COMMIT;

-- UPDATING EMPLOYEE SALARY 191 --
BEGIN;
UPDATE employees SET salary = salary + 744 WHERE employee_id = 191;
COMMIT;

-- UPDATING EMPLOYEE SALARY 133 --
BEGIN;
UPDATE employees SET salary = salary + 3338 WHERE employee_id = 133;
COMMIT;

-- UPDATING EMPLOYEE SALARY 77 --
BEGIN;
UPDATE employees SET salary = salary + 9194 WHERE employee_id = 77;
COMMIT;

-- UPDATING EMPLOYEE SALARY 25 --
BEGIN;
UPDATE employees SET salary = salary + 5955 WHERE employee_id = 25;
COMMIT;

-- UPDATING EMPLOYEE SALARY 97 --
BEGIN;
UPDATE employees SET salary = salary + 2065 WHERE employee_id = 97;
COMMIT;

-- UPDATING EMPLOYEE SALARY 193 --
BEGIN;
UPDATE employees SET salary = salary + 3741 WHERE employee_id = 193;
COMMIT;

-- UPDATING EMPLOYEE SALARY 177 --
BEGIN;
UPDATE employees SET salary = salary + 8137 WHERE employee_id = 177;
COMMIT;

-- UPDATING EMPLOYEE SALARY 213 --
BEGIN;
UPDATE employees SET salary = salary + 1024 WHERE employee_id = 213;
COMMIT;

-- UPDATING EMPLOYEE SALARY 207 --
BEGIN;
UPDATE employees SET salary = salary + 7588 WHERE employee_id = 207;
COMMIT;

-- UPDATING EMPLOYEE SALARY 148 --
BEGIN;
UPDATE employees SET salary = salary + 4141 WHERE employee_id = 148;
COMMIT;

-- UPDATING EMPLOYEE SALARY 223 --
BEGIN;
UPDATE employees SET salary = salary + 6747 WHERE employee_id = 223;
COMMIT;

-- UPDATING EMPLOYEE SALARY 112 --
BEGIN;
UPDATE employees SET salary = salary + 8448 WHERE employee_id = 112;
COMMIT;

-- UPDATING EMPLOYEE SALARY 94 --
BEGIN;
UPDATE employees SET salary = salary + 4296 WHERE employee_id = 94;
COMMIT;

-- UPDATING EMPLOYEE SALARY 212 --
BEGIN;
UPDATE employees SET salary = salary + 326 WHERE employee_id = 212;
COMMIT;

-- UPDATING EMPLOYEE SALARY 166 --
BEGIN;
UPDATE employees SET salary = salary + 1626 WHERE employee_id = 166;
COMMIT;

-- INSERTING EMPLOYEE 224 --
BEGIN;
INSERT INTO employees (employee_id, first_name, last_name, email, phone_number, hire_date, job_id, salary,manager_id,department_id) VALUES (224, 'Charlie', 'Davis', 'charlie.davis@gmail.com', '555-6789', '1998-07-19', 11, 90000.00, 39, 353);
INSERT INTO dependents (dependent_id, first_name, last_name, relationship, employee_id) VALUES (670, 'James', 'Dean', 'spouse', 224);
INSERT INTO dependents (dependent_id, first_name, last_name, relationship, employee_id) VALUES (671, 'Stephen', 'Hawking', 'parent', 224);
COMMIT;

-- INSERTING EMPLOYEE 225 --
BEGIN;
INSERT INTO employees (employee_id, first_name, last_name, email, phone_number, hire_date, job_id, salary,manager_id,department_id) VALUES (225, 'Diana', 'Prince', 'diana.prince@gmail.com', '555-3456', '2005-06-10', 35, 100000.00, 198, 645);
INSERT INTO dependents (dependent_id, first_name, last_name, relationship, employee_id) VALUES (672, 'Betty', 'White', 'parent', 225);
COMMIT;

-- INSERTING EMPLOYEE 226 --
BEGIN;
INSERT INTO employees (employee_id, first_name, last_name, email, phone_number, hire_date, job_id, salary,manager_id,department_id) VALUES (226, 'Jane', 'Smith', 'jane.smith@gmail.com', '555-5678', '2023-03-12', 53, 60000.00, 152, 653);
INSERT INTO dependents (dependent_id, first_name, last_name, relationship, employee_id) VALUES (673, 'Paul', 'Dirac', 'parent', 226);
COMMIT;

-- DELETING EMPLOYEE 112 --
BEGIN;
UPDATE employees SET manager_id = 150 WHERE employee_id = 157;
UPDATE employees SET manager_id = 150 WHERE employee_id = 159;
DELETE FROM dependents WHERE employee_id = 112;
DELETE FROM employees WHERE employee_id = 112;
COMMIT;

-- DELETING EMPLOYEE 114 --
BEGIN;
UPDATE employees SET manager_id = 193 WHERE employee_id = 202;
DELETE FROM dependents WHERE employee_id = 114;
DELETE FROM employees WHERE employee_id = 114;
COMMIT;

-- INSERTING DEPENDENT 217 --
BEGIN;
INSERT INTO dependents (dependent_id, first_name, last_name, relationship, employee_id) VALUES (674, 'Frank', 'Sinatra', 'child', 217);
END;

-- INSERTING DEPENDENT 97 --
BEGIN;
INSERT INTO dependents (dependent_id, first_name, last_name, relationship, employee_id) VALUES (675, 'Max', 'Planck', 'parent', 97);
END;

-- INSERTING DEPENDENT 173 --
BEGIN;
INSERT INTO dependents (dependent_id, first_name, last_name, relationship, employee_id) VALUES (676, 'Iris', 'Apfel', 'child', 173);
END;

-- DELETING DEPENDENT 345 --
BEGIN;
DELETE FROM dependents WHERE dependent_id = 345;
COMMIT;

-- DELETING DEPENDENT 512 --
BEGIN;
DELETE FROM dependents WHERE dependent_id = 512;
COMMIT;

-- UPDATING EMPLOYEE SALARY 144 --
BEGIN;
UPDATE employees SET salary = salary + 9528 WHERE employee_id = 144;
COMMIT;

-- UPDATING EMPLOYEE SALARY 86 --
BEGIN;
UPDATE employees SET salary = salary + 601 WHERE employee_id = 86;
COMMIT;

-- UPDATING EMPLOYEE SALARY 156 --
BEGIN;
UPDATE employees SET salary = salary + 6980 WHERE employee_id = 156;
COMMIT;

-- UPDATING EMPLOYEE SALARY 84 --
BEGIN;
UPDATE employees SET salary = salary + 2619 WHERE employee_id = 84;
COMMIT;

-- UPDATING EMPLOYEE SALARY 44 --
BEGIN;
UPDATE employees SET salary = salary + 6779 WHERE employee_id = 44;
COMMIT;

-- UPDATING EMPLOYEE SALARY 127 --
BEGIN;
UPDATE employees SET salary = salary + 6768 WHERE employee_id = 127;
COMMIT;

-- UPDATING EMPLOYEE SALARY 171 --
BEGIN;
UPDATE employees SET salary = salary + 3039 WHERE employee_id = 171;
COMMIT;

-- UPDATING EMPLOYEE SALARY 140 --
BEGIN;
UPDATE employees SET salary = salary + 6178 WHERE employee_id = 140;
COMMIT;

-- UPDATING EMPLOYEE SALARY 182 --
BEGIN;
UPDATE employees SET salary = salary + 9899 WHERE employee_id = 182;
COMMIT;

-- UPDATING EMPLOYEE SALARY 116 --
BEGIN;
UPDATE employees SET salary = salary + 880 WHERE employee_id = 116;
COMMIT;

-- UPDATING EMPLOYEE SALARY 66 --
BEGIN;
UPDATE employees SET salary = salary + 868 WHERE employee_id = 66;
COMMIT;

-- UPDATING EMPLOYEE SALARY 163 --
BEGIN;
UPDATE employees SET salary = salary + 4891 WHERE employee_id = 163;
COMMIT;

-- UPDATING EMPLOYEE SALARY 103 --
BEGIN;
UPDATE employees SET salary = salary + 994 WHERE employee_id = 103;
COMMIT;

-- UPDATING EMPLOYEE SALARY 180 --
BEGIN;
UPDATE employees SET salary = salary + 9437 WHERE employee_id = 180;
COMMIT;

-- UPDATING EMPLOYEE SALARY 60 --
BEGIN;
UPDATE employees SET salary = salary + 1426 WHERE employee_id = 60;
COMMIT;

-- UPDATING EMPLOYEE SALARY 210 --
BEGIN;
UPDATE employees SET salary = salary + 4965 WHERE employee_id = 210;
COMMIT;

-- UPDATING EMPLOYEE SALARY 133 --
BEGIN;
UPDATE employees SET salary = salary + 8190 WHERE employee_id = 133;
COMMIT;

-- UPDATING EMPLOYEE SALARY 85 --
BEGIN;
UPDATE employees SET salary = salary + 607 WHERE employee_id = 85;
COMMIT;

-- UPDATING EMPLOYEE SALARY 174 --
BEGIN;
UPDATE employees SET salary = salary + 4133 WHERE employee_id = 174;
COMMIT;

-- UPDATING EMPLOYEE SALARY 197 --
BEGIN;
UPDATE employees SET salary = salary + 6923 WHERE employee_id = 197;
COMMIT;

-- UPDATING EMPLOYEE SALARY 118 --
BEGIN;
UPDATE employees SET salary = salary + 5814 WHERE employee_id = 118;
COMMIT;

-- UPDATING EMPLOYEE SALARY 194 --
BEGIN;
UPDATE employees SET salary = salary + 2877 WHERE employee_id = 194;
COMMIT;

-- UPDATING EMPLOYEE SALARY 91 --
BEGIN;
UPDATE employees SET salary = salary + 5924 WHERE employee_id = 91;
COMMIT;

-- UPDATING EMPLOYEE SALARY 166 --
BEGIN;
UPDATE employees SET salary = salary + 7491 WHERE employee_id = 166;
COMMIT;

-- UPDATING EMPLOYEE SALARY 151 --
BEGIN;
UPDATE employees SET salary = salary + 1815 WHERE employee_id = 151;
COMMIT;

-- UPDATING EMPLOYEE SALARY 209 --
BEGIN;
UPDATE employees SET salary = salary + 4789 WHERE employee_id = 209;
COMMIT;

-- UPDATING EMPLOYEE SALARY 170 --
BEGIN;
UPDATE employees SET salary = salary + 1825 WHERE employee_id = 170;
COMMIT;

-- UPDATING EMPLOYEE SALARY 73 --
BEGIN;
UPDATE employees SET salary = salary + 5000 WHERE employee_id = 73;
COMMIT;

-- UPDATING EMPLOYEE SALARY 174 --
BEGIN;
UPDATE employees SET salary = salary + 3996 WHERE employee_id = 174;
COMMIT;

-- UPDATING EMPLOYEE SALARY 130 --
BEGIN;
UPDATE employees SET salary = salary + 6367 WHERE employee_id = 130;
COMMIT;

-- UPDATING EMPLOYEE SALARY 49 --
BEGIN;
UPDATE employees SET salary = salary + 3987 WHERE employee_id = 49;
COMMIT;

-- UPDATING EMPLOYEE SALARY 14 --
BEGIN;
UPDATE employees SET salary = salary + 3044 WHERE employee_id = 14;
COMMIT;

-- INSERTING EMPLOYEE 227 --
BEGIN;
INSERT INTO employees (employee_id, first_name, last_name, email, phone_number, hire_date, job_id, salary,manager_id,department_id) VALUES (227, 'Tom', 'Hardy', 'tom.hardy@gmail.com', '555-5670', '2006-02-23', 55, 580000.00, 94, 510);
INSERT INTO dependents (dependent_id, first_name, last_name, relationship, employee_id) VALUES (677, 'Hugh', 'Jackman', 'child', 227);
INSERT INTO dependents (dependent_id, first_name, last_name, relationship, employee_id) VALUES (678, 'Charles', 'Darwin', 'spouse', 227);
COMMIT;

-- INSERTING DEPENDENT 201 --
BEGIN;
INSERT INTO dependents (dependent_id, first_name, last_name, relationship, employee_id) VALUES (679, 'Albert', 'Einstein', 'parent', 201);
END;

-- UPDATING EMPLOYEE SALARY 198 --
BEGIN;
UPDATE employees SET salary = salary + 2731 WHERE employee_id = 198;
COMMIT;

-- UPDATING EMPLOYEE SALARY 90 --
BEGIN;
UPDATE employees SET salary = salary + 1688 WHERE employee_id = 90;
COMMIT;

-- UPDATING EMPLOYEE SALARY 108 --
BEGIN;
UPDATE employees SET salary = salary + 8725 WHERE employee_id = 108;
COMMIT;

-- UPDATING EMPLOYEE SALARY 225 --
BEGIN;
UPDATE employees SET salary = salary + 7209 WHERE employee_id = 225;
COMMIT;

-- UPDATING EMPLOYEE SALARY 156 --
BEGIN;
UPDATE employees SET salary = salary + 2999 WHERE employee_id = 156;
COMMIT;

-- UPDATING EMPLOYEE SALARY 6 --
BEGIN;
UPDATE employees SET salary = salary + 2822 WHERE employee_id = 6;
COMMIT;

-- UPDATING EMPLOYEE SALARY 107 --
BEGIN;
UPDATE employees SET salary = salary + 1931 WHERE employee_id = 107;
COMMIT;

-- UPDATING EMPLOYEE SALARY 190 --
BEGIN;
UPDATE employees SET salary = salary + 8777 WHERE employee_id = 190;
COMMIT;

-- UPDATING EMPLOYEE SALARY 184 --
BEGIN;
UPDATE employees SET salary = salary + 9627 WHERE employee_id = 184;
COMMIT;

-- UPDATING EMPLOYEE SALARY 185 --
BEGIN;
UPDATE employees SET salary = salary + 327 WHERE employee_id = 185;
COMMIT;

-- UPDATING EMPLOYEE SALARY 61 --
BEGIN;
UPDATE employees SET salary = salary + 2703 WHERE employee_id = 61;
COMMIT;

-- UPDATING EMPLOYEE SALARY 73 --
BEGIN;
UPDATE employees SET salary = salary + 941 WHERE employee_id = 73;
COMMIT;

-- UPDATING EMPLOYEE SALARY 44 --
BEGIN;
UPDATE employees SET salary = salary + 3819 WHERE employee_id = 44;
COMMIT;

-- UPDATING EMPLOYEE SALARY 220 --
BEGIN;
UPDATE employees SET salary = salary + 4019 WHERE employee_id = 220;
COMMIT;

-- UPDATING EMPLOYEE SALARY 27 --
BEGIN;
UPDATE employees SET salary = salary + 8110 WHERE employee_id = 27;
COMMIT;

-- UPDATING EMPLOYEE SALARY 39 --
BEGIN;
UPDATE employees SET salary = salary + 652 WHERE employee_id = 39;
COMMIT;

-- UPDATING EMPLOYEE SALARY 117 --
BEGIN;
UPDATE employees SET salary = salary + 552 WHERE employee_id = 117;
COMMIT;

-- UPDATING EMPLOYEE SALARY 220 --
BEGIN;
UPDATE employees SET salary = salary + 4801 WHERE employee_id = 220;
COMMIT;

-- UPDATING EMPLOYEE SALARY 188 --
BEGIN;
UPDATE employees SET salary = salary + 3969 WHERE employee_id = 188;
COMMIT;

-- UPDATING EMPLOYEE SALARY 166 --
BEGIN;
UPDATE employees SET salary = salary + 7128 WHERE employee_id = 166;
COMMIT;

-- UPDATING EMPLOYEE SALARY 64 --
BEGIN;
UPDATE employees SET salary = salary + 3340 WHERE employee_id = 64;
COMMIT;

-- UPDATING EMPLOYEE SALARY 64 --
BEGIN;
UPDATE employees SET salary = salary + 626 WHERE employee_id = 64;
COMMIT;

-- UPDATING EMPLOYEE SALARY 75 --
BEGIN;
UPDATE employees SET salary = salary + 8838 WHERE employee_id = 75;
COMMIT;

-- UPDATING EMPLOYEE SALARY 169 --
BEGIN;
UPDATE employees SET salary = salary + 3117 WHERE employee_id = 169;
COMMIT;

-- UPDATING EMPLOYEE SALARY 138 --
BEGIN;
UPDATE employees SET salary = salary + 2049 WHERE employee_id = 138;
COMMIT;

-- UPDATING EMPLOYEE SALARY 162 --
BEGIN;
UPDATE employees SET salary = salary + 1911 WHERE employee_id = 162;
COMMIT;

-- UPDATING EMPLOYEE SALARY 164 --
BEGIN;
UPDATE employees SET salary = salary + 5182 WHERE employee_id = 164;
COMMIT;

-- UPDATING EMPLOYEE SALARY 118 --
BEGIN;
UPDATE employees SET salary = salary + 5614 WHERE employee_id = 118;
COMMIT;

-- UPDATING EMPLOYEE SALARY 219 --
BEGIN;
UPDATE employees SET salary = salary + 1896 WHERE employee_id = 219;
COMMIT;

-- UPDATING EMPLOYEE SALARY 64 --
BEGIN;
UPDATE employees SET salary = salary + 1192 WHERE employee_id = 64;
COMMIT;

-- UPDATING EMPLOYEE SALARY 155 --
BEGIN;
UPDATE employees SET salary = salary + 6062 WHERE employee_id = 155;
COMMIT;

-- UPDATING EMPLOYEE SALARY 206 --
BEGIN;
UPDATE employees SET salary = salary + 9610 WHERE employee_id = 206;
COMMIT;

-- UPDATING EMPLOYEE SALARY 150 --
BEGIN;
UPDATE employees SET salary = salary + 177 WHERE employee_id = 150;
COMMIT;

-- UPDATING EMPLOYEE SALARY 178 --
BEGIN;
UPDATE employees SET salary = salary + 5597 WHERE employee_id = 178;
COMMIT;

-- UPDATING EMPLOYEE SALARY 147 --
BEGIN;
UPDATE employees SET salary = salary + 4810 WHERE employee_id = 147;
COMMIT;

-- UPDATING EMPLOYEE SALARY 195 --
BEGIN;
UPDATE employees SET salary = salary + 7244 WHERE employee_id = 195;
COMMIT;

-- UPDATING EMPLOYEE SALARY 58 --
BEGIN;
UPDATE employees SET salary = salary + 6167 WHERE employee_id = 58;
COMMIT;

-- UPDATING EMPLOYEE SALARY 146 --
BEGIN;
UPDATE employees SET salary = salary + 1613 WHERE employee_id = 146;
COMMIT;

-- UPDATING EMPLOYEE SALARY 180 --
BEGIN;
UPDATE employees SET salary = salary + 6742 WHERE employee_id = 180;
COMMIT;

-- UPDATING EMPLOYEE SALARY 58 --
BEGIN;
UPDATE employees SET salary = salary + 8759 WHERE employee_id = 58;
COMMIT;

-- UPDATING EMPLOYEE SALARY 77 --
BEGIN;
UPDATE employees SET salary = salary + 4757 WHERE employee_id = 77;
COMMIT;

-- UPDATING EMPLOYEE SALARY 222 --
BEGIN;
UPDATE employees SET salary = salary + 3029 WHERE employee_id = 222;
COMMIT;

-- UPDATING EMPLOYEE SALARY 86 --
BEGIN;
UPDATE employees SET salary = salary + 4394 WHERE employee_id = 86;
COMMIT;

-- UPDATING EMPLOYEE SALARY 144 --
BEGIN;
UPDATE employees SET salary = salary + 5686 WHERE employee_id = 144;
COMMIT;

-- UPDATING EMPLOYEE SALARY 85 --
BEGIN;
UPDATE employees SET salary = salary + 129 WHERE employee_id = 85;
COMMIT;

-- UPDATING EMPLOYEE SALARY 208 --
BEGIN;
UPDATE employees SET salary = salary + 1161 WHERE employee_id = 208;
COMMIT;

-- UPDATING EMPLOYEE SALARY 209 --
BEGIN;
UPDATE employees SET salary = salary + 1493 WHERE employee_id = 209;
COMMIT;

-- UPDATING EMPLOYEE SALARY 41 --
BEGIN;
UPDATE employees SET salary = salary + 8912 WHERE employee_id = 41;
COMMIT;

-- UPDATING EMPLOYEE SALARY 36 --
BEGIN;
UPDATE employees SET salary = salary + 1548 WHERE employee_id = 36;
COMMIT;

-- UPDATING EMPLOYEE SALARY 172 --
BEGIN;
UPDATE employees SET salary = salary + 4967 WHERE employee_id = 172;
COMMIT;

-- UPDATING EMPLOYEE SALARY 102 --
BEGIN;
UPDATE employees SET salary = salary + 5826 WHERE employee_id = 102;
COMMIT;

-- UPDATING EMPLOYEE SALARY 36 --
BEGIN;
UPDATE employees SET salary = salary + 82 WHERE employee_id = 36;
COMMIT;

-- UPDATING EMPLOYEE SALARY 214 --
BEGIN;
UPDATE employees SET salary = salary + 1003 WHERE employee_id = 214;
COMMIT;

-- UPDATING EMPLOYEE SALARY 199 --
BEGIN;
UPDATE employees SET salary = salary + 3577 WHERE employee_id = 199;
COMMIT;

-- UPDATING EMPLOYEE SALARY 81 --
BEGIN;
UPDATE employees SET salary = salary + 4139 WHERE employee_id = 81;
COMMIT;

-- UPDATING EMPLOYEE SALARY 123 --
BEGIN;
UPDATE employees SET salary = salary + 8794 WHERE employee_id = 123;
COMMIT;

-- UPDATING EMPLOYEE SALARY 130 --
BEGIN;
UPDATE employees SET salary = salary + 6137 WHERE employee_id = 130;
COMMIT;

-- UPDATING EMPLOYEE SALARY 219 --
BEGIN;
UPDATE employees SET salary = salary + 1699 WHERE employee_id = 219;
COMMIT;

-- UPDATING EMPLOYEE SALARY 85 --
BEGIN;
UPDATE employees SET salary = salary + 226 WHERE employee_id = 85;
COMMIT;

-- INSERTING EMPLOYEE 228 --
BEGIN;
INSERT INTO employees (employee_id, first_name, last_name, email, phone_number, hire_date, job_id, salary,manager_id,department_id) VALUES (228, 'Diana', 'Prince', 'diana.prince@gmail.com', '555-3456', '2025-10-03', 37, 100000.00, 26, 39);
COMMIT;

-- INSERTING EMPLOYEE 229 --
BEGIN;
INSERT INTO employees (employee_id, first_name, last_name, email, phone_number, hire_date, job_id, salary,manager_id,department_id) VALUES (229, 'Isla', 'Fisher', 'isla.fisher@gmail.com', '555-4569', '1997-10-28', 60, 470000.00, 117, 228);
INSERT INTO dependents (dependent_id, first_name, last_name, relationship, employee_id) VALUES (680, 'Emma', 'Stone', 'parent', 229);
COMMIT;

-- INSERTING EMPLOYEE 230 --
BEGIN;
INSERT INTO employees (employee_id, first_name, last_name, email, phone_number, hire_date, job_id, salary,manager_id,department_id) VALUES (230, 'Natalie', 'Portman', 'natalie.portman@gmail.com', '555-9014', '2022-02-16', 55, 520000.00, 182, 370);
INSERT INTO dependents (dependent_id, first_name, last_name, relationship, employee_id) VALUES (681, 'Tom', 'Cruise', 'child', 230);
INSERT INTO dependents (dependent_id, first_name, last_name, relationship, employee_id) VALUES (682, 'Nikola', 'Tesla', 'child', 230);
INSERT INTO dependents (dependent_id, first_name, last_name, relationship, employee_id) VALUES (683, 'Lise', 'Meitner', 'spouse', 230);
INSERT INTO dependents (dependent_id, first_name, last_name, relationship, employee_id) VALUES (684, 'Stephen', 'Hawking', 'parent', 230);
COMMIT;

-- INSERTING EMPLOYEE 231 --
BEGIN;
INSERT INTO employees (employee_id, first_name, last_name, email, phone_number, hire_date, job_id, salary,manager_id,department_id) VALUES (231, 'Oscar', 'Isaac', 'oscar.isaac@gmail.com', '555-8902', '2019-09-15', 34, 210000.00, 223, 399);
INSERT INTO dependents (dependent_id, first_name, last_name, relationship, employee_id) VALUES (685, 'Hugh', 'Jackman', 'spouse', 231);
INSERT INTO dependents (dependent_id, first_name, last_name, relationship, employee_id) VALUES (686, 'Grace', 'Kelly', 'spouse', 231);
COMMIT;

-- INSERTING EMPLOYEE 232 --
BEGIN;
INSERT INTO employees (employee_id, first_name, last_name, email, phone_number, hire_date, job_id, salary,manager_id,department_id) VALUES (232, 'Uma', 'Thurman', 'uma.thurman@gmail.com', '555-4569', '1993-09-14', 19, 270000.00, 127, 158);
INSERT INTO dependents (dependent_id, first_name, last_name, relationship, employee_id) VALUES (687, 'Frank', 'Sinatra', 'spouse', 232);
INSERT INTO dependents (dependent_id, first_name, last_name, relationship, employee_id) VALUES (688, 'Meryl', 'Streep', 'child', 232);
COMMIT;

-- INSERTING DEPENDENT 36 --
BEGIN;
INSERT INTO dependents (dependent_id, first_name, last_name, relationship, employee_id) VALUES (689, 'Lise', 'Meitner', 'child', 36);
END;

-- INSERTING DEPENDENT 170 --
BEGIN;
INSERT INTO dependents (dependent_id, first_name, last_name, relationship, employee_id) VALUES (690, 'Chris', 'Evans', 'parent', 170);
END;

-- INSERTING DEPENDENT 202 --
BEGIN;
INSERT INTO dependents (dependent_id, first_name, last_name, relationship, employee_id) VALUES (691, 'Paul', 'Dirac', 'spouse', 202);
END;

-- INSERTING DEPENDENT 203 --
BEGIN;
INSERT INTO dependents (dependent_id, first_name, last_name, relationship, employee_id) VALUES (692, 'Grace', 'Kelly', 'parent', 203);
END;

-- INSERTING DEPENDENT 188 --
BEGIN;
INSERT INTO dependents (dependent_id, first_name, last_name, relationship, employee_id) VALUES (693, 'Carl', 'Sagan', 'parent', 188);
END;

-- UPDATING EMPLOYEE SALARY 168 --
BEGIN;
UPDATE employees SET salary = salary + 1604 WHERE employee_id = 168;
COMMIT;

-- UPDATING EMPLOYEE SALARY 180 --
BEGIN;
UPDATE employees SET salary = salary + 4706 WHERE employee_id = 180;
COMMIT;

-- UPDATING EMPLOYEE SALARY 133 --
BEGIN;
UPDATE employees SET salary = salary + 182 WHERE employee_id = 133;
COMMIT;

-- UPDATING EMPLOYEE SALARY 130 --
BEGIN;
UPDATE employees SET salary = salary + 7342 WHERE employee_id = 130;
COMMIT;

-- UPDATING EMPLOYEE SALARY 204 --
BEGIN;
UPDATE employees SET salary = salary + 2678 WHERE employee_id = 204;
COMMIT;

-- UPDATING EMPLOYEE SALARY 179 --
BEGIN;
UPDATE employees SET salary = salary + 1352 WHERE employee_id = 179;
COMMIT;

-- UPDATING EMPLOYEE SALARY 152 --
BEGIN;
UPDATE employees SET salary = salary + 6792 WHERE employee_id = 152;
COMMIT;

-- UPDATING EMPLOYEE SALARY 160 --
BEGIN;
UPDATE employees SET salary = salary + 255 WHERE employee_id = 160;
COMMIT;

-- UPDATING EMPLOYEE SALARY 80 --
BEGIN;
UPDATE employees SET salary = salary + 4510 WHERE employee_id = 80;
COMMIT;

-- UPDATING EMPLOYEE SALARY 84 --
BEGIN;
UPDATE employees SET salary = salary + 6947 WHERE employee_id = 84;
COMMIT;

-- UPDATING EMPLOYEE SALARY 183 --
BEGIN;
UPDATE employees SET salary = salary + 3288 WHERE employee_id = 183;
COMMIT;

-- UPDATING EMPLOYEE SALARY 136 --
BEGIN;
UPDATE employees SET salary = salary + 6353 WHERE employee_id = 136;
COMMIT;

-- UPDATING EMPLOYEE SALARY 219 --
BEGIN;
UPDATE employees SET salary = salary + 3033 WHERE employee_id = 219;
COMMIT;

-- UPDATING EMPLOYEE SALARY 191 --
BEGIN;
UPDATE employees SET salary = salary + 5259 WHERE employee_id = 191;
COMMIT;

-- UPDATING EMPLOYEE SALARY 146 --
BEGIN;
UPDATE employees SET salary = salary + 7345 WHERE employee_id = 146;
COMMIT;

-- UPDATING EMPLOYEE SALARY 144 --
BEGIN;
UPDATE employees SET salary = salary + 101 WHERE employee_id = 144;
COMMIT;

-- UPDATING EMPLOYEE SALARY 210 --
BEGIN;
UPDATE employees SET salary = salary + 1350 WHERE employee_id = 210;
COMMIT;

-- UPDATING EMPLOYEE SALARY 227 --
BEGIN;
UPDATE employees SET salary = salary + 5880 WHERE employee_id = 227;
COMMIT;

-- UPDATING EMPLOYEE SALARY 202 --
BEGIN;
UPDATE employees SET salary = salary + 8020 WHERE employee_id = 202;
COMMIT;

-- UPDATING EMPLOYEE SALARY 207 --
BEGIN;
UPDATE employees SET salary = salary + 4817 WHERE employee_id = 207;
COMMIT;

-- UPDATING EMPLOYEE SALARY 73 --
BEGIN;
UPDATE employees SET salary = salary + 186 WHERE employee_id = 73;
COMMIT;

-- UPDATING EMPLOYEE SALARY 194 --
BEGIN;
UPDATE employees SET salary = salary + 2271 WHERE employee_id = 194;
COMMIT;

-- UPDATING EMPLOYEE SALARY 107 --
BEGIN;
UPDATE employees SET salary = salary + 35 WHERE employee_id = 107;
COMMIT;

-- UPDATING EMPLOYEE SALARY 206 --
BEGIN;
UPDATE employees SET salary = salary + 7707 WHERE employee_id = 206;
COMMIT;

-- UPDATING EMPLOYEE SALARY 96 --
BEGIN;
UPDATE employees SET salary = salary + 560 WHERE employee_id = 96;
COMMIT;

-- UPDATING EMPLOYEE SALARY 133 --
BEGIN;
UPDATE employees SET salary = salary + 7192 WHERE employee_id = 133;
COMMIT;

-- UPDATING EMPLOYEE SALARY 119 --
BEGIN;
UPDATE employees SET salary = salary + 4786 WHERE employee_id = 119;
COMMIT;

-- UPDATING EMPLOYEE SALARY 107 --
BEGIN;
UPDATE employees SET salary = salary + 5156 WHERE employee_id = 107;
COMMIT;

-- UPDATING EMPLOYEE SALARY 178 --
BEGIN;
UPDATE employees SET salary = salary + 7552 WHERE employee_id = 178;
COMMIT;

-- UPDATING EMPLOYEE SALARY 68 --
BEGIN;
UPDATE employees SET salary = salary + 1570 WHERE employee_id = 68;
COMMIT;

-- UPDATING EMPLOYEE SALARY 214 --
BEGIN;
UPDATE employees SET salary = salary + 269 WHERE employee_id = 214;
COMMIT;

-- UPDATING EMPLOYEE SALARY 128 --
BEGIN;
UPDATE employees SET salary = salary + 621 WHERE employee_id = 128;
COMMIT;

-- UPDATING EMPLOYEE SALARY 60 --
BEGIN;
UPDATE employees SET salary = salary + 9046 WHERE employee_id = 60;
COMMIT;

-- UPDATING EMPLOYEE SALARY 174 --
BEGIN;
UPDATE employees SET salary = salary + 8478 WHERE employee_id = 174;
COMMIT;

-- UPDATING EMPLOYEE SALARY 97 --
BEGIN;
UPDATE employees SET salary = salary + 4219 WHERE employee_id = 97;
COMMIT;

-- UPDATING EMPLOYEE SALARY 108 --
BEGIN;
UPDATE employees SET salary = salary + 9385 WHERE employee_id = 108;
COMMIT;

-- UPDATING EMPLOYEE SALARY 229 --
BEGIN;
UPDATE employees SET salary = salary + 3460 WHERE employee_id = 229;
COMMIT;

-- UPDATING EMPLOYEE SALARY 172 --
BEGIN;
UPDATE employees SET salary = salary + 5191 WHERE employee_id = 172;
COMMIT;

-- UPDATING EMPLOYEE SALARY 130 --
BEGIN;
UPDATE employees SET salary = salary + 6881 WHERE employee_id = 130;
COMMIT;

-- UPDATING EMPLOYEE SALARY 200 --
BEGIN;
UPDATE employees SET salary = salary + 6833 WHERE employee_id = 200;
COMMIT;

-- UPDATING EMPLOYEE SALARY 172 --
BEGIN;
UPDATE employees SET salary = salary + 7361 WHERE employee_id = 172;
COMMIT;

-- UPDATING EMPLOYEE SALARY 217 --
BEGIN;
UPDATE employees SET salary = salary + 5335 WHERE employee_id = 217;
COMMIT;

-- UPDATING EMPLOYEE SALARY 138 --
BEGIN;
UPDATE employees SET salary = salary + 9624 WHERE employee_id = 138;
COMMIT;

-- UPDATING EMPLOYEE SALARY 9 --
BEGIN;
UPDATE employees SET salary = salary + 1888 WHERE employee_id = 9;
COMMIT;

-- UPDATING EMPLOYEE SALARY 45 --
BEGIN;
UPDATE employees SET salary = salary + 6647 WHERE employee_id = 45;
COMMIT;

-- UPDATING EMPLOYEE SALARY 192 --
BEGIN;
UPDATE employees SET salary = salary + 1039 WHERE employee_id = 192;
COMMIT;

-- UPDATING EMPLOYEE SALARY 92 --
BEGIN;
UPDATE employees SET salary = salary + 3635 WHERE employee_id = 92;
COMMIT;

-- UPDATING EMPLOYEE SALARY 231 --
BEGIN;
UPDATE employees SET salary = salary + 9820 WHERE employee_id = 231;
COMMIT;

-- UPDATING EMPLOYEE SALARY 219 --
BEGIN;
UPDATE employees SET salary = salary + 218 WHERE employee_id = 219;
COMMIT;

-- UPDATING EMPLOYEE SALARY 154 --
BEGIN;
UPDATE employees SET salary = salary + 8501 WHERE employee_id = 154;
COMMIT;

-- UPDATING EMPLOYEE SALARY 176 --
BEGIN;
UPDATE employees SET salary = salary + 9059 WHERE employee_id = 176;
COMMIT;

-- UPDATING EMPLOYEE SALARY 26 --
BEGIN;
UPDATE employees SET salary = salary + 8347 WHERE employee_id = 26;
COMMIT;

-- UPDATING EMPLOYEE SALARY 117 --
BEGIN;
UPDATE employees SET salary = salary + 4400 WHERE employee_id = 117;
COMMIT;

-- UPDATING EMPLOYEE SALARY 202 --
BEGIN;
UPDATE employees SET salary = salary + 4375 WHERE employee_id = 202;
COMMIT;

-- UPDATING EMPLOYEE SALARY 199 --
BEGIN;
UPDATE employees SET salary = salary + 4867 WHERE employee_id = 199;
COMMIT;

-- INSERTING EMPLOYEE 233 --
BEGIN;
INSERT INTO employees (employee_id, first_name, last_name, email, phone_number, hire_date, job_id, salary,manager_id,department_id) VALUES (233, 'Brad', 'Pitt', 'brad.pitt@gmail.com', '555-7892', '2017-08-20', 15, 400000.00, 72, 428);
INSERT INTO dependents (dependent_id, first_name, last_name, relationship, employee_id) VALUES (694, 'Paul', 'Dirac', 'parent', 233);
INSERT INTO dependents (dependent_id, first_name, last_name, relationship, employee_id) VALUES (695, 'Frank', 'Sinatra', 'child', 233);
INSERT INTO dependents (dependent_id, first_name, last_name, relationship, employee_id) VALUES (696, 'Max', 'Planck', 'parent', 233);
INSERT INTO dependents (dependent_id, first_name, last_name, relationship, employee_id) VALUES (697, 'Emma', 'Stone', 'parent', 233);
COMMIT;

-- INSERTING EMPLOYEE 234 --
BEGIN;
INSERT INTO employees (employee_id, first_name, last_name, email, phone_number, hire_date, job_id, salary,manager_id,department_id) VALUES (234, 'Freddie', 'Mercury', 'freddie.mercury@gmail.com', '555-1236', '2023-02-16', 43, 440000.00, 129, 346);
INSERT INTO dependents (dependent_id, first_name, last_name, relationship, employee_id) VALUES (698, 'Barbara', 'McClintock', 'child', 234);
INSERT INTO dependents (dependent_id, first_name, last_name, relationship, employee_id) VALUES (699, 'Maria', 'Mayer', 'parent', 234);
COMMIT;

-- INSERTING EMPLOYEE 235 --
BEGIN;
INSERT INTO employees (employee_id, first_name, last_name, email, phone_number, hire_date, job_id, salary,manager_id,department_id) VALUES (235, 'Steve', 'Jobs', 'steve.jobs@gmail.com', '555-2347', '2024-08-13', 42, 250000.00, 212, 69);
INSERT INTO dependents (dependent_id, first_name, last_name, relationship, employee_id) VALUES (700, 'Oprah', 'Winfrey', 'spouse', 235);
INSERT INTO dependents (dependent_id, first_name, last_name, relationship, employee_id) VALUES (701, 'Grace', 'Hopper', 'spouse', 235);
COMMIT;

-- INSERTING EMPLOYEE 236 --
BEGIN;
INSERT INTO employees (employee_id, first_name, last_name, email, phone_number, hire_date, job_id, salary,manager_id,department_id) VALUES (236, 'Leonardo', 'DiCaprio', 'leonardo.dicaprio@gmail.com', '555-2346', '1996-06-25', 36, 180000.00, 97, 515);
COMMIT;

-- INSERTING EMPLOYEE 237 --
BEGIN;
INSERT INTO employees (employee_id, first_name, last_name, email, phone_number, hire_date, job_id, salary,manager_id,department_id) VALUES (237, 'Vin', 'Diesel', 'vin.diesel@gmail.com', '555-5670', '2006-06-30', 5, 280000.00, 91, 637);
INSERT INTO dependents (dependent_id, first_name, last_name, relationship, employee_id) VALUES (702, 'Susan', 'Sarandon', 'parent', 237);
INSERT INTO dependents (dependent_id, first_name, last_name, relationship, employee_id) VALUES (703, 'Michael', 'Faraday', 'spouse', 237);
COMMIT;

-- DELETING EMPLOYEE 116 --
BEGIN;
UPDATE employees SET manager_id = 196 WHERE employee_id = 129;
DELETE FROM dependents WHERE employee_id = 116;
DELETE FROM employees WHERE employee_id = 116;
COMMIT;

-- INSERTING DEPENDENT 160 --
BEGIN;
INSERT INTO dependents (dependent_id, first_name, last_name, relationship, employee_id) VALUES (704, 'Michael', 'Faraday', 'child', 160);
END;

-- INSERTING DEPENDENT 214 --
BEGIN;
INSERT INTO dependents (dependent_id, first_name, last_name, relationship, employee_id) VALUES (705, 'Robert', 'Redford', 'parent', 214);
END;

-- INSERTING DEPENDENT 34 --
BEGIN;
INSERT INTO dependents (dependent_id, first_name, last_name, relationship, employee_id) VALUES (706, 'Niels', 'Bohr', 'spouse', 34);
END;

-- INSERTING DEPENDENT 170 --
BEGIN;
INSERT INTO dependents (dependent_id, first_name, last_name, relationship, employee_id) VALUES (707, 'Robert', 'Redford', 'spouse', 170);
END;

-- INSERTING DEPENDENT 233 --
BEGIN;
INSERT INTO dependents (dependent_id, first_name, last_name, relationship, employee_id) VALUES (708, 'Marie', 'Curie', 'child', 233);
END;

-- DELETING DEPENDENT 253 --
BEGIN;
DELETE FROM dependents WHERE dependent_id = 253;
COMMIT;

-- UPDATING EMPLOYEE SALARY 127 --
BEGIN;
UPDATE employees SET salary = salary + 966 WHERE employee_id = 127;
COMMIT;

-- UPDATING EMPLOYEE SALARY 162 --
BEGIN;
UPDATE employees SET salary = salary + 8044 WHERE employee_id = 162;
COMMIT;

-- UPDATING EMPLOYEE SALARY 167 --
BEGIN;
UPDATE employees SET salary = salary + 1955 WHERE employee_id = 167;
COMMIT;

-- UPDATING EMPLOYEE SALARY 177 --
BEGIN;
UPDATE employees SET salary = salary + 3615 WHERE employee_id = 177;
COMMIT;

-- UPDATING EMPLOYEE SALARY 71 --
BEGIN;
UPDATE employees SET salary = salary + 8709 WHERE employee_id = 71;
COMMIT;

-- UPDATING EMPLOYEE SALARY 123 --
BEGIN;
UPDATE employees SET salary = salary + 8044 WHERE employee_id = 123;
COMMIT;

-- UPDATING EMPLOYEE SALARY 234 --
BEGIN;
UPDATE employees SET salary = salary + 1739 WHERE employee_id = 234;
COMMIT;

-- UPDATING EMPLOYEE SALARY 189 --
BEGIN;
UPDATE employees SET salary = salary + 180 WHERE employee_id = 189;
COMMIT;

-- UPDATING EMPLOYEE SALARY 94 --
BEGIN;
UPDATE employees SET salary = salary + 6890 WHERE employee_id = 94;
COMMIT;

-- UPDATING EMPLOYEE SALARY 237 --
BEGIN;
UPDATE employees SET salary = salary + 1017 WHERE employee_id = 237;
COMMIT;

-- UPDATING EMPLOYEE SALARY 41 --
BEGIN;
UPDATE employees SET salary = salary + 678 WHERE employee_id = 41;
COMMIT;

-- UPDATING EMPLOYEE SALARY 232 --
BEGIN;
UPDATE employees SET salary = salary + 3301 WHERE employee_id = 232;
COMMIT;

-- UPDATING EMPLOYEE SALARY 84 --
BEGIN;
UPDATE employees SET salary = salary + 8177 WHERE employee_id = 84;
COMMIT;

-- UPDATING EMPLOYEE SALARY 165 --
BEGIN;
UPDATE employees SET salary = salary + 3705 WHERE employee_id = 165;
COMMIT;

-- UPDATING EMPLOYEE SALARY 147 --
BEGIN;
UPDATE employees SET salary = salary + 6618 WHERE employee_id = 147;
COMMIT;

-- UPDATING EMPLOYEE SALARY 195 --
BEGIN;
UPDATE employees SET salary = salary + 1913 WHERE employee_id = 195;
COMMIT;

-- UPDATING EMPLOYEE SALARY 236 --
BEGIN;
UPDATE employees SET salary = salary + 3111 WHERE employee_id = 236;
COMMIT;

-- UPDATING EMPLOYEE SALARY 147 --
BEGIN;
UPDATE employees SET salary = salary + 3490 WHERE employee_id = 147;
COMMIT;

-- UPDATING EMPLOYEE SALARY 215 --
BEGIN;
UPDATE employees SET salary = salary + 7169 WHERE employee_id = 215;
COMMIT;

-- UPDATING EMPLOYEE SALARY 46 --
BEGIN;
UPDATE employees SET salary = salary + 4104 WHERE employee_id = 46;
COMMIT;

-- UPDATING EMPLOYEE SALARY 91 --
BEGIN;
UPDATE employees SET salary = salary + 1351 WHERE employee_id = 91;
COMMIT;

-- UPDATING EMPLOYEE SALARY 35 --
BEGIN;
UPDATE employees SET salary = salary + 2881 WHERE employee_id = 35;
COMMIT;

-- UPDATING EMPLOYEE SALARY 44 --
BEGIN;
UPDATE employees SET salary = salary + 2294 WHERE employee_id = 44;
COMMIT;

-- UPDATING EMPLOYEE SALARY 108 --
BEGIN;
UPDATE employees SET salary = salary + 218 WHERE employee_id = 108;
COMMIT;

-- UPDATING EMPLOYEE SALARY 182 --
BEGIN;
UPDATE employees SET salary = salary + 6571 WHERE employee_id = 182;
COMMIT;

-- UPDATING EMPLOYEE SALARY 75 --
BEGIN;
UPDATE employees SET salary = salary + 4647 WHERE employee_id = 75;
COMMIT;

-- UPDATING EMPLOYEE SALARY 223 --
BEGIN;
UPDATE employees SET salary = salary + 9174 WHERE employee_id = 223;
COMMIT;

-- UPDATING EMPLOYEE SALARY 189 --
BEGIN;
UPDATE employees SET salary = salary + 5642 WHERE employee_id = 189;
COMMIT;

-- UPDATING EMPLOYEE SALARY 133 --
BEGIN;
UPDATE employees SET salary = salary + 671 WHERE employee_id = 133;
COMMIT;

-- UPDATING EMPLOYEE SALARY 223 --
BEGIN;
UPDATE employees SET salary = salary + 729 WHERE employee_id = 223;
COMMIT;

-- UPDATING EMPLOYEE SALARY 125 --
BEGIN;
UPDATE employees SET salary = salary + 9170 WHERE employee_id = 125;
COMMIT;

-- UPDATING EMPLOYEE SALARY 68 --
BEGIN;
UPDATE employees SET salary = salary + 8478 WHERE employee_id = 68;
COMMIT;

-- UPDATING EMPLOYEE SALARY 104 --
BEGIN;
UPDATE employees SET salary = salary + 3051 WHERE employee_id = 104;
COMMIT;

-- UPDATING EMPLOYEE SALARY 167 --
BEGIN;
UPDATE employees SET salary = salary + 1575 WHERE employee_id = 167;
COMMIT;

-- UPDATING EMPLOYEE SALARY 218 --
BEGIN;
UPDATE employees SET salary = salary + 8074 WHERE employee_id = 218;
COMMIT;

-- UPDATING EMPLOYEE SALARY 150 --
BEGIN;
UPDATE employees SET salary = salary + 3546 WHERE employee_id = 150;
COMMIT;

-- UPDATING EMPLOYEE SALARY 212 --
BEGIN;
UPDATE employees SET salary = salary + 716 WHERE employee_id = 212;
COMMIT;

-- UPDATING EMPLOYEE SALARY 96 --
BEGIN;
UPDATE employees SET salary = salary + 5286 WHERE employee_id = 96;
COMMIT;

-- UPDATING EMPLOYEE SALARY 84 --
BEGIN;
UPDATE employees SET salary = salary + 8793 WHERE employee_id = 84;
COMMIT;

-- UPDATING EMPLOYEE SALARY 141 --
BEGIN;
UPDATE employees SET salary = salary + 2317 WHERE employee_id = 141;
COMMIT;

-- UPDATING EMPLOYEE SALARY 85 --
BEGIN;
UPDATE employees SET salary = salary + 9037 WHERE employee_id = 85;
COMMIT;

-- UPDATING EMPLOYEE SALARY 138 --
BEGIN;
UPDATE employees SET salary = salary + 3616 WHERE employee_id = 138;
COMMIT;

-- UPDATING EMPLOYEE SALARY 166 --
BEGIN;
UPDATE employees SET salary = salary + 6436 WHERE employee_id = 166;
COMMIT;

-- UPDATING EMPLOYEE SALARY 149 --
BEGIN;
UPDATE employees SET salary = salary + 6487 WHERE employee_id = 149;
COMMIT;

-- UPDATING EMPLOYEE SALARY 76 --
BEGIN;
UPDATE employees SET salary = salary + 6379 WHERE employee_id = 76;
COMMIT;

-- UPDATING EMPLOYEE SALARY 124 --
BEGIN;
UPDATE employees SET salary = salary + 7270 WHERE employee_id = 124;
COMMIT;

-- UPDATING EMPLOYEE SALARY 212 --
BEGIN;
UPDATE employees SET salary = salary + 5495 WHERE employee_id = 212;
COMMIT;

-- UPDATING EMPLOYEE SALARY 189 --
BEGIN;
UPDATE employees SET salary = salary + 8407 WHERE employee_id = 189;
COMMIT;

-- UPDATING EMPLOYEE SALARY 67 --
BEGIN;
UPDATE employees SET salary = salary + 3317 WHERE employee_id = 67;
COMMIT;

-- UPDATING EMPLOYEE SALARY 72 --
BEGIN;
UPDATE employees SET salary = salary + 6432 WHERE employee_id = 72;
COMMIT;

-- UPDATING EMPLOYEE SALARY 108 --
BEGIN;
UPDATE employees SET salary = salary + 1362 WHERE employee_id = 108;
COMMIT;

-- UPDATING EMPLOYEE SALARY 173 --
BEGIN;
UPDATE employees SET salary = salary + 1942 WHERE employee_id = 173;
COMMIT;

-- UPDATING EMPLOYEE SALARY 96 --
BEGIN;
UPDATE employees SET salary = salary + 1128 WHERE employee_id = 96;
COMMIT;

-- UPDATING EMPLOYEE SALARY 234 --
BEGIN;
UPDATE employees SET salary = salary + 3461 WHERE employee_id = 234;
COMMIT;

-- UPDATING EMPLOYEE SALARY 166 --
BEGIN;
UPDATE employees SET salary = salary + 9398 WHERE employee_id = 166;
COMMIT;

-- UPDATING EMPLOYEE SALARY 141 --
BEGIN;
UPDATE employees SET salary = salary + 8422 WHERE employee_id = 141;
COMMIT;

-- UPDATING EMPLOYEE SALARY 128 --
BEGIN;
UPDATE employees SET salary = salary + 4171 WHERE employee_id = 128;
COMMIT;

-- UPDATING EMPLOYEE SALARY 75 --
BEGIN;
UPDATE employees SET salary = salary + 4365 WHERE employee_id = 75;
COMMIT;

-- UPDATING EMPLOYEE SALARY 164 --
BEGIN;
UPDATE employees SET salary = salary + 8242 WHERE employee_id = 164;
COMMIT;

-- UPDATING EMPLOYEE SALARY 201 --
BEGIN;
UPDATE employees SET salary = salary + 2695 WHERE employee_id = 201;
COMMIT;

-- UPDATING EMPLOYEE SALARY 166 --
BEGIN;
UPDATE employees SET salary = salary + 8801 WHERE employee_id = 166;
COMMIT;

-- UPDATING EMPLOYEE SALARY 228 --
BEGIN;
UPDATE employees SET salary = salary + 3034 WHERE employee_id = 228;
COMMIT;

-- UPDATING EMPLOYEE SALARY 33 --
BEGIN;
UPDATE employees SET salary = salary + 9959 WHERE employee_id = 33;
COMMIT;

-- UPDATING EMPLOYEE SALARY 232 --
BEGIN;
UPDATE employees SET salary = salary + 7505 WHERE employee_id = 232;
COMMIT;

-- UPDATING EMPLOYEE SALARY 160 --
BEGIN;
UPDATE employees SET salary = salary + 704 WHERE employee_id = 160;
COMMIT;

-- UPDATING EMPLOYEE SALARY 61 --
BEGIN;
UPDATE employees SET salary = salary + 6140 WHERE employee_id = 61;
COMMIT;

-- UPDATING EMPLOYEE SALARY 93 --
BEGIN;
UPDATE employees SET salary = salary + 909 WHERE employee_id = 93;
COMMIT;

-- UPDATING EMPLOYEE SALARY 223 --
BEGIN;
UPDATE employees SET salary = salary + 7604 WHERE employee_id = 223;
COMMIT;

-- UPDATING EMPLOYEE SALARY 197 --
BEGIN;
UPDATE employees SET salary = salary + 5952 WHERE employee_id = 197;
COMMIT;

-- UPDATING EMPLOYEE SALARY 156 --
BEGIN;
UPDATE employees SET salary = salary + 1164 WHERE employee_id = 156;
COMMIT;

-- UPDATING EMPLOYEE SALARY 142 --
BEGIN;
UPDATE employees SET salary = salary + 6766 WHERE employee_id = 142;
COMMIT;

-- UPDATING EMPLOYEE SALARY 195 --
BEGIN;
UPDATE employees SET salary = salary + 9424 WHERE employee_id = 195;
COMMIT;

-- UPDATING EMPLOYEE SALARY 50 --
BEGIN;
UPDATE employees SET salary = salary + 4904 WHERE employee_id = 50;
COMMIT;

-- UPDATING EMPLOYEE SALARY 222 --
BEGIN;
UPDATE employees SET salary = salary + 5530 WHERE employee_id = 222;
COMMIT;

-- UPDATING EMPLOYEE SALARY 133 --
BEGIN;
UPDATE employees SET salary = salary + 4754 WHERE employee_id = 133;
COMMIT;

-- UPDATING EMPLOYEE SALARY 124 --
BEGIN;
UPDATE employees SET salary = salary + 5093 WHERE employee_id = 124;
COMMIT;

-- UPDATING EMPLOYEE SALARY 191 --
BEGIN;
UPDATE employees SET salary = salary + 496 WHERE employee_id = 191;
COMMIT;

-- UPDATING EMPLOYEE SALARY 206 --
BEGIN;
UPDATE employees SET salary = salary + 3622 WHERE employee_id = 206;
COMMIT;

-- UPDATING EMPLOYEE SALARY 153 --
BEGIN;
UPDATE employees SET salary = salary + 6083 WHERE employee_id = 153;
COMMIT;

-- UPDATING EMPLOYEE SALARY 71 --
BEGIN;
UPDATE employees SET salary = salary + 6073 WHERE employee_id = 71;
COMMIT;

-- UPDATING EMPLOYEE SALARY 62 --
BEGIN;
UPDATE employees SET salary = salary + 1447 WHERE employee_id = 62;
COMMIT;

-- UPDATING EMPLOYEE SALARY 195 --
BEGIN;
UPDATE employees SET salary = salary + 8397 WHERE employee_id = 195;
COMMIT;

-- UPDATING EMPLOYEE SALARY 175 --
BEGIN;
UPDATE employees SET salary = salary + 8688 WHERE employee_id = 175;
COMMIT;

-- UPDATING EMPLOYEE SALARY 188 --
BEGIN;
UPDATE employees SET salary = salary + 2567 WHERE employee_id = 188;
COMMIT;

-- UPDATING EMPLOYEE SALARY 80 --
BEGIN;
UPDATE employees SET salary = salary + 3310 WHERE employee_id = 80;
COMMIT;

-- UPDATING EMPLOYEE SALARY 172 --
BEGIN;
UPDATE employees SET salary = salary + 4421 WHERE employee_id = 172;
COMMIT;

-- UPDATING EMPLOYEE SALARY 219 --
BEGIN;
UPDATE employees SET salary = salary + 4231 WHERE employee_id = 219;
COMMIT;

-- UPDATING EMPLOYEE SALARY 222 --
BEGIN;
UPDATE employees SET salary = salary + 5164 WHERE employee_id = 222;
COMMIT;

-- UPDATING EMPLOYEE SALARY 9 --
BEGIN;
UPDATE employees SET salary = salary + 8443 WHERE employee_id = 9;
COMMIT;

-- UPDATING EMPLOYEE SALARY 134 --
BEGIN;
UPDATE employees SET salary = salary + 692 WHERE employee_id = 134;
COMMIT;

-- UPDATING EMPLOYEE SALARY 121 --
BEGIN;
UPDATE employees SET salary = salary + 2965 WHERE employee_id = 121;
COMMIT;

-- UPDATING EMPLOYEE SALARY 141 --
BEGIN;
UPDATE employees SET salary = salary + 1976 WHERE employee_id = 141;
COMMIT;

-- UPDATING EMPLOYEE SALARY 77 --
BEGIN;
UPDATE employees SET salary = salary + 7752 WHERE employee_id = 77;
COMMIT;

-- UPDATING EMPLOYEE SALARY 73 --
BEGIN;
UPDATE employees SET salary = salary + 2446 WHERE employee_id = 73;
COMMIT;

-- UPDATING EMPLOYEE SALARY 140 --
BEGIN;
UPDATE employees SET salary = salary + 1780 WHERE employee_id = 140;
COMMIT;

-- UPDATING EMPLOYEE SALARY 65 --
BEGIN;
UPDATE employees SET salary = salary + 7332 WHERE employee_id = 65;
COMMIT;

-- UPDATING EMPLOYEE SALARY 211 --
BEGIN;
UPDATE employees SET salary = salary + 8155 WHERE employee_id = 211;
COMMIT;

-- UPDATING EMPLOYEE SALARY 49 --
BEGIN;
UPDATE employees SET salary = salary + 2240 WHERE employee_id = 49;
COMMIT;

-- UPDATING EMPLOYEE SALARY 58 --
BEGIN;
UPDATE employees SET salary = salary + 6266 WHERE employee_id = 58;
COMMIT;

-- INSERTING EMPLOYEE 238 --
BEGIN;
INSERT INTO employees (employee_id, first_name, last_name, email, phone_number, hire_date, job_id, salary,manager_id,department_id) VALUES (238, 'Nina', 'Simone', 'nina.simone@gmail.com', '555-7891', '2012-10-29', 57, 200000.00, 166, 640);
INSERT INTO dependents (dependent_id, first_name, last_name, relationship, employee_id) VALUES (709, 'Charles', 'Darwin', 'child', 238);
INSERT INTO dependents (dependent_id, first_name, last_name, relationship, employee_id) VALUES (710, 'Louis', 'Armstrong', 'parent', 238);
INSERT INTO dependents (dependent_id, first_name, last_name, relationship, employee_id) VALUES (711, 'Rachel', 'Carson', 'spouse', 238);
INSERT INTO dependents (dependent_id, first_name, last_name, relationship, employee_id) VALUES (712, 'David', 'Attenborough', 'spouse', 238);
COMMIT;

-- INSERTING EMPLOYEE 239 --
BEGIN;
INSERT INTO employees (employee_id, first_name, last_name, email, phone_number, hire_date, job_id, salary,manager_id,department_id) VALUES (239, 'Rihanna', 'Black', 'rihanna.black@gmail.com', '555-1235', '2010-11-17', 56, 240000.00, 213, 185);
INSERT INTO dependents (dependent_id, first_name, last_name, relationship, employee_id) VALUES (713, 'Stephen', 'Hawking', 'child', 239);
COMMIT;

-- INSERTING EMPLOYEE 240 --
BEGIN;
INSERT INTO employees (employee_id, first_name, last_name, email, phone_number, hire_date, job_id, salary,manager_id,department_id) VALUES (240, 'Hannah', 'Montana', 'hannah.montana@gmail.com', '555-6543', '1990-08-25', 12, 140000.00, 161, 496);
INSERT INTO dependents (dependent_id, first_name, last_name, relationship, employee_id) VALUES (714, 'Oprah', 'Winfrey', 'spouse', 240);
INSERT INTO dependents (dependent_id, first_name, last_name, relationship, employee_id) VALUES (715, 'Max', 'Planck', 'spouse', 240);
COMMIT;

-- INSERTING EMPLOYEE 241 --
BEGIN;
INSERT INTO employees (employee_id, first_name, last_name, email, phone_number, hire_date, job_id, salary,manager_id,department_id) VALUES (241, 'Paula', 'Patton', 'paula.patton@gmail.com', '555-9012', '2010-02-24', 25, 220000.00, 205, 553);
INSERT INTO dependents (dependent_id, first_name, last_name, relationship, employee_id) VALUES (716, 'Meryl', 'Streep', 'parent', 241);
INSERT INTO dependents (dependent_id, first_name, last_name, relationship, employee_id) VALUES (717, 'Barbara', 'McClintock', 'child', 241);
INSERT INTO dependents (dependent_id, first_name, last_name, relationship, employee_id) VALUES (718, 'Carl', 'Sagan', 'spouse', 241);
INSERT INTO dependents (dependent_id, first_name, last_name, relationship, employee_id) VALUES (719, 'Werner', 'Heisenberg', 'spouse', 241);
COMMIT;

-- DELETING EMPLOYEE 14 --
BEGIN;
UPDATE employees SET manager_id = 91 WHERE employee_id = 24;
UPDATE employees SET manager_id = 91 WHERE employee_id = 127;
UPDATE employees SET manager_id = 91 WHERE employee_id = 196;
DELETE FROM dependents WHERE employee_id = 14;
DELETE FROM employees WHERE employee_id = 14;
COMMIT;

-- DELETING EMPLOYEE 191 --
BEGIN;
DELETE FROM dependents WHERE employee_id = 191;
DELETE FROM employees WHERE employee_id = 191;
COMMIT;

-- DELETING EMPLOYEE 152 --
BEGIN;
UPDATE employees SET manager_id = 142 WHERE employee_id = 226;
DELETE FROM dependents WHERE employee_id = 152;
DELETE FROM employees WHERE employee_id = 152;
COMMIT;

-- INSERTING DEPENDENT 81 --
BEGIN;
INSERT INTO dependents (dependent_id, first_name, last_name, relationship, employee_id) VALUES (720, 'Galileo', 'Galilei', 'child', 81);
END;

-- INSERTING DEPENDENT 204 --
BEGIN;
INSERT INTO dependents (dependent_id, first_name, last_name, relationship, employee_id) VALUES (721, 'Barbara', 'McClintock', 'spouse', 204);
END;

-- INSERTING DEPENDENT 179 --
BEGIN;
INSERT INTO dependents (dependent_id, first_name, last_name, relationship, employee_id) VALUES (722, 'Oprah', 'Winfrey', 'spouse', 179);
END;

-- INSERTING DEPENDENT 235 --
BEGIN;
INSERT INTO dependents (dependent_id, first_name, last_name, relationship, employee_id) VALUES (723, 'Rosalind', 'Franklin', 'spouse', 235);
END;

-- DELETING DEPENDENT 114 --
BEGIN;
DELETE FROM dependents WHERE dependent_id = 114;
COMMIT;

-- DELETING DEPENDENT 602 --
BEGIN;
DELETE FROM dependents WHERE dependent_id = 602;
COMMIT;

-- DELETING DEPENDENT 716 --
BEGIN;
DELETE FROM dependents WHERE dependent_id = 716;
COMMIT;

-- UPDATING EMPLOYEE SALARY 200 --
BEGIN;
UPDATE employees SET salary = salary + 8017 WHERE employee_id = 200;
COMMIT;

-- UPDATING EMPLOYEE SALARY 176 --
BEGIN;
UPDATE employees SET salary = salary + 6549 WHERE employee_id = 176;
COMMIT;

-- UPDATING EMPLOYEE SALARY 225 --
BEGIN;
UPDATE employees SET salary = salary + 6725 WHERE employee_id = 225;
COMMIT;

-- UPDATING EMPLOYEE SALARY 135 --
BEGIN;
UPDATE employees SET salary = salary + 5782 WHERE employee_id = 135;
COMMIT;

-- UPDATING EMPLOYEE SALARY 60 --
BEGIN;
UPDATE employees SET salary = salary + 7741 WHERE employee_id = 60;
COMMIT;

-- UPDATING EMPLOYEE SALARY 228 --
BEGIN;
UPDATE employees SET salary = salary + 5843 WHERE employee_id = 228;
COMMIT;

-- UPDATING EMPLOYEE SALARY 203 --
BEGIN;
UPDATE employees SET salary = salary + 9509 WHERE employee_id = 203;
COMMIT;

-- UPDATING EMPLOYEE SALARY 171 --
BEGIN;
UPDATE employees SET salary = salary + 9988 WHERE employee_id = 171;
COMMIT;

-- UPDATING EMPLOYEE SALARY 1 --
BEGIN;
UPDATE employees SET salary = salary + 6209 WHERE employee_id = 1;
COMMIT;

-- UPDATING EMPLOYEE SALARY 235 --
BEGIN;
UPDATE employees SET salary = salary + 5466 WHERE employee_id = 235;
COMMIT;

-- UPDATING EMPLOYEE SALARY 166 --
BEGIN;
UPDATE employees SET salary = salary + 9588 WHERE employee_id = 166;
COMMIT;

-- UPDATING EMPLOYEE SALARY 151 --
BEGIN;
UPDATE employees SET salary = salary + 4691 WHERE employee_id = 151;
COMMIT;

-- UPDATING EMPLOYEE SALARY 213 --
BEGIN;
UPDATE employees SET salary = salary + 2746 WHERE employee_id = 213;
COMMIT;

-- UPDATING EMPLOYEE SALARY 240 --
BEGIN;
UPDATE employees SET salary = salary + 3262 WHERE employee_id = 240;
COMMIT;

-- UPDATING EMPLOYEE SALARY 6 --
BEGIN;
UPDATE employees SET salary = salary + 3638 WHERE employee_id = 6;
COMMIT;

-- UPDATING EMPLOYEE SALARY 207 --
BEGIN;
UPDATE employees SET salary = salary + 6394 WHERE employee_id = 207;
COMMIT;

-- UPDATING EMPLOYEE SALARY 49 --
BEGIN;
UPDATE employees SET salary = salary + 4708 WHERE employee_id = 49;
COMMIT;

-- UPDATING EMPLOYEE SALARY 194 --
BEGIN;
UPDATE employees SET salary = salary + 5717 WHERE employee_id = 194;
COMMIT;

-- UPDATING EMPLOYEE SALARY 136 --
BEGIN;
UPDATE employees SET salary = salary + 6010 WHERE employee_id = 136;
COMMIT;

-- UPDATING EMPLOYEE SALARY 92 --
BEGIN;
UPDATE employees SET salary = salary + 9747 WHERE employee_id = 92;
COMMIT;

-- UPDATING EMPLOYEE SALARY 204 --
BEGIN;
UPDATE employees SET salary = salary + 723 WHERE employee_id = 204;
COMMIT;

-- UPDATING EMPLOYEE SALARY 173 --
BEGIN;
UPDATE employees SET salary = salary + 4 WHERE employee_id = 173;
COMMIT;

-- UPDATING EMPLOYEE SALARY 186 --
BEGIN;
UPDATE employees SET salary = salary + 5757 WHERE employee_id = 186;
COMMIT;

-- UPDATING EMPLOYEE SALARY 128 --
BEGIN;
UPDATE employees SET salary = salary + 1888 WHERE employee_id = 128;
COMMIT;

-- UPDATING EMPLOYEE SALARY 90 --
BEGIN;
UPDATE employees SET salary = salary + 4264 WHERE employee_id = 90;
COMMIT;

-- UPDATING EMPLOYEE SALARY 45 --
BEGIN;
UPDATE employees SET salary = salary + 4062 WHERE employee_id = 45;
COMMIT;

-- UPDATING EMPLOYEE SALARY 136 --
BEGIN;
UPDATE employees SET salary = salary + 8115 WHERE employee_id = 136;
COMMIT;

-- UPDATING EMPLOYEE SALARY 210 --
BEGIN;
UPDATE employees SET salary = salary + 7920 WHERE employee_id = 210;
COMMIT;

-- UPDATING EMPLOYEE SALARY 1 --
BEGIN;
UPDATE employees SET salary = salary + 4110 WHERE employee_id = 1;
COMMIT;

-- UPDATING EMPLOYEE SALARY 155 --
BEGIN;
UPDATE employees SET salary = salary + 9408 WHERE employee_id = 155;
COMMIT;

-- UPDATING EMPLOYEE SALARY 224 --
BEGIN;
UPDATE employees SET salary = salary + 6518 WHERE employee_id = 224;
COMMIT;

-- UPDATING EMPLOYEE SALARY 149 --
BEGIN;
UPDATE employees SET salary = salary + 7330 WHERE employee_id = 149;
COMMIT;

-- UPDATING EMPLOYEE SALARY 202 --
BEGIN;
UPDATE employees SET salary = salary + 93 WHERE employee_id = 202;
COMMIT;

-- UPDATING EMPLOYEE SALARY 104 --
BEGIN;
UPDATE employees SET salary = salary + 6580 WHERE employee_id = 104;
COMMIT;

-- UPDATING EMPLOYEE SALARY 80 --
BEGIN;
UPDATE employees SET salary = salary + 3039 WHERE employee_id = 80;
COMMIT;

-- UPDATING EMPLOYEE SALARY 144 --
BEGIN;
UPDATE employees SET salary = salary + 7566 WHERE employee_id = 144;
COMMIT;

-- UPDATING EMPLOYEE SALARY 192 --
BEGIN;
UPDATE employees SET salary = salary + 4043 WHERE employee_id = 192;
COMMIT;

-- UPDATING EMPLOYEE SALARY 133 --
BEGIN;
UPDATE employees SET salary = salary + 4982 WHERE employee_id = 133;
COMMIT;

-- UPDATING EMPLOYEE SALARY 86 --
BEGIN;
UPDATE employees SET salary = salary + 6428 WHERE employee_id = 86;
COMMIT;

-- UPDATING EMPLOYEE SALARY 135 --
BEGIN;
UPDATE employees SET salary = salary + 6907 WHERE employee_id = 135;
COMMIT;

-- UPDATING EMPLOYEE SALARY 87 --
BEGIN;
UPDATE employees SET salary = salary + 4496 WHERE employee_id = 87;
COMMIT;

-- UPDATING EMPLOYEE SALARY 147 --
BEGIN;
UPDATE employees SET salary = salary + 8053 WHERE employee_id = 147;
COMMIT;

-- UPDATING EMPLOYEE SALARY 65 --
BEGIN;
UPDATE employees SET salary = salary + 4670 WHERE employee_id = 65;
COMMIT;

-- UPDATING EMPLOYEE SALARY 168 --
BEGIN;
UPDATE employees SET salary = salary + 6241 WHERE employee_id = 168;
COMMIT;

-- UPDATING EMPLOYEE SALARY 185 --
BEGIN;
UPDATE employees SET salary = salary + 5566 WHERE employee_id = 185;
COMMIT;

-- UPDATING EMPLOYEE SALARY 198 --
BEGIN;
UPDATE employees SET salary = salary + 2774 WHERE employee_id = 198;
COMMIT;

-- UPDATING EMPLOYEE SALARY 124 --
BEGIN;
UPDATE employees SET salary = salary + 1585 WHERE employee_id = 124;
COMMIT;

-- UPDATING EMPLOYEE SALARY 146 --
BEGIN;
UPDATE employees SET salary = salary + 243 WHERE employee_id = 146;
COMMIT;

-- UPDATING EMPLOYEE SALARY 46 --
BEGIN;
UPDATE employees SET salary = salary + 6765 WHERE employee_id = 46;
COMMIT;

-- UPDATING EMPLOYEE SALARY 45 --
BEGIN;
UPDATE employees SET salary = salary + 6152 WHERE employee_id = 45;
COMMIT;

-- UPDATING EMPLOYEE SALARY 203 --
BEGIN;
UPDATE employees SET salary = salary + 5405 WHERE employee_id = 203;
COMMIT;

-- UPDATING EMPLOYEE SALARY 126 --
BEGIN;
UPDATE employees SET salary = salary + 6450 WHERE employee_id = 126;
COMMIT;

-- UPDATING EMPLOYEE SALARY 118 --
BEGIN;
UPDATE employees SET salary = salary + 9142 WHERE employee_id = 118;
COMMIT;

-- UPDATING EMPLOYEE SALARY 224 --
BEGIN;
UPDATE employees SET salary = salary + 8246 WHERE employee_id = 224;
COMMIT;

-- UPDATING EMPLOYEE SALARY 128 --
BEGIN;
UPDATE employees SET salary = salary + 6464 WHERE employee_id = 128;
COMMIT;

-- UPDATING EMPLOYEE SALARY 184 --
BEGIN;
UPDATE employees SET salary = salary + 6825 WHERE employee_id = 184;
COMMIT;

-- UPDATING EMPLOYEE SALARY 209 --
BEGIN;
UPDATE employees SET salary = salary + 2858 WHERE employee_id = 209;
COMMIT;

-- UPDATING EMPLOYEE SALARY 208 --
BEGIN;
UPDATE employees SET salary = salary + 6289 WHERE employee_id = 208;
COMMIT;

-- UPDATING EMPLOYEE SALARY 240 --
BEGIN;
UPDATE employees SET salary = salary + 5386 WHERE employee_id = 240;
COMMIT;

-- UPDATING EMPLOYEE SALARY 223 --
BEGIN;
UPDATE employees SET salary = salary + 5850 WHERE employee_id = 223;
COMMIT;

-- UPDATING EMPLOYEE SALARY 229 --
BEGIN;
UPDATE employees SET salary = salary + 5402 WHERE employee_id = 229;
COMMIT;

-- UPDATING EMPLOYEE SALARY 180 --
BEGIN;
UPDATE employees SET salary = salary + 6746 WHERE employee_id = 180;
COMMIT;

-- UPDATING EMPLOYEE SALARY 80 --
BEGIN;
UPDATE employees SET salary = salary + 8606 WHERE employee_id = 80;
COMMIT;

-- UPDATING EMPLOYEE SALARY 91 --
BEGIN;
UPDATE employees SET salary = salary + 7474 WHERE employee_id = 91;
COMMIT;

-- UPDATING EMPLOYEE SALARY 84 --
BEGIN;
UPDATE employees SET salary = salary + 4037 WHERE employee_id = 84;
COMMIT;

-- UPDATING EMPLOYEE SALARY 240 --
BEGIN;
UPDATE employees SET salary = salary + 4239 WHERE employee_id = 240;
COMMIT;

-- UPDATING EMPLOYEE SALARY 34 --
BEGIN;
UPDATE employees SET salary = salary + 3404 WHERE employee_id = 34;
COMMIT;

-- UPDATING EMPLOYEE SALARY 200 --
BEGIN;
UPDATE employees SET salary = salary + 6552 WHERE employee_id = 200;
COMMIT;

-- UPDATING EMPLOYEE SALARY 72 --
BEGIN;
UPDATE employees SET salary = salary + 2434 WHERE employee_id = 72;
COMMIT;

-- UPDATING EMPLOYEE SALARY 160 --
BEGIN;
UPDATE employees SET salary = salary + 4492 WHERE employee_id = 160;
COMMIT;

-- UPDATING EMPLOYEE SALARY 97 --
BEGIN;
UPDATE employees SET salary = salary + 2397 WHERE employee_id = 97;
COMMIT;

-- UPDATING EMPLOYEE SALARY 212 --
BEGIN;
UPDATE employees SET salary = salary + 8357 WHERE employee_id = 212;
COMMIT;

-- UPDATING EMPLOYEE SALARY 164 --
BEGIN;
UPDATE employees SET salary = salary + 7529 WHERE employee_id = 164;
COMMIT;

-- UPDATING EMPLOYEE SALARY 71 --
BEGIN;
UPDATE employees SET salary = salary + 9659 WHERE employee_id = 71;
COMMIT;

-- UPDATING EMPLOYEE SALARY 161 --
BEGIN;
UPDATE employees SET salary = salary + 8485 WHERE employee_id = 161;
COMMIT;

-- UPDATING EMPLOYEE SALARY 211 --
BEGIN;
UPDATE employees SET salary = salary + 9589 WHERE employee_id = 211;
COMMIT;

-- UPDATING EMPLOYEE SALARY 146 --
BEGIN;
UPDATE employees SET salary = salary + 4305 WHERE employee_id = 146;
COMMIT;

-- UPDATING EMPLOYEE SALARY 240 --
BEGIN;
UPDATE employees SET salary = salary + 9301 WHERE employee_id = 240;
COMMIT;

-- UPDATING EMPLOYEE SALARY 188 --
BEGIN;
UPDATE employees SET salary = salary + 1999 WHERE employee_id = 188;
COMMIT;

-- UPDATING EMPLOYEE SALARY 161 --
BEGIN;
UPDATE employees SET salary = salary + 5853 WHERE employee_id = 161;
COMMIT;

-- UPDATING EMPLOYEE SALARY 49 --
BEGIN;
UPDATE employees SET salary = salary + 228 WHERE employee_id = 49;
COMMIT;

-- UPDATING EMPLOYEE SALARY 238 --
BEGIN;
UPDATE employees SET salary = salary + 4160 WHERE employee_id = 238;
COMMIT;

-- UPDATING EMPLOYEE SALARY 240 --
BEGIN;
UPDATE employees SET salary = salary + 250 WHERE employee_id = 240;
COMMIT;

-- UPDATING EMPLOYEE SALARY 158 --
BEGIN;
UPDATE employees SET salary = salary + 8545 WHERE employee_id = 158;
COMMIT;

-- UPDATING EMPLOYEE SALARY 117 --
BEGIN;
UPDATE employees SET salary = salary + 3786 WHERE employee_id = 117;
COMMIT;

-- UPDATING EMPLOYEE SALARY 39 --
BEGIN;
UPDATE employees SET salary = salary + 7961 WHERE employee_id = 39;
COMMIT;

-- UPDATING EMPLOYEE SALARY 240 --
BEGIN;
UPDATE employees SET salary = salary + 4453 WHERE employee_id = 240;
COMMIT;

-- UPDATING EMPLOYEE SALARY 175 --
BEGIN;
UPDATE employees SET salary = salary + 575 WHERE employee_id = 175;
COMMIT;

-- UPDATING EMPLOYEE SALARY 225 --
BEGIN;
UPDATE employees SET salary = salary + 2320 WHERE employee_id = 225;
COMMIT;

-- UPDATING EMPLOYEE SALARY 78 --
BEGIN;
UPDATE employees SET salary = salary + 8590 WHERE employee_id = 78;
COMMIT;

-- UPDATING EMPLOYEE SALARY 227 --
BEGIN;
UPDATE employees SET salary = salary + 246 WHERE employee_id = 227;
COMMIT;

-- UPDATING EMPLOYEE SALARY 81 --
BEGIN;
UPDATE employees SET salary = salary + 2866 WHERE employee_id = 81;
COMMIT;

-- UPDATING EMPLOYEE SALARY 187 --
BEGIN;
UPDATE employees SET salary = salary + 8639 WHERE employee_id = 187;
COMMIT;

-- UPDATING EMPLOYEE SALARY 77 --
BEGIN;
UPDATE employees SET salary = salary + 9532 WHERE employee_id = 77;
COMMIT;

-- UPDATING EMPLOYEE SALARY 221 --
BEGIN;
UPDATE employees SET salary = salary + 9687 WHERE employee_id = 221;
COMMIT;

-- UPDATING EMPLOYEE SALARY 146 --
BEGIN;
UPDATE employees SET salary = salary + 826 WHERE employee_id = 146;
COMMIT;

-- UPDATING EMPLOYEE SALARY 131 --
BEGIN;
UPDATE employees SET salary = salary + 1257 WHERE employee_id = 131;
COMMIT;

-- UPDATING EMPLOYEE SALARY 239 --
BEGIN;
UPDATE employees SET salary = salary + 9234 WHERE employee_id = 239;
COMMIT;

-- UPDATING EMPLOYEE SALARY 45 --
BEGIN;
UPDATE employees SET salary = salary + 3501 WHERE employee_id = 45;
COMMIT;

-- UPDATING EMPLOYEE SALARY 33 --
BEGIN;
UPDATE employees SET salary = salary + 2088 WHERE employee_id = 33;
COMMIT;

-- UPDATING EMPLOYEE SALARY 158 --
BEGIN;
UPDATE employees SET salary = salary + 1926 WHERE employee_id = 158;
COMMIT;

-- UPDATING EMPLOYEE SALARY 59 --
BEGIN;
UPDATE employees SET salary = salary + 2915 WHERE employee_id = 59;
COMMIT;

-- UPDATING EMPLOYEE SALARY 81 --
BEGIN;
UPDATE employees SET salary = salary + 9887 WHERE employee_id = 81;
COMMIT;

-- UPDATING EMPLOYEE SALARY 104 --
BEGIN;
UPDATE employees SET salary = salary + 6027 WHERE employee_id = 104;
COMMIT;

-- UPDATING EMPLOYEE SALARY 97 --
BEGIN;
UPDATE employees SET salary = salary + 5874 WHERE employee_id = 97;
COMMIT;

-- UPDATING EMPLOYEE SALARY 127 --
BEGIN;
UPDATE employees SET salary = salary + 4563 WHERE employee_id = 127;
COMMIT;

-- UPDATING EMPLOYEE SALARY 64 --
BEGIN;
UPDATE employees SET salary = salary + 6542 WHERE employee_id = 64;
COMMIT;

-- UPDATING EMPLOYEE SALARY 130 --
BEGIN;
UPDATE employees SET salary = salary + 4301 WHERE employee_id = 130;
COMMIT;

-- UPDATING EMPLOYEE SALARY 232 --
BEGIN;
UPDATE employees SET salary = salary + 3923 WHERE employee_id = 232;
COMMIT;

-- UPDATING EMPLOYEE SALARY 61 --
BEGIN;
UPDATE employees SET salary = salary + 1779 WHERE employee_id = 61;
COMMIT;

-- UPDATING EMPLOYEE SALARY 180 --
BEGIN;
UPDATE employees SET salary = salary + 9920 WHERE employee_id = 180;
COMMIT;

-- UPDATING EMPLOYEE SALARY 86 --
BEGIN;
UPDATE employees SET salary = salary + 6725 WHERE employee_id = 86;
COMMIT;

-- UPDATING EMPLOYEE SALARY 141 --
BEGIN;
UPDATE employees SET salary = salary + 7437 WHERE employee_id = 141;
COMMIT;

-- UPDATING EMPLOYEE SALARY 194 --
BEGIN;
UPDATE employees SET salary = salary + 2910 WHERE employee_id = 194;
COMMIT;

-- UPDATING EMPLOYEE SALARY 222 --
BEGIN;
UPDATE employees SET salary = salary + 4559 WHERE employee_id = 222;
COMMIT;

-- UPDATING EMPLOYEE SALARY 118 --
BEGIN;
UPDATE employees SET salary = salary + 1510 WHERE employee_id = 118;
COMMIT;

-- UPDATING EMPLOYEE SALARY 11 --
BEGIN;
UPDATE employees SET salary = salary + 662 WHERE employee_id = 11;
COMMIT;

-- UPDATING EMPLOYEE SALARY 197 --
BEGIN;
UPDATE employees SET salary = salary + 8596 WHERE employee_id = 197;
COMMIT;

-- UPDATING EMPLOYEE SALARY 205 --
BEGIN;
UPDATE employees SET salary = salary + 1834 WHERE employee_id = 205;
COMMIT;

-- UPDATING EMPLOYEE SALARY 194 --
BEGIN;
UPDATE employees SET salary = salary + 5194 WHERE employee_id = 194;
COMMIT;

-- UPDATING EMPLOYEE SALARY 169 --
BEGIN;
UPDATE employees SET salary = salary + 3709 WHERE employee_id = 169;
COMMIT;

-- UPDATING EMPLOYEE SALARY 27 --
BEGIN;
UPDATE employees SET salary = salary + 3452 WHERE employee_id = 27;
COMMIT;

-- UPDATING EMPLOYEE SALARY 198 --
BEGIN;
UPDATE employees SET salary = salary + 780 WHERE employee_id = 198;
COMMIT;

-- UPDATING EMPLOYEE SALARY 9 --
BEGIN;
UPDATE employees SET salary = salary + 1002 WHERE employee_id = 9;
COMMIT;

-- UPDATING EMPLOYEE SALARY 37 --
BEGIN;
UPDATE employees SET salary = salary + 2698 WHERE employee_id = 37;
COMMIT;

-- UPDATING EMPLOYEE SALARY 33 --
BEGIN;
UPDATE employees SET salary = salary + 970 WHERE employee_id = 33;
COMMIT;

-- INSERTING EMPLOYEE 242 --
BEGIN;
INSERT INTO employees (employee_id, first_name, last_name, email, phone_number, hire_date, job_id, salary,manager_id,department_id) VALUES (242, 'Ethan', 'Hunt', 'ethan.hunt@gmail.com', '555-7890', '2009-11-05', 33, 110000.00, 208, 397);
COMMIT;

-- INSERTING EMPLOYEE 243 --
BEGIN;
INSERT INTO employees (employee_id, first_name, last_name, email, phone_number, hire_date, job_id, salary,manager_id,department_id) VALUES (243, 'Zoe', 'Saldana', 'zoe.saldana@gmail.com', '555-5670', '2017-07-28', 41, 380000.00, 9, 518);
INSERT INTO dependents (dependent_id, first_name, last_name, relationship, employee_id) VALUES (724, 'Robert', 'Redford', 'spouse', 243);
INSERT INTO dependents (dependent_id, first_name, last_name, relationship, employee_id) VALUES (725, 'Dorothy', 'Hodgkin', 'child', 243);
INSERT INTO dependents (dependent_id, first_name, last_name, relationship, employee_id) VALUES (726, 'Rachel', 'Carson', 'child', 243);
INSERT INTO dependents (dependent_id, first_name, last_name, relationship, employee_id) VALUES (727, 'Alex', 'Rodriguez', 'spouse', 243);
COMMIT;

-- INSERTING EMPLOYEE 244 --
BEGIN;
INSERT INTO employees (employee_id, first_name, last_name, email, phone_number, hire_date, job_id, salary,manager_id,department_id) VALUES (244, 'George', 'Clooney', 'george.clooney@gmail.com', '555-0987', '2023-09-06', 50, 130000.00, 81, 425);
COMMIT;

-- INSERTING EMPLOYEE 245 --
BEGIN;
INSERT INTO employees (employee_id, first_name, last_name, email, phone_number, hire_date, job_id, salary,manager_id,department_id) VALUES (245, 'Ian', 'Malcolm', 'ian.malcolm@gmail.com', '555-3210', '2010-03-02', 37, 150000.00, 87, 435);
INSERT INTO dependents (dependent_id, first_name, last_name, relationship, employee_id) VALUES (728, 'Katherine', 'Johnson', 'spouse', 245);
COMMIT;

-- DELETING EMPLOYEE 244 --
BEGIN;
DELETE FROM dependents WHERE employee_id = 244;
DELETE FROM employees WHERE employee_id = 244;
COMMIT;

-- INSERTING DEPENDENT 241 --
BEGIN;
INSERT INTO dependents (dependent_id, first_name, last_name, relationship, employee_id) VALUES (729, 'Queen', 'Latifah', 'spouse', 241);
END;

-- INSERTING DEPENDENT 190 --
BEGIN;
INSERT INTO dependents (dependent_id, first_name, last_name, relationship, employee_id) VALUES (730, 'James', 'Maxwell', 'parent', 190);
END;

-- INSERTING DEPENDENT 206 --
BEGIN;
INSERT INTO dependents (dependent_id, first_name, last_name, relationship, employee_id) VALUES (731, 'Grace', 'Hopper', 'parent', 206);
END;

-- INSERTING DEPENDENT 176 --
BEGIN;
INSERT INTO dependents (dependent_id, first_name, last_name, relationship, employee_id) VALUES (732, 'Nikola', 'Tesla', 'spouse', 176);
END;

-- DELETING DEPENDENT 40 --
BEGIN;
DELETE FROM dependents WHERE dependent_id = 40;
COMMIT;

-- UPDATING EMPLOYEE SALARY 218 --
BEGIN;
UPDATE employees SET salary = salary + 7624 WHERE employee_id = 218;
COMMIT;

-- UPDATING EMPLOYEE SALARY 213 --
BEGIN;
UPDATE employees SET salary = salary + 6654 WHERE employee_id = 213;
COMMIT;

-- UPDATING EMPLOYEE SALARY 180 --
BEGIN;
UPDATE employees SET salary = salary + 5602 WHERE employee_id = 180;
COMMIT;

-- UPDATING EMPLOYEE SALARY 35 --
BEGIN;
UPDATE employees SET salary = salary + 2658 WHERE employee_id = 35;
COMMIT;

-- UPDATING EMPLOYEE SALARY 188 --
BEGIN;
UPDATE employees SET salary = salary + 315 WHERE employee_id = 188;
COMMIT;

-- UPDATING EMPLOYEE SALARY 213 --
BEGIN;
UPDATE employees SET salary = salary + 2895 WHERE employee_id = 213;
COMMIT;

-- UPDATING EMPLOYEE SALARY 206 --
BEGIN;
UPDATE employees SET salary = salary + 677 WHERE employee_id = 206;
COMMIT;

-- UPDATING EMPLOYEE SALARY 210 --
BEGIN;
UPDATE employees SET salary = salary + 7635 WHERE employee_id = 210;
COMMIT;

-- UPDATING EMPLOYEE SALARY 216 --
BEGIN;
UPDATE employees SET salary = salary + 8761 WHERE employee_id = 216;
COMMIT;

-- UPDATING EMPLOYEE SALARY 67 --
BEGIN;
UPDATE employees SET salary = salary + 9651 WHERE employee_id = 67;
COMMIT;

-- UPDATING EMPLOYEE SALARY 27 --
BEGIN;
UPDATE employees SET salary = salary + 8910 WHERE employee_id = 27;
COMMIT;

-- UPDATING EMPLOYEE SALARY 163 --
BEGIN;
UPDATE employees SET salary = salary + 9282 WHERE employee_id = 163;
COMMIT;

-- UPDATING EMPLOYEE SALARY 194 --
BEGIN;
UPDATE employees SET salary = salary + 7887 WHERE employee_id = 194;
COMMIT;

-- UPDATING EMPLOYEE SALARY 154 --
BEGIN;
UPDATE employees SET salary = salary + 1388 WHERE employee_id = 154;
COMMIT;

-- UPDATING EMPLOYEE SALARY 234 --
BEGIN;
UPDATE employees SET salary = salary + 2053 WHERE employee_id = 234;
COMMIT;

-- UPDATING EMPLOYEE SALARY 204 --
BEGIN;
UPDATE employees SET salary = salary + 8227 WHERE employee_id = 204;
COMMIT;

-- UPDATING EMPLOYEE SALARY 87 --
BEGIN;
UPDATE employees SET salary = salary + 3480 WHERE employee_id = 87;
COMMIT;

-- UPDATING EMPLOYEE SALARY 185 --
BEGIN;
UPDATE employees SET salary = salary + 4737 WHERE employee_id = 185;
COMMIT;

-- UPDATING EMPLOYEE SALARY 201 --
BEGIN;
UPDATE employees SET salary = salary + 5773 WHERE employee_id = 201;
COMMIT;

-- UPDATING EMPLOYEE SALARY 213 --
BEGIN;
UPDATE employees SET salary = salary + 6599 WHERE employee_id = 213;
COMMIT;

-- UPDATING EMPLOYEE SALARY 230 --
BEGIN;
UPDATE employees SET salary = salary + 6667 WHERE employee_id = 230;
COMMIT;

-- UPDATING EMPLOYEE SALARY 178 --
BEGIN;
UPDATE employees SET salary = salary + 6636 WHERE employee_id = 178;
COMMIT;

-- UPDATING EMPLOYEE SALARY 103 --
BEGIN;
UPDATE employees SET salary = salary + 5760 WHERE employee_id = 103;
COMMIT;

-- UPDATING EMPLOYEE SALARY 103 --
BEGIN;
UPDATE employees SET salary = salary + 3488 WHERE employee_id = 103;
COMMIT;

-- UPDATING EMPLOYEE SALARY 35 --
BEGIN;
UPDATE employees SET salary = salary + 353 WHERE employee_id = 35;
COMMIT;

-- UPDATING EMPLOYEE SALARY 172 --
BEGIN;
UPDATE employees SET salary = salary + 4497 WHERE employee_id = 172;
COMMIT;

-- UPDATING EMPLOYEE SALARY 131 --
BEGIN;
UPDATE employees SET salary = salary + 8554 WHERE employee_id = 131;
COMMIT;

-- UPDATING EMPLOYEE SALARY 148 --
BEGIN;
UPDATE employees SET salary = salary + 8420 WHERE employee_id = 148;
COMMIT;

-- UPDATING EMPLOYEE SALARY 123 --
BEGIN;
UPDATE employees SET salary = salary + 4381 WHERE employee_id = 123;
COMMIT;

-- UPDATING EMPLOYEE SALARY 131 --
BEGIN;
UPDATE employees SET salary = salary + 5394 WHERE employee_id = 131;
COMMIT;

-- UPDATING EMPLOYEE SALARY 36 --
BEGIN;
UPDATE employees SET salary = salary + 2867 WHERE employee_id = 36;
COMMIT;

-- UPDATING EMPLOYEE SALARY 46 --
BEGIN;
UPDATE employees SET salary = salary + 7969 WHERE employee_id = 46;
COMMIT;

-- UPDATING EMPLOYEE SALARY 169 --
BEGIN;
UPDATE employees SET salary = salary + 869 WHERE employee_id = 169;
COMMIT;

-- UPDATING EMPLOYEE SALARY 163 --
BEGIN;
UPDATE employees SET salary = salary + 6137 WHERE employee_id = 163;
COMMIT;

-- UPDATING EMPLOYEE SALARY 227 --
BEGIN;
UPDATE employees SET salary = salary + 4258 WHERE employee_id = 227;
COMMIT;

-- UPDATING EMPLOYEE SALARY 143 --
BEGIN;
UPDATE employees SET salary = salary + 4898 WHERE employee_id = 143;
COMMIT;

-- UPDATING EMPLOYEE SALARY 27 --
BEGIN;
UPDATE employees SET salary = salary + 6712 WHERE employee_id = 27;
COMMIT;

-- UPDATING EMPLOYEE SALARY 215 --
BEGIN;
UPDATE employees SET salary = salary + 2114 WHERE employee_id = 215;
COMMIT;

-- UPDATING EMPLOYEE SALARY 103 --
BEGIN;
UPDATE employees SET salary = salary + 9679 WHERE employee_id = 103;
COMMIT;

-- UPDATING EMPLOYEE SALARY 133 --
BEGIN;
UPDATE employees SET salary = salary + 7924 WHERE employee_id = 133;
COMMIT;

-- UPDATING EMPLOYEE SALARY 202 --
BEGIN;
UPDATE employees SET salary = salary + 263 WHERE employee_id = 202;
COMMIT;

-- UPDATING EMPLOYEE SALARY 192 --
BEGIN;
UPDATE employees SET salary = salary + 7922 WHERE employee_id = 192;
COMMIT;

-- UPDATING EMPLOYEE SALARY 194 --
BEGIN;
UPDATE employees SET salary = salary + 2796 WHERE employee_id = 194;
COMMIT;

-- UPDATING EMPLOYEE SALARY 175 --
BEGIN;
UPDATE employees SET salary = salary + 5702 WHERE employee_id = 175;
COMMIT;

-- UPDATING EMPLOYEE SALARY 136 --
BEGIN;
UPDATE employees SET salary = salary + 9640 WHERE employee_id = 136;
COMMIT;

-- UPDATING EMPLOYEE SALARY 1 --
BEGIN;
UPDATE employees SET salary = salary + 9821 WHERE employee_id = 1;
COMMIT;

-- UPDATING EMPLOYEE SALARY 87 --
BEGIN;
UPDATE employees SET salary = salary + 8845 WHERE employee_id = 87;
COMMIT;

-- UPDATING EMPLOYEE SALARY 35 --
BEGIN;
UPDATE employees SET salary = salary + 8732 WHERE employee_id = 35;
COMMIT;

-- UPDATING EMPLOYEE SALARY 124 --
BEGIN;
UPDATE employees SET salary = salary + 335 WHERE employee_id = 124;
COMMIT;

-- UPDATING EMPLOYEE SALARY 149 --
BEGIN;
UPDATE employees SET salary = salary + 1277 WHERE employee_id = 149;
COMMIT;

-- UPDATING EMPLOYEE SALARY 67 --
BEGIN;
UPDATE employees SET salary = salary + 6122 WHERE employee_id = 67;
COMMIT;

-- UPDATING EMPLOYEE SALARY 195 --
BEGIN;
UPDATE employees SET salary = salary + 2264 WHERE employee_id = 195;
COMMIT;

-- UPDATING EMPLOYEE SALARY 36 --
BEGIN;
UPDATE employees SET salary = salary + 2949 WHERE employee_id = 36;
COMMIT;

-- UPDATING EMPLOYEE SALARY 143 --
BEGIN;
UPDATE employees SET salary = salary + 7342 WHERE employee_id = 143;
COMMIT;

-- UPDATING EMPLOYEE SALARY 184 --
BEGIN;
UPDATE employees SET salary = salary + 8159 WHERE employee_id = 184;
COMMIT;

-- UPDATING EMPLOYEE SALARY 131 --
BEGIN;
UPDATE employees SET salary = salary + 7749 WHERE employee_id = 131;
COMMIT;

-- UPDATING EMPLOYEE SALARY 35 --
BEGIN;
UPDATE employees SET salary = salary + 457 WHERE employee_id = 35;
COMMIT;

-- UPDATING EMPLOYEE SALARY 104 --
BEGIN;
UPDATE employees SET salary = salary + 6615 WHERE employee_id = 104;
COMMIT;

-- UPDATING EMPLOYEE SALARY 220 --
BEGIN;
UPDATE employees SET salary = salary + 2773 WHERE employee_id = 220;
COMMIT;

-- UPDATING EMPLOYEE SALARY 77 --
BEGIN;
UPDATE employees SET salary = salary + 8473 WHERE employee_id = 77;
COMMIT;

-- UPDATING EMPLOYEE SALARY 182 --
BEGIN;
UPDATE employees SET salary = salary + 9455 WHERE employee_id = 182;
COMMIT;

-- UPDATING EMPLOYEE SALARY 66 --
BEGIN;
UPDATE employees SET salary = salary + 8684 WHERE employee_id = 66;
COMMIT;

-- UPDATING EMPLOYEE SALARY 210 --
BEGIN;
UPDATE employees SET salary = salary + 2531 WHERE employee_id = 210;
COMMIT;

-- UPDATING EMPLOYEE SALARY 100 --
BEGIN;
UPDATE employees SET salary = salary + 6811 WHERE employee_id = 100;
COMMIT;

-- UPDATING EMPLOYEE SALARY 44 --
BEGIN;
UPDATE employees SET salary = salary + 6311 WHERE employee_id = 44;
COMMIT;

-- UPDATING EMPLOYEE SALARY 183 --
BEGIN;
UPDATE employees SET salary = salary + 5770 WHERE employee_id = 183;
COMMIT;

-- UPDATING EMPLOYEE SALARY 64 --
BEGIN;
UPDATE employees SET salary = salary + 7236 WHERE employee_id = 64;
COMMIT;

-- UPDATING EMPLOYEE SALARY 44 --
BEGIN;
UPDATE employees SET salary = salary + 4813 WHERE employee_id = 44;
COMMIT;

-- UPDATING EMPLOYEE SALARY 224 --
BEGIN;
UPDATE employees SET salary = salary + 6572 WHERE employee_id = 224;
COMMIT;

-- UPDATING EMPLOYEE SALARY 103 --
BEGIN;
UPDATE employees SET salary = salary + 6896 WHERE employee_id = 103;
COMMIT;

-- UPDATING EMPLOYEE SALARY 27 --
BEGIN;
UPDATE employees SET salary = salary + 3568 WHERE employee_id = 27;
COMMIT;

-- UPDATING EMPLOYEE SALARY 59 --
BEGIN;
UPDATE employees SET salary = salary + 3918 WHERE employee_id = 59;
COMMIT;

-- UPDATING EMPLOYEE SALARY 85 --
BEGIN;
UPDATE employees SET salary = salary + 896 WHERE employee_id = 85;
COMMIT;

-- UPDATING EMPLOYEE SALARY 123 --
BEGIN;
UPDATE employees SET salary = salary + 1013 WHERE employee_id = 123;
COMMIT;

-- UPDATING EMPLOYEE SALARY 220 --
BEGIN;
UPDATE employees SET salary = salary + 2198 WHERE employee_id = 220;
COMMIT;

-- UPDATING EMPLOYEE SALARY 174 --
BEGIN;
UPDATE employees SET salary = salary + 9763 WHERE employee_id = 174;
COMMIT;

-- UPDATING EMPLOYEE SALARY 26 --
BEGIN;
UPDATE employees SET salary = salary + 3288 WHERE employee_id = 26;
COMMIT;

-- UPDATING EMPLOYEE SALARY 87 --
BEGIN;
UPDATE employees SET salary = salary + 4171 WHERE employee_id = 87;
COMMIT;

-- UPDATING EMPLOYEE SALARY 118 --
BEGIN;
UPDATE employees SET salary = salary + 7256 WHERE employee_id = 118;
COMMIT;

-- UPDATING EMPLOYEE SALARY 182 --
BEGIN;
UPDATE employees SET salary = salary + 3573 WHERE employee_id = 182;
COMMIT;

-- UPDATING EMPLOYEE SALARY 88 --
BEGIN;
UPDATE employees SET salary = salary + 1486 WHERE employee_id = 88;
COMMIT;

-- UPDATING EMPLOYEE SALARY 177 --
BEGIN;
UPDATE employees SET salary = salary + 182 WHERE employee_id = 177;
COMMIT;

-- UPDATING EMPLOYEE SALARY 190 --
BEGIN;
UPDATE employees SET salary = salary + 5024 WHERE employee_id = 190;
COMMIT;

-- UPDATING EMPLOYEE SALARY 161 --
BEGIN;
UPDATE employees SET salary = salary + 2117 WHERE employee_id = 161;
COMMIT;

-- UPDATING EMPLOYEE SALARY 213 --
BEGIN;
UPDATE employees SET salary = salary + 2136 WHERE employee_id = 213;
COMMIT;

-- UPDATING EMPLOYEE SALARY 206 --
BEGIN;
UPDATE employees SET salary = salary + 3657 WHERE employee_id = 206;
COMMIT;

-- UPDATING EMPLOYEE SALARY 17 --
BEGIN;
UPDATE employees SET salary = salary + 7101 WHERE employee_id = 17;
COMMIT;

-- UPDATING EMPLOYEE SALARY 39 --
BEGIN;
UPDATE employees SET salary = salary + 497 WHERE employee_id = 39;
COMMIT;

-- UPDATING EMPLOYEE SALARY 228 --
BEGIN;
UPDATE employees SET salary = salary + 4802 WHERE employee_id = 228;
COMMIT;

-- UPDATING EMPLOYEE SALARY 165 --
BEGIN;
UPDATE employees SET salary = salary + 8289 WHERE employee_id = 165;
COMMIT;

-- UPDATING EMPLOYEE SALARY 147 --
BEGIN;
UPDATE employees SET salary = salary + 5228 WHERE employee_id = 147;
COMMIT;

-- UPDATING EMPLOYEE SALARY 214 --
BEGIN;
UPDATE employees SET salary = salary + 800 WHERE employee_id = 214;
COMMIT;

-- UPDATING EMPLOYEE SALARY 161 --
BEGIN;
UPDATE employees SET salary = salary + 7267 WHERE employee_id = 161;
COMMIT;

-- UPDATING EMPLOYEE SALARY 220 --
BEGIN;
UPDATE employees SET salary = salary + 4622 WHERE employee_id = 220;
COMMIT;

-- UPDATING EMPLOYEE SALARY 218 --
BEGIN;
UPDATE employees SET salary = salary + 7015 WHERE employee_id = 218;
COMMIT;

-- UPDATING EMPLOYEE SALARY 92 --
BEGIN;
UPDATE employees SET salary = salary + 4630 WHERE employee_id = 92;
COMMIT;

-- UPDATING EMPLOYEE SALARY 137 --
BEGIN;
UPDATE employees SET salary = salary + 6004 WHERE employee_id = 137;
COMMIT;

-- UPDATING EMPLOYEE SALARY 153 --
BEGIN;
UPDATE employees SET salary = salary + 7213 WHERE employee_id = 153;
COMMIT;

-- UPDATING EMPLOYEE SALARY 166 --
BEGIN;
UPDATE employees SET salary = salary + 3687 WHERE employee_id = 166;
COMMIT;

-- UPDATING EMPLOYEE SALARY 34 --
BEGIN;
UPDATE employees SET salary = salary + 7872 WHERE employee_id = 34;
COMMIT;

-- UPDATING EMPLOYEE SALARY 208 --
BEGIN;
UPDATE employees SET salary = salary + 9948 WHERE employee_id = 208;
COMMIT;

-- UPDATING EMPLOYEE SALARY 235 --
BEGIN;
UPDATE employees SET salary = salary + 3375 WHERE employee_id = 235;
COMMIT;

-- UPDATING EMPLOYEE SALARY 27 --
BEGIN;
UPDATE employees SET salary = salary + 8212 WHERE employee_id = 27;
COMMIT;

-- UPDATING EMPLOYEE SALARY 68 --
BEGIN;
UPDATE employees SET salary = salary + 5502 WHERE employee_id = 68;
COMMIT;

-- UPDATING EMPLOYEE SALARY 123 --
BEGIN;
UPDATE employees SET salary = salary + 2621 WHERE employee_id = 123;
COMMIT;

-- UPDATING EMPLOYEE SALARY 150 --
BEGIN;
UPDATE employees SET salary = salary + 5252 WHERE employee_id = 150;
COMMIT;

-- UPDATING EMPLOYEE SALARY 108 --
BEGIN;
UPDATE employees SET salary = salary + 2239 WHERE employee_id = 108;
COMMIT;

-- UPDATING EMPLOYEE SALARY 39 --
BEGIN;
UPDATE employees SET salary = salary + 8941 WHERE employee_id = 39;
COMMIT;

-- UPDATING EMPLOYEE SALARY 216 --
BEGIN;
UPDATE employees SET salary = salary + 5518 WHERE employee_id = 216;
COMMIT;

-- UPDATING EMPLOYEE SALARY 236 --
BEGIN;
UPDATE employees SET salary = salary + 4595 WHERE employee_id = 236;
COMMIT;

-- UPDATING EMPLOYEE SALARY 147 --
BEGIN;
UPDATE employees SET salary = salary + 6255 WHERE employee_id = 147;
COMMIT;

-- UPDATING EMPLOYEE SALARY 86 --
BEGIN;
UPDATE employees SET salary = salary + 6203 WHERE employee_id = 86;
COMMIT;

-- UPDATING EMPLOYEE SALARY 124 --
BEGIN;
UPDATE employees SET salary = salary + 2135 WHERE employee_id = 124;
COMMIT;

-- UPDATING EMPLOYEE SALARY 186 --
BEGIN;
UPDATE employees SET salary = salary + 8937 WHERE employee_id = 186;
COMMIT;

-- UPDATING EMPLOYEE SALARY 153 --
BEGIN;
UPDATE employees SET salary = salary + 6602 WHERE employee_id = 153;
COMMIT;

-- UPDATING EMPLOYEE SALARY 85 --
BEGIN;
UPDATE employees SET salary = salary + 4263 WHERE employee_id = 85;
COMMIT;

-- UPDATING EMPLOYEE SALARY 17 --
BEGIN;
UPDATE employees SET salary = salary + 8999 WHERE employee_id = 17;
COMMIT;

-- UPDATING EMPLOYEE SALARY 170 --
BEGIN;
UPDATE employees SET salary = salary + 9731 WHERE employee_id = 170;
COMMIT;

-- UPDATING EMPLOYEE SALARY 215 --
BEGIN;
UPDATE employees SET salary = salary + 1275 WHERE employee_id = 215;
COMMIT;

-- UPDATING EMPLOYEE SALARY 167 --
BEGIN;
UPDATE employees SET salary = salary + 2917 WHERE employee_id = 167;
COMMIT;

-- UPDATING EMPLOYEE SALARY 133 --
BEGIN;
UPDATE employees SET salary = salary + 6928 WHERE employee_id = 133;
COMMIT;

-- UPDATING EMPLOYEE SALARY 134 --
BEGIN;
UPDATE employees SET salary = salary + 903 WHERE employee_id = 134;
COMMIT;

-- UPDATING EMPLOYEE SALARY 106 --
BEGIN;
UPDATE employees SET salary = salary + 415 WHERE employee_id = 106;
COMMIT;

-- UPDATING EMPLOYEE SALARY 35 --
BEGIN;
UPDATE employees SET salary = salary + 3997 WHERE employee_id = 35;
COMMIT;

-- UPDATING EMPLOYEE SALARY 203 --
BEGIN;
UPDATE employees SET salary = salary + 4729 WHERE employee_id = 203;
COMMIT;

-- UPDATING EMPLOYEE SALARY 65 --
BEGIN;
UPDATE employees SET salary = salary + 9153 WHERE employee_id = 65;
COMMIT;

-- UPDATING EMPLOYEE SALARY 36 --
BEGIN;
UPDATE employees SET salary = salary + 8870 WHERE employee_id = 36;
COMMIT;

-- UPDATING EMPLOYEE SALARY 190 --
BEGIN;
UPDATE employees SET salary = salary + 5699 WHERE employee_id = 190;
COMMIT;

-- UPDATING EMPLOYEE SALARY 151 --
BEGIN;
UPDATE employees SET salary = salary + 3369 WHERE employee_id = 151;
COMMIT;

-- UPDATING EMPLOYEE SALARY 241 --
BEGIN;
UPDATE employees SET salary = salary + 1355 WHERE employee_id = 241;
COMMIT;

-- UPDATING EMPLOYEE SALARY 93 --
BEGIN;
UPDATE employees SET salary = salary + 5380 WHERE employee_id = 93;
COMMIT;

-- UPDATING EMPLOYEE SALARY 237 --
BEGIN;
UPDATE employees SET salary = salary + 2841 WHERE employee_id = 237;
COMMIT;

-- UPDATING EMPLOYEE SALARY 212 --
BEGIN;
UPDATE employees SET salary = salary + 6513 WHERE employee_id = 212;
COMMIT;

-- UPDATING EMPLOYEE SALARY 225 --
BEGIN;
UPDATE employees SET salary = salary + 6926 WHERE employee_id = 225;
COMMIT;

-- UPDATING EMPLOYEE SALARY 239 --
BEGIN;
UPDATE employees SET salary = salary + 8432 WHERE employee_id = 239;
COMMIT;

-- UPDATING EMPLOYEE SALARY 218 --
BEGIN;
UPDATE employees SET salary = salary + 9283 WHERE employee_id = 218;
COMMIT;

-- UPDATING EMPLOYEE SALARY 189 --
BEGIN;
UPDATE employees SET salary = salary + 5036 WHERE employee_id = 189;
COMMIT;

-- UPDATING EMPLOYEE SALARY 236 --
BEGIN;
UPDATE employees SET salary = salary + 671 WHERE employee_id = 236;
COMMIT;

-- UPDATING EMPLOYEE SALARY 209 --
BEGIN;
UPDATE employees SET salary = salary + 1771 WHERE employee_id = 209;
COMMIT;

-- UPDATING EMPLOYEE SALARY 126 --
BEGIN;
UPDATE employees SET salary = salary + 3389 WHERE employee_id = 126;
COMMIT;

-- UPDATING EMPLOYEE SALARY 239 --
BEGIN;
UPDATE employees SET salary = salary + 8921 WHERE employee_id = 239;
COMMIT;

-- UPDATING EMPLOYEE SALARY 68 --
BEGIN;
UPDATE employees SET salary = salary + 6021 WHERE employee_id = 68;
COMMIT;

-- UPDATING EMPLOYEE SALARY 91 --
BEGIN;
UPDATE employees SET salary = salary + 7563 WHERE employee_id = 91;
COMMIT;

-- UPDATING EMPLOYEE SALARY 64 --
BEGIN;
UPDATE employees SET salary = salary + 2291 WHERE employee_id = 64;
COMMIT;

-- UPDATING EMPLOYEE SALARY 119 --
BEGIN;
UPDATE employees SET salary = salary + 8647 WHERE employee_id = 119;
COMMIT;

-- UPDATING EMPLOYEE SALARY 59 --
BEGIN;
UPDATE employees SET salary = salary + 1975 WHERE employee_id = 59;
COMMIT;

-- UPDATING EMPLOYEE SALARY 205 --
BEGIN;
UPDATE employees SET salary = salary + 2237 WHERE employee_id = 205;
COMMIT;

-- UPDATING EMPLOYEE SALARY 64 --
BEGIN;
UPDATE employees SET salary = salary + 1012 WHERE employee_id = 64;
COMMIT;

-- UPDATING EMPLOYEE SALARY 214 --
BEGIN;
UPDATE employees SET salary = salary + 5942 WHERE employee_id = 214;
COMMIT;

-- UPDATING EMPLOYEE SALARY 80 --
BEGIN;
UPDATE employees SET salary = salary + 2475 WHERE employee_id = 80;
COMMIT;

-- UPDATING EMPLOYEE SALARY 238 --
BEGIN;
UPDATE employees SET salary = salary + 9344 WHERE employee_id = 238;
COMMIT;

-- UPDATING EMPLOYEE SALARY 84 --
BEGIN;
UPDATE employees SET salary = salary + 6715 WHERE employee_id = 84;
COMMIT;

-- UPDATING EMPLOYEE SALARY 61 --
BEGIN;
UPDATE employees SET salary = salary + 1620 WHERE employee_id = 61;
COMMIT;

-- UPDATING EMPLOYEE SALARY 59 --
BEGIN;
UPDATE employees SET salary = salary + 5691 WHERE employee_id = 59;
COMMIT;

-- UPDATING EMPLOYEE SALARY 219 --
BEGIN;
UPDATE employees SET salary = salary + 3878 WHERE employee_id = 219;
COMMIT;

-- UPDATING EMPLOYEE SALARY 151 --
BEGIN;
UPDATE employees SET salary = salary + 7398 WHERE employee_id = 151;
COMMIT;

-- UPDATING EMPLOYEE SALARY 172 --
BEGIN;
UPDATE employees SET salary = salary + 7319 WHERE employee_id = 172;
COMMIT;

-- UPDATING EMPLOYEE SALARY 187 --
BEGIN;
UPDATE employees SET salary = salary + 4381 WHERE employee_id = 187;
COMMIT;

-- UPDATING EMPLOYEE SALARY 134 --
BEGIN;
UPDATE employees SET salary = salary + 4701 WHERE employee_id = 134;
COMMIT;

-- UPDATING EMPLOYEE SALARY 61 --
BEGIN;
UPDATE employees SET salary = salary + 2359 WHERE employee_id = 61;
COMMIT;

-- UPDATING EMPLOYEE SALARY 186 --
BEGIN;
UPDATE employees SET salary = salary + 3127 WHERE employee_id = 186;
COMMIT;

-- UPDATING EMPLOYEE SALARY 27 --
BEGIN;
UPDATE employees SET salary = salary + 2908 WHERE employee_id = 27;
COMMIT;

-- UPDATING EMPLOYEE SALARY 179 --
BEGIN;
UPDATE employees SET salary = salary + 7536 WHERE employee_id = 179;
COMMIT;

-- UPDATING EMPLOYEE SALARY 170 --
BEGIN;
UPDATE employees SET salary = salary + 3823 WHERE employee_id = 170;
COMMIT;

-- UPDATING EMPLOYEE SALARY 6 --
BEGIN;
UPDATE employees SET salary = salary + 3746 WHERE employee_id = 6;
COMMIT;

-- UPDATING EMPLOYEE SALARY 151 --
BEGIN;
UPDATE employees SET salary = salary + 6253 WHERE employee_id = 151;
COMMIT;

-- UPDATING EMPLOYEE SALARY 196 --
BEGIN;
UPDATE employees SET salary = salary + 8429 WHERE employee_id = 196;
COMMIT;

-- UPDATING EMPLOYEE SALARY 189 --
BEGIN;
UPDATE employees SET salary = salary + 6002 WHERE employee_id = 189;
COMMIT;

-- UPDATING EMPLOYEE SALARY 140 --
BEGIN;
UPDATE employees SET salary = salary + 4300 WHERE employee_id = 140;
COMMIT;

-- INSERTING EMPLOYEE 246 --
BEGIN;
INSERT INTO employees (employee_id, first_name, last_name, email, phone_number, hire_date, job_id, salary,manager_id,department_id) VALUES (246, 'Nina', 'Simone', 'nina.simone@gmail.com', '555-7891', '2012-08-20', 33, 200000.00, 197, 400);
COMMIT;

-- INSERTING EMPLOYEE 247 --
BEGIN;
INSERT INTO employees (employee_id, first_name, last_name, email, phone_number, hire_date, job_id, salary,manager_id,department_id) VALUES (247, 'Uma', 'Thurman', 'uma.thurman@gmail.com', '555-4569', '2007-12-02', 11, 270000.00, 187, 165);
INSERT INTO dependents (dependent_id, first_name, last_name, relationship, employee_id) VALUES (733, 'Oprah', 'Winfrey', 'parent', 247);
INSERT INTO dependents (dependent_id, first_name, last_name, relationship, employee_id) VALUES (734, 'Emma', 'Stone', 'parent', 247);
INSERT INTO dependents (dependent_id, first_name, last_name, relationship, employee_id) VALUES (735, 'Iris', 'Apfel', 'child', 247);
COMMIT;

-- INSERTING DEPENDENT 178 --
BEGIN;
INSERT INTO dependents (dependent_id, first_name, last_name, relationship, employee_id) VALUES (736, 'Chris', 'Evans', 'child', 178);
END;

-- INSERTING DEPENDENT 65 --
BEGIN;
INSERT INTO dependents (dependent_id, first_name, last_name, relationship, employee_id) VALUES (737, 'Oprah', 'Winfrey', 'parent', 65);
END;

-- UPDATING EMPLOYEE SALARY 92 --
BEGIN;
UPDATE employees SET salary = salary + 2481 WHERE employee_id = 92;
COMMIT;

-- UPDATING EMPLOYEE SALARY 226 --
BEGIN;
UPDATE employees SET salary = salary + 1396 WHERE employee_id = 226;
COMMIT;

-- UPDATING EMPLOYEE SALARY 171 --
BEGIN;
UPDATE employees SET salary = salary + 7230 WHERE employee_id = 171;
COMMIT;

-- UPDATING EMPLOYEE SALARY 91 --
BEGIN;
UPDATE employees SET salary = salary + 4163 WHERE employee_id = 91;
COMMIT;

-- UPDATING EMPLOYEE SALARY 151 --
BEGIN;
UPDATE employees SET salary = salary + 3688 WHERE employee_id = 151;
COMMIT;

-- UPDATING EMPLOYEE SALARY 210 --
BEGIN;
UPDATE employees SET salary = salary + 8171 WHERE employee_id = 210;
COMMIT;

-- UPDATING EMPLOYEE SALARY 220 --
BEGIN;
UPDATE employees SET salary = salary + 5595 WHERE employee_id = 220;
COMMIT;

-- UPDATING EMPLOYEE SALARY 38 --
BEGIN;
UPDATE employees SET salary = salary + 7710 WHERE employee_id = 38;
COMMIT;

-- UPDATING EMPLOYEE SALARY 26 --
BEGIN;
UPDATE employees SET salary = salary + 942 WHERE employee_id = 26;
COMMIT;

-- UPDATING EMPLOYEE SALARY 147 --
BEGIN;
UPDATE employees SET salary = salary + 8053 WHERE employee_id = 147;
COMMIT;

-- UPDATING EMPLOYEE SALARY 73 --
BEGIN;
UPDATE employees SET salary = salary + 8586 WHERE employee_id = 73;
COMMIT;

-- UPDATING EMPLOYEE SALARY 204 --
BEGIN;
UPDATE employees SET salary = salary + 6133 WHERE employee_id = 204;
COMMIT;

-- UPDATING EMPLOYEE SALARY 64 --
BEGIN;
UPDATE employees SET salary = salary + 5312 WHERE employee_id = 64;
COMMIT;

-- UPDATING EMPLOYEE SALARY 161 --
BEGIN;
UPDATE employees SET salary = salary + 7372 WHERE employee_id = 161;
COMMIT;

-- UPDATING EMPLOYEE SALARY 239 --
BEGIN;
UPDATE employees SET salary = salary + 6417 WHERE employee_id = 239;
COMMIT;

-- UPDATING EMPLOYEE SALARY 228 --
BEGIN;
UPDATE employees SET salary = salary + 140 WHERE employee_id = 228;
COMMIT;

-- UPDATING EMPLOYEE SALARY 117 --
BEGIN;
UPDATE employees SET salary = salary + 9467 WHERE employee_id = 117;
COMMIT;

-- UPDATING EMPLOYEE SALARY 240 --
BEGIN;
UPDATE employees SET salary = salary + 9000 WHERE employee_id = 240;
COMMIT;

-- UPDATING EMPLOYEE SALARY 234 --
BEGIN;
UPDATE employees SET salary = salary + 3269 WHERE employee_id = 234;
COMMIT;

-- UPDATING EMPLOYEE SALARY 58 --
BEGIN;
UPDATE employees SET salary = salary + 1955 WHERE employee_id = 58;
COMMIT;

-- INSERTING EMPLOYEE 248 --
BEGIN;
INSERT INTO employees (employee_id, first_name, last_name, email, phone_number, hire_date, job_id, salary,manager_id,department_id) VALUES (248, 'Isla', 'Fisher', 'isla.fisher@gmail.com', '555-4569', '2004-11-07', 24, 470000.00, 125, 358);
INSERT INTO dependents (dependent_id, first_name, last_name, relationship, employee_id) VALUES (738, 'Carl', 'Sagan', 'spouse', 248);
INSERT INTO dependents (dependent_id, first_name, last_name, relationship, employee_id) VALUES (739, 'Michael', 'Faraday', 'parent', 248);
INSERT INTO dependents (dependent_id, first_name, last_name, relationship, employee_id) VALUES (740, 'Marie', 'Curie', 'spouse', 248);
COMMIT;

-- INSERTING EMPLOYEE 249 --
BEGIN;
INSERT INTO employees (employee_id, first_name, last_name, email, phone_number, hire_date, job_id, salary,manager_id,department_id) VALUES (249, 'Fiona', 'Apple', 'fiona.apple@gmail.com', '555-2345', '2000-09-03', 27, 120000.00, 125, 354);
INSERT INTO dependents (dependent_id, first_name, last_name, relationship, employee_id) VALUES (741, 'Nikola', 'Tesla', 'child', 249);
INSERT INTO dependents (dependent_id, first_name, last_name, relationship, employee_id) VALUES (742, 'Susan', 'Sarandon', 'spouse', 249);
INSERT INTO dependents (dependent_id, first_name, last_name, relationship, employee_id) VALUES (743, 'Paul', 'Newman', 'child', 249);
INSERT INTO dependents (dependent_id, first_name, last_name, relationship, employee_id) VALUES (744, 'Galileo', 'Galilei', 'parent', 249);
COMMIT;

-- INSERTING EMPLOYEE 250 --
BEGIN;
INSERT INTO employees (employee_id, first_name, last_name, email, phone_number, hire_date, job_id, salary,manager_id,department_id) VALUES (250, 'Queen', 'Latifah', 'queen.latifah@gmail.com', '555-2347', '2004-05-15', 63, 550000.00, 108, 94);
INSERT INTO dependents (dependent_id, first_name, last_name, relationship, employee_id) VALUES (745, 'Paul', 'Newman', 'parent', 250);
COMMIT;

-- INSERTING EMPLOYEE 251 --
BEGIN;
INSERT INTO employees (employee_id, first_name, last_name, email, phone_number, hire_date, job_id, salary,manager_id,department_id) VALUES (251, 'Aaron', 'Paul', 'aaron.paul@gmail.com', '555-6781', '1994-02-11', 30, 390000.00, 141, 645);
INSERT INTO dependents (dependent_id, first_name, last_name, relationship, employee_id) VALUES (746, 'Jane', 'Goodall', 'child', 251);
INSERT INTO dependents (dependent_id, first_name, last_name, relationship, employee_id) VALUES (747, 'Isaac', 'Newton', 'spouse', 251);
INSERT INTO dependents (dependent_id, first_name, last_name, relationship, employee_id) VALUES (748, 'Meryl', 'Streep', 'spouse', 251);
COMMIT;

-- INSERTING EMPLOYEE 252 --
BEGIN;
INSERT INTO employees (employee_id, first_name, last_name, email, phone_number, hire_date, job_id, salary,manager_id,department_id) VALUES (252, 'Queen', 'Latifah', 'queen.latifah@gmail.com', '555-2347', '1990-10-17', 14, 550000.00, 200, 446);
INSERT INTO dependents (dependent_id, first_name, last_name, relationship, employee_id) VALUES (749, 'Lise', 'Meitner', 'child', 252);
INSERT INTO dependents (dependent_id, first_name, last_name, relationship, employee_id) VALUES (750, 'Frank', 'Sinatra', 'spouse', 252);
INSERT INTO dependents (dependent_id, first_name, last_name, relationship, employee_id) VALUES (751, 'Queen', 'Latifah', 'spouse', 252);
INSERT INTO dependents (dependent_id, first_name, last_name, relationship, employee_id) VALUES (752, 'Niels', 'Bohr', 'parent', 252);
COMMIT;

-- DELETING EMPLOYEE 165 --
BEGIN;
DELETE FROM dependents WHERE employee_id = 165;
DELETE FROM employees WHERE employee_id = 165;
COMMIT;

-- DELETING EMPLOYEE 127 --
BEGIN;
UPDATE employees SET manager_id = 25 WHERE employee_id = 132;
UPDATE employees SET manager_id = 25 WHERE employee_id = 137;
UPDATE employees SET manager_id = 25 WHERE employee_id = 232;
DELETE FROM dependents WHERE employee_id = 127;
DELETE FROM employees WHERE employee_id = 127;
COMMIT;

-- INSERTING DEPENDENT 175 --
BEGIN;
INSERT INTO dependents (dependent_id, first_name, last_name, relationship, employee_id) VALUES (753, 'Richard', 'Feynman', 'parent', 175);
END;

-- INSERTING DEPENDENT 33 --
BEGIN;
INSERT INTO dependents (dependent_id, first_name, last_name, relationship, employee_id) VALUES (754, 'Galileo', 'Galilei', 'spouse', 33);
END;

-- INSERTING DEPENDENT 158 --
BEGIN;
INSERT INTO dependents (dependent_id, first_name, last_name, relationship, employee_id) VALUES (755, 'Frank', 'Sinatra', 'parent', 158);
END;

-- INSERTING DEPENDENT 198 --
BEGIN;
INSERT INTO dependents (dependent_id, first_name, last_name, relationship, employee_id) VALUES (756, 'Ada', 'Lovelace', 'parent', 198);
END;

-- INSERTING DEPENDENT 190 --
BEGIN;
INSERT INTO dependents (dependent_id, first_name, last_name, relationship, employee_id) VALUES (757, 'Oprah', 'Winfrey', 'parent', 190);
END;

-- DELETING DEPENDENT 679 --
BEGIN;
DELETE FROM dependents WHERE dependent_id = 679;
COMMIT;

-- DELETING DEPENDENT 175 --
BEGIN;
DELETE FROM dependents WHERE dependent_id = 175;
COMMIT;

-- UPDATING EMPLOYEE SALARY 167 --
BEGIN;
UPDATE employees SET salary = salary + 9318 WHERE employee_id = 167;
COMMIT;

-- UPDATING EMPLOYEE SALARY 134 --
BEGIN;
UPDATE employees SET salary = salary + 1897 WHERE employee_id = 134;
COMMIT;

-- UPDATING EMPLOYEE SALARY 139 --
BEGIN;
UPDATE employees SET salary = salary + 5791 WHERE employee_id = 139;
COMMIT;

-- UPDATING EMPLOYEE SALARY 26 --
BEGIN;
UPDATE employees SET salary = salary + 1098 WHERE employee_id = 26;
COMMIT;

-- UPDATING EMPLOYEE SALARY 199 --
BEGIN;
UPDATE employees SET salary = salary + 6002 WHERE employee_id = 199;
COMMIT;

-- UPDATING EMPLOYEE SALARY 198 --
BEGIN;
UPDATE employees SET salary = salary + 4365 WHERE employee_id = 198;
COMMIT;

-- UPDATING EMPLOYEE SALARY 149 --
BEGIN;
UPDATE employees SET salary = salary + 5010 WHERE employee_id = 149;
COMMIT;

-- UPDATING EMPLOYEE SALARY 180 --
BEGIN;
UPDATE employees SET salary = salary + 4045 WHERE employee_id = 180;
COMMIT;

-- UPDATING EMPLOYEE SALARY 37 --
BEGIN;
UPDATE employees SET salary = salary + 6669 WHERE employee_id = 37;
COMMIT;

-- UPDATING EMPLOYEE SALARY 134 --
BEGIN;
UPDATE employees SET salary = salary + 6656 WHERE employee_id = 134;
COMMIT;

-- UPDATING EMPLOYEE SALARY 157 --
BEGIN;
UPDATE employees SET salary = salary + 3223 WHERE employee_id = 157;
COMMIT;

-- UPDATING EMPLOYEE SALARY 239 --
BEGIN;
UPDATE employees SET salary = salary + 592 WHERE employee_id = 239;
COMMIT;

-- UPDATING EMPLOYEE SALARY 72 --
BEGIN;
UPDATE employees SET salary = salary + 5684 WHERE employee_id = 72;
COMMIT;

-- UPDATING EMPLOYEE SALARY 34 --
BEGIN;
UPDATE employees SET salary = salary + 6456 WHERE employee_id = 34;
COMMIT;

-- UPDATING EMPLOYEE SALARY 147 --
BEGIN;
UPDATE employees SET salary = salary + 8111 WHERE employee_id = 147;
COMMIT;

-- UPDATING EMPLOYEE SALARY 78 --
BEGIN;
UPDATE employees SET salary = salary + 5943 WHERE employee_id = 78;
COMMIT;

-- UPDATING EMPLOYEE SALARY 44 --
BEGIN;
UPDATE employees SET salary = salary + 7731 WHERE employee_id = 44;
COMMIT;

-- UPDATING EMPLOYEE SALARY 106 --
BEGIN;
UPDATE employees SET salary = salary + 3058 WHERE employee_id = 106;
COMMIT;

-- UPDATING EMPLOYEE SALARY 103 --
BEGIN;
UPDATE employees SET salary = salary + 5105 WHERE employee_id = 103;
COMMIT;

-- UPDATING EMPLOYEE SALARY 143 --
BEGIN;
UPDATE employees SET salary = salary + 2514 WHERE employee_id = 143;
COMMIT;

-- UPDATING EMPLOYEE SALARY 241 --
BEGIN;
UPDATE employees SET salary = salary + 1796 WHERE employee_id = 241;
COMMIT;

-- UPDATING EMPLOYEE SALARY 126 --
BEGIN;
UPDATE employees SET salary = salary + 1383 WHERE employee_id = 126;
COMMIT;

-- UPDATING EMPLOYEE SALARY 199 --
BEGIN;
UPDATE employees SET salary = salary + 9617 WHERE employee_id = 199;
COMMIT;

-- UPDATING EMPLOYEE SALARY 108 --
BEGIN;
UPDATE employees SET salary = salary + 1351 WHERE employee_id = 108;
COMMIT;

-- UPDATING EMPLOYEE SALARY 66 --
BEGIN;
UPDATE employees SET salary = salary + 9559 WHERE employee_id = 66;
COMMIT;

-- UPDATING EMPLOYEE SALARY 185 --
BEGIN;
UPDATE employees SET salary = salary + 1602 WHERE employee_id = 185;
COMMIT;

-- UPDATING EMPLOYEE SALARY 170 --
BEGIN;
UPDATE employees SET salary = salary + 7239 WHERE employee_id = 170;
COMMIT;

-- UPDATING EMPLOYEE SALARY 135 --
BEGIN;
UPDATE employees SET salary = salary + 2411 WHERE employee_id = 135;
COMMIT;

-- UPDATING EMPLOYEE SALARY 80 --
BEGIN;
UPDATE employees SET salary = salary + 2463 WHERE employee_id = 80;
COMMIT;

-- UPDATING EMPLOYEE SALARY 249 --
BEGIN;
UPDATE employees SET salary = salary + 7092 WHERE employee_id = 249;
COMMIT;

-- UPDATING EMPLOYEE SALARY 218 --
BEGIN;
UPDATE employees SET salary = salary + 5698 WHERE employee_id = 218;
COMMIT;

-- UPDATING EMPLOYEE SALARY 78 --
BEGIN;
UPDATE employees SET salary = salary + 6067 WHERE employee_id = 78;
COMMIT;

-- UPDATING EMPLOYEE SALARY 103 --
BEGIN;
UPDATE employees SET salary = salary + 9519 WHERE employee_id = 103;
COMMIT;

-- UPDATING EMPLOYEE SALARY 76 --
BEGIN;
UPDATE employees SET salary = salary + 4044 WHERE employee_id = 76;
COMMIT;

-- UPDATING EMPLOYEE SALARY 219 --
BEGIN;
UPDATE employees SET salary = salary + 1262 WHERE employee_id = 219;
COMMIT;

-- UPDATING EMPLOYEE SALARY 188 --
BEGIN;
UPDATE employees SET salary = salary + 9374 WHERE employee_id = 188;
COMMIT;

-- UPDATING EMPLOYEE SALARY 164 --
BEGIN;
UPDATE employees SET salary = salary + 9129 WHERE employee_id = 164;
COMMIT;

-- UPDATING EMPLOYEE SALARY 77 --
BEGIN;
UPDATE employees SET salary = salary + 959 WHERE employee_id = 77;
COMMIT;

-- UPDATING EMPLOYEE SALARY 246 --
BEGIN;
UPDATE employees SET salary = salary + 9240 WHERE employee_id = 246;
COMMIT;

-- UPDATING EMPLOYEE SALARY 173 --
BEGIN;
UPDATE employees SET salary = salary + 3827 WHERE employee_id = 173;
COMMIT;

-- UPDATING EMPLOYEE SALARY 224 --
BEGIN;
UPDATE employees SET salary = salary + 5130 WHERE employee_id = 224;
COMMIT;

-- UPDATING EMPLOYEE SALARY 76 --
BEGIN;
UPDATE employees SET salary = salary + 5482 WHERE employee_id = 76;
COMMIT;

-- UPDATING EMPLOYEE SALARY 225 --
BEGIN;
UPDATE employees SET salary = salary + 9527 WHERE employee_id = 225;
COMMIT;

-- UPDATING EMPLOYEE SALARY 39 --
BEGIN;
UPDATE employees SET salary = salary + 439 WHERE employee_id = 39;
COMMIT;

-- UPDATING EMPLOYEE SALARY 227 --
BEGIN;
UPDATE employees SET salary = salary + 2124 WHERE employee_id = 227;
COMMIT;

-- UPDATING EMPLOYEE SALARY 205 --
BEGIN;
UPDATE employees SET salary = salary + 7703 WHERE employee_id = 205;
COMMIT;

-- UPDATING EMPLOYEE SALARY 229 --
BEGIN;
UPDATE employees SET salary = salary + 8280 WHERE employee_id = 229;
COMMIT;

-- UPDATING EMPLOYEE SALARY 172 --
BEGIN;
UPDATE employees SET salary = salary + 8231 WHERE employee_id = 172;
COMMIT;

-- UPDATING EMPLOYEE SALARY 249 --
BEGIN;
UPDATE employees SET salary = salary + 2949 WHERE employee_id = 249;
COMMIT;

-- UPDATING EMPLOYEE SALARY 217 --
BEGIN;
UPDATE employees SET salary = salary + 7912 WHERE employee_id = 217;
COMMIT;

-- UPDATING EMPLOYEE SALARY 196 --
BEGIN;
UPDATE employees SET salary = salary + 1478 WHERE employee_id = 196;
COMMIT;

-- UPDATING EMPLOYEE SALARY 166 --
BEGIN;
UPDATE employees SET salary = salary + 4195 WHERE employee_id = 166;
COMMIT;

-- UPDATING EMPLOYEE SALARY 148 --
BEGIN;
UPDATE employees SET salary = salary + 6035 WHERE employee_id = 148;
COMMIT;

-- UPDATING EMPLOYEE SALARY 37 --
BEGIN;
UPDATE employees SET salary = salary + 7547 WHERE employee_id = 37;
COMMIT;

-- UPDATING EMPLOYEE SALARY 193 --
BEGIN;
UPDATE employees SET salary = salary + 6190 WHERE employee_id = 193;
COMMIT;

-- UPDATING EMPLOYEE SALARY 221 --
BEGIN;
UPDATE employees SET salary = salary + 9026 WHERE employee_id = 221;
COMMIT;

-- UPDATING EMPLOYEE SALARY 117 --
BEGIN;
UPDATE employees SET salary = salary + 3633 WHERE employee_id = 117;
COMMIT;

-- UPDATING EMPLOYEE SALARY 64 --
BEGIN;
UPDATE employees SET salary = salary + 1295 WHERE employee_id = 64;
COMMIT;

-- UPDATING EMPLOYEE SALARY 180 --
BEGIN;
UPDATE employees SET salary = salary + 4264 WHERE employee_id = 180;
COMMIT;

-- UPDATING EMPLOYEE SALARY 192 --
BEGIN;
UPDATE employees SET salary = salary + 7583 WHERE employee_id = 192;
COMMIT;

-- UPDATING EMPLOYEE SALARY 195 --
BEGIN;
UPDATE employees SET salary = salary + 2047 WHERE employee_id = 195;
COMMIT;

-- UPDATING EMPLOYEE SALARY 168 --
BEGIN;
UPDATE employees SET salary = salary + 8445 WHERE employee_id = 168;
COMMIT;

-- UPDATING EMPLOYEE SALARY 154 --
BEGIN;
UPDATE employees SET salary = salary + 1628 WHERE employee_id = 154;
COMMIT;

-- UPDATING EMPLOYEE SALARY 126 --
BEGIN;
UPDATE employees SET salary = salary + 9178 WHERE employee_id = 126;
COMMIT;

-- UPDATING EMPLOYEE SALARY 129 --
BEGIN;
UPDATE employees SET salary = salary + 9988 WHERE employee_id = 129;
COMMIT;

-- UPDATING EMPLOYEE SALARY 94 --
BEGIN;
UPDATE employees SET salary = salary + 6195 WHERE employee_id = 94;
COMMIT;

-- UPDATING EMPLOYEE SALARY 107 --
BEGIN;
UPDATE employees SET salary = salary + 7923 WHERE employee_id = 107;
COMMIT;

-- UPDATING EMPLOYEE SALARY 245 --
BEGIN;
UPDATE employees SET salary = salary + 8988 WHERE employee_id = 245;
COMMIT;

-- UPDATING EMPLOYEE SALARY 236 --
BEGIN;
UPDATE employees SET salary = salary + 2546 WHERE employee_id = 236;
COMMIT;

-- UPDATING EMPLOYEE SALARY 118 --
BEGIN;
UPDATE employees SET salary = salary + 6136 WHERE employee_id = 118;
COMMIT;

-- UPDATING EMPLOYEE SALARY 26 --
BEGIN;
UPDATE employees SET salary = salary + 7641 WHERE employee_id = 26;
COMMIT;

-- UPDATING EMPLOYEE SALARY 27 --
BEGIN;
UPDATE employees SET salary = salary + 6153 WHERE employee_id = 27;
COMMIT;

-- UPDATING EMPLOYEE SALARY 237 --
BEGIN;
UPDATE employees SET salary = salary + 5754 WHERE employee_id = 237;
COMMIT;

-- UPDATING EMPLOYEE SALARY 81 --
BEGIN;
UPDATE employees SET salary = salary + 8255 WHERE employee_id = 81;
COMMIT;

-- UPDATING EMPLOYEE SALARY 226 --
BEGIN;
UPDATE employees SET salary = salary + 2947 WHERE employee_id = 226;
COMMIT;

-- UPDATING EMPLOYEE SALARY 90 --
BEGIN;
UPDATE employees SET salary = salary + 5920 WHERE employee_id = 90;
COMMIT;

-- UPDATING EMPLOYEE SALARY 36 --
BEGIN;
UPDATE employees SET salary = salary + 8140 WHERE employee_id = 36;
COMMIT;

-- UPDATING EMPLOYEE SALARY 162 --
BEGIN;
UPDATE employees SET salary = salary + 336 WHERE employee_id = 162;
COMMIT;

-- UPDATING EMPLOYEE SALARY 230 --
BEGIN;
UPDATE employees SET salary = salary + 8201 WHERE employee_id = 230;
COMMIT;

-- UPDATING EMPLOYEE SALARY 168 --
BEGIN;
UPDATE employees SET salary = salary + 9162 WHERE employee_id = 168;
COMMIT;

-- UPDATING EMPLOYEE SALARY 229 --
BEGIN;
UPDATE employees SET salary = salary + 2490 WHERE employee_id = 229;
COMMIT;

-- UPDATING EMPLOYEE SALARY 84 --
BEGIN;
UPDATE employees SET salary = salary + 8538 WHERE employee_id = 84;
COMMIT;

-- UPDATING EMPLOYEE SALARY 94 --
BEGIN;
UPDATE employees SET salary = salary + 2093 WHERE employee_id = 94;
COMMIT;

-- UPDATING EMPLOYEE SALARY 188 --
BEGIN;
UPDATE employees SET salary = salary + 7378 WHERE employee_id = 188;
COMMIT;

-- UPDATING EMPLOYEE SALARY 220 --
BEGIN;
UPDATE employees SET salary = salary + 7862 WHERE employee_id = 220;
COMMIT;

-- UPDATING EMPLOYEE SALARY 50 --
BEGIN;
UPDATE employees SET salary = salary + 5321 WHERE employee_id = 50;
COMMIT;

-- UPDATING EMPLOYEE SALARY 172 --
BEGIN;
UPDATE employees SET salary = salary + 3522 WHERE employee_id = 172;
COMMIT;

-- UPDATING EMPLOYEE SALARY 193 --
BEGIN;
UPDATE employees SET salary = salary + 7642 WHERE employee_id = 193;
COMMIT;

-- UPDATING EMPLOYEE SALARY 173 --
BEGIN;
UPDATE employees SET salary = salary + 9393 WHERE employee_id = 173;
COMMIT;

-- UPDATING EMPLOYEE SALARY 196 --
BEGIN;
UPDATE employees SET salary = salary + 948 WHERE employee_id = 196;
COMMIT;

-- UPDATING EMPLOYEE SALARY 117 --
BEGIN;
UPDATE employees SET salary = salary + 9625 WHERE employee_id = 117;
COMMIT;

-- UPDATING EMPLOYEE SALARY 155 --
BEGIN;
UPDATE employees SET salary = salary + 8527 WHERE employee_id = 155;
COMMIT;

-- UPDATING EMPLOYEE SALARY 106 --
BEGIN;
UPDATE employees SET salary = salary + 9469 WHERE employee_id = 106;
COMMIT;

-- UPDATING EMPLOYEE SALARY 104 --
BEGIN;
UPDATE employees SET salary = salary + 5152 WHERE employee_id = 104;
COMMIT;

-- UPDATING EMPLOYEE SALARY 173 --
BEGIN;
UPDATE employees SET salary = salary + 7274 WHERE employee_id = 173;
COMMIT;

-- UPDATING EMPLOYEE SALARY 235 --
BEGIN;
UPDATE employees SET salary = salary + 9253 WHERE employee_id = 235;
COMMIT;

-- UPDATING EMPLOYEE SALARY 45 --
BEGIN;
UPDATE employees SET salary = salary + 7730 WHERE employee_id = 45;
COMMIT;

-- UPDATING EMPLOYEE SALARY 73 --
BEGIN;
UPDATE employees SET salary = salary + 1551 WHERE employee_id = 73;
COMMIT;

-- UPDATING EMPLOYEE SALARY 136 --
BEGIN;
UPDATE employees SET salary = salary + 8694 WHERE employee_id = 136;
COMMIT;

-- UPDATING EMPLOYEE SALARY 90 --
BEGIN;
UPDATE employees SET salary = salary + 8649 WHERE employee_id = 90;
COMMIT;

-- UPDATING EMPLOYEE SALARY 207 --
BEGIN;
UPDATE employees SET salary = salary + 121 WHERE employee_id = 207;
COMMIT;

-- UPDATING EMPLOYEE SALARY 232 --
BEGIN;
UPDATE employees SET salary = salary + 1119 WHERE employee_id = 232;
COMMIT;

-- UPDATING EMPLOYEE SALARY 230 --
BEGIN;
UPDATE employees SET salary = salary + 4257 WHERE employee_id = 230;
COMMIT;

-- UPDATING EMPLOYEE SALARY 150 --
BEGIN;
UPDATE employees SET salary = salary + 7861 WHERE employee_id = 150;
COMMIT;

-- UPDATING EMPLOYEE SALARY 22 --
BEGIN;
UPDATE employees SET salary = salary + 998 WHERE employee_id = 22;
COMMIT;

-- UPDATING EMPLOYEE SALARY 239 --
BEGIN;
UPDATE employees SET salary = salary + 7552 WHERE employee_id = 239;
COMMIT;

-- UPDATING EMPLOYEE SALARY 195 --
BEGIN;
UPDATE employees SET salary = salary + 178 WHERE employee_id = 195;
COMMIT;

-- UPDATING EMPLOYEE SALARY 198 --
BEGIN;
UPDATE employees SET salary = salary + 718 WHERE employee_id = 198;
COMMIT;

-- UPDATING EMPLOYEE SALARY 108 --
BEGIN;
UPDATE employees SET salary = salary + 8539 WHERE employee_id = 108;
COMMIT;

-- UPDATING EMPLOYEE SALARY 214 --
BEGIN;
UPDATE employees SET salary = salary + 4309 WHERE employee_id = 214;
COMMIT;

-- UPDATING EMPLOYEE SALARY 223 --
BEGIN;
UPDATE employees SET salary = salary + 3253 WHERE employee_id = 223;
COMMIT;

-- UPDATING EMPLOYEE SALARY 151 --
BEGIN;
UPDATE employees SET salary = salary + 7474 WHERE employee_id = 151;
COMMIT;

-- UPDATING EMPLOYEE SALARY 106 --
BEGIN;
UPDATE employees SET salary = salary + 2853 WHERE employee_id = 106;
COMMIT;

-- UPDATING EMPLOYEE SALARY 177 --
BEGIN;
UPDATE employees SET salary = salary + 4762 WHERE employee_id = 177;
COMMIT;

-- UPDATING EMPLOYEE SALARY 118 --
BEGIN;
UPDATE employees SET salary = salary + 9351 WHERE employee_id = 118;
COMMIT;

-- UPDATING EMPLOYEE SALARY 136 --
BEGIN;
UPDATE employees SET salary = salary + 9807 WHERE employee_id = 136;
COMMIT;

-- UPDATING EMPLOYEE SALARY 220 --
BEGIN;
UPDATE employees SET salary = salary + 4391 WHERE employee_id = 220;
COMMIT;

-- UPDATING EMPLOYEE SALARY 200 --
BEGIN;
UPDATE employees SET salary = salary + 3487 WHERE employee_id = 200;
COMMIT;

-- UPDATING EMPLOYEE SALARY 138 --
BEGIN;
UPDATE employees SET salary = salary + 7946 WHERE employee_id = 138;
COMMIT;

-- UPDATING EMPLOYEE SALARY 247 --
BEGIN;
UPDATE employees SET salary = salary + 573 WHERE employee_id = 247;
COMMIT;

-- UPDATING EMPLOYEE SALARY 150 --
BEGIN;
UPDATE employees SET salary = salary + 791 WHERE employee_id = 150;
COMMIT;

-- UPDATING EMPLOYEE SALARY 65 --
BEGIN;
UPDATE employees SET salary = salary + 9438 WHERE employee_id = 65;
COMMIT;

-- UPDATING EMPLOYEE SALARY 226 --
BEGIN;
UPDATE employees SET salary = salary + 1738 WHERE employee_id = 226;
COMMIT;

-- UPDATING EMPLOYEE SALARY 134 --
BEGIN;
UPDATE employees SET salary = salary + 7329 WHERE employee_id = 134;
COMMIT;

-- UPDATING EMPLOYEE SALARY 1 --
BEGIN;
UPDATE employees SET salary = salary + 5237 WHERE employee_id = 1;
COMMIT;

-- UPDATING EMPLOYEE SALARY 248 --
BEGIN;
UPDATE employees SET salary = salary + 4581 WHERE employee_id = 248;
COMMIT;

-- UPDATING EMPLOYEE SALARY 129 --
BEGIN;
UPDATE employees SET salary = salary + 674 WHERE employee_id = 129;
COMMIT;

-- INSERTING EMPLOYEE 253 --
BEGIN;
INSERT INTO employees (employee_id, first_name, last_name, email, phone_number, hire_date, job_id, salary,manager_id,department_id) VALUES (253, 'Vera', 'Farmiga', 'vera.farmiga@gmail.com', '555-1236', '2005-03-09', 63, 340000.00, 129, 321);
INSERT INTO dependents (dependent_id, first_name, last_name, relationship, employee_id) VALUES (758, 'Jane', 'Goodall', 'parent', 253);
INSERT INTO dependents (dependent_id, first_name, last_name, relationship, employee_id) VALUES (759, 'Queen', 'Latifah', 'child', 253);
INSERT INTO dependents (dependent_id, first_name, last_name, relationship, employee_id) VALUES (760, 'Neil', 'Armstrong', 'parent', 253);
INSERT INTO dependents (dependent_id, first_name, last_name, relationship, employee_id) VALUES (761, 'Robert', 'Redford', 'parent', 253);
COMMIT;

-- INSERTING DEPENDENT 49 --
BEGIN;
INSERT INTO dependents (dependent_id, first_name, last_name, relationship, employee_id) VALUES (762, 'Chris', 'Evans', 'spouse', 49);
END;

-- UPDATING EMPLOYEE SALARY 93 --
BEGIN;
UPDATE employees SET salary = salary + 4142 WHERE employee_id = 93;
COMMIT;

-- UPDATING EMPLOYEE SALARY 78 --
BEGIN;
UPDATE employees SET salary = salary + 7864 WHERE employee_id = 78;
COMMIT;

-- UPDATING EMPLOYEE SALARY 37 --
BEGIN;
UPDATE employees SET salary = salary + 828 WHERE employee_id = 37;
COMMIT;

-- UPDATING EMPLOYEE SALARY 241 --
BEGIN;
UPDATE employees SET salary = salary + 4803 WHERE employee_id = 241;
COMMIT;

-- UPDATING EMPLOYEE SALARY 22 --
BEGIN;
UPDATE employees SET salary = salary + 744 WHERE employee_id = 22;
COMMIT;

-- UPDATING EMPLOYEE SALARY 119 --
BEGIN;
UPDATE employees SET salary = salary + 4311 WHERE employee_id = 119;
COMMIT;

-- UPDATING EMPLOYEE SALARY 227 --
BEGIN;
UPDATE employees SET salary = salary + 6186 WHERE employee_id = 227;
COMMIT;

-- UPDATING EMPLOYEE SALARY 180 --
BEGIN;
UPDATE employees SET salary = salary + 5259 WHERE employee_id = 180;
COMMIT;

-- UPDATING EMPLOYEE SALARY 153 --
BEGIN;
UPDATE employees SET salary = salary + 1430 WHERE employee_id = 153;
COMMIT;

-- UPDATING EMPLOYEE SALARY 161 --
BEGIN;
UPDATE employees SET salary = salary + 4028 WHERE employee_id = 161;
COMMIT;

-- UPDATING EMPLOYEE SALARY 11 --
BEGIN;
UPDATE employees SET salary = salary + 6443 WHERE employee_id = 11;
COMMIT;

-- UPDATING EMPLOYEE SALARY 240 --
BEGIN;
UPDATE employees SET salary = salary + 7773 WHERE employee_id = 240;
COMMIT;

-- UPDATING EMPLOYEE SALARY 68 --
BEGIN;
UPDATE employees SET salary = salary + 2175 WHERE employee_id = 68;
COMMIT;

-- UPDATING EMPLOYEE SALARY 223 --
BEGIN;
UPDATE employees SET salary = salary + 727 WHERE employee_id = 223;
COMMIT;

-- UPDATING EMPLOYEE SALARY 102 --
BEGIN;
UPDATE employees SET salary = salary + 8833 WHERE employee_id = 102;
COMMIT;

-- UPDATING EMPLOYEE SALARY 117 --
BEGIN;
UPDATE employees SET salary = salary + 2242 WHERE employee_id = 117;
COMMIT;

-- UPDATING EMPLOYEE SALARY 147 --
BEGIN;
UPDATE employees SET salary = salary + 9297 WHERE employee_id = 147;
COMMIT;

-- UPDATING EMPLOYEE SALARY 34 --
BEGIN;
UPDATE employees SET salary = salary + 3846 WHERE employee_id = 34;
COMMIT;

-- UPDATING EMPLOYEE SALARY 104 --
BEGIN;
UPDATE employees SET salary = salary + 4891 WHERE employee_id = 104;
COMMIT;

-- UPDATING EMPLOYEE SALARY 97 --
BEGIN;
UPDATE employees SET salary = salary + 9452 WHERE employee_id = 97;
COMMIT;

-- UPDATING EMPLOYEE SALARY 208 --
BEGIN;
UPDATE employees SET salary = salary + 5356 WHERE employee_id = 208;
COMMIT;

-- UPDATING EMPLOYEE SALARY 85 --
BEGIN;
UPDATE employees SET salary = salary + 8396 WHERE employee_id = 85;
COMMIT;

-- UPDATING EMPLOYEE SALARY 156 --
BEGIN;
UPDATE employees SET salary = salary + 5628 WHERE employee_id = 156;
COMMIT;

-- UPDATING EMPLOYEE SALARY 245 --
BEGIN;
UPDATE employees SET salary = salary + 6515 WHERE employee_id = 245;
COMMIT;

-- UPDATING EMPLOYEE SALARY 166 --
BEGIN;
UPDATE employees SET salary = salary + 7896 WHERE employee_id = 166;
COMMIT;

-- UPDATING EMPLOYEE SALARY 166 --
BEGIN;
UPDATE employees SET salary = salary + 185 WHERE employee_id = 166;
COMMIT;

-- UPDATING EMPLOYEE SALARY 211 --
BEGIN;
UPDATE employees SET salary = salary + 7969 WHERE employee_id = 211;
COMMIT;

-- UPDATING EMPLOYEE SALARY 93 --
BEGIN;
UPDATE employees SET salary = salary + 4428 WHERE employee_id = 93;
COMMIT;

-- UPDATING EMPLOYEE SALARY 149 --
BEGIN;
UPDATE employees SET salary = salary + 5364 WHERE employee_id = 149;
COMMIT;

-- UPDATING EMPLOYEE SALARY 144 --
BEGIN;
UPDATE employees SET salary = salary + 7364 WHERE employee_id = 144;
COMMIT;

-- UPDATING EMPLOYEE SALARY 227 --
BEGIN;
UPDATE employees SET salary = salary + 3814 WHERE employee_id = 227;
COMMIT;

-- UPDATING EMPLOYEE SALARY 124 --
BEGIN;
UPDATE employees SET salary = salary + 8725 WHERE employee_id = 124;
COMMIT;

-- UPDATING EMPLOYEE SALARY 163 --
BEGIN;
UPDATE employees SET salary = salary + 5937 WHERE employee_id = 163;
COMMIT;

-- UPDATING EMPLOYEE SALARY 166 --
BEGIN;
UPDATE employees SET salary = salary + 3695 WHERE employee_id = 166;
COMMIT;

-- UPDATING EMPLOYEE SALARY 76 --
BEGIN;
UPDATE employees SET salary = salary + 3843 WHERE employee_id = 76;
COMMIT;

-- UPDATING EMPLOYEE SALARY 187 --
BEGIN;
UPDATE employees SET salary = salary + 2775 WHERE employee_id = 187;
COMMIT;

-- UPDATING EMPLOYEE SALARY 235 --
BEGIN;
UPDATE employees SET salary = salary + 5042 WHERE employee_id = 235;
COMMIT;

-- UPDATING EMPLOYEE SALARY 189 --
BEGIN;
UPDATE employees SET salary = salary + 8094 WHERE employee_id = 189;
COMMIT;

-- UPDATING EMPLOYEE SALARY 100 --
BEGIN;
UPDATE employees SET salary = salary + 3490 WHERE employee_id = 100;
COMMIT;

-- UPDATING EMPLOYEE SALARY 167 --
BEGIN;
UPDATE employees SET salary = salary + 9232 WHERE employee_id = 167;
COMMIT;

-- UPDATING EMPLOYEE SALARY 211 --
BEGIN;
UPDATE employees SET salary = salary + 788 WHERE employee_id = 211;
COMMIT;

-- UPDATING EMPLOYEE SALARY 214 --
BEGIN;
UPDATE employees SET salary = salary + 9827 WHERE employee_id = 214;
COMMIT;

-- UPDATING EMPLOYEE SALARY 216 --
BEGIN;
UPDATE employees SET salary = salary + 5234 WHERE employee_id = 216;
COMMIT;

-- UPDATING EMPLOYEE SALARY 196 --
BEGIN;
UPDATE employees SET salary = salary + 4968 WHERE employee_id = 196;
COMMIT;

-- UPDATING EMPLOYEE SALARY 59 --
BEGIN;
UPDATE employees SET salary = salary + 3360 WHERE employee_id = 59;
COMMIT;

-- UPDATING EMPLOYEE SALARY 233 --
BEGIN;
UPDATE employees SET salary = salary + 4074 WHERE employee_id = 233;
COMMIT;

-- UPDATING EMPLOYEE SALARY 135 --
BEGIN;
UPDATE employees SET salary = salary + 896 WHERE employee_id = 135;
COMMIT;

-- UPDATING EMPLOYEE SALARY 248 --
BEGIN;
UPDATE employees SET salary = salary + 2171 WHERE employee_id = 248;
COMMIT;

-- UPDATING EMPLOYEE SALARY 146 --
BEGIN;
UPDATE employees SET salary = salary + 2546 WHERE employee_id = 146;
COMMIT;

-- UPDATING EMPLOYEE SALARY 204 --
BEGIN;
UPDATE employees SET salary = salary + 6367 WHERE employee_id = 204;
COMMIT;

-- UPDATING EMPLOYEE SALARY 182 --
BEGIN;
UPDATE employees SET salary = salary + 7180 WHERE employee_id = 182;
COMMIT;

-- UPDATING EMPLOYEE SALARY 207 --
BEGIN;
UPDATE employees SET salary = salary + 572 WHERE employee_id = 207;
COMMIT;

-- UPDATING EMPLOYEE SALARY 39 --
BEGIN;
UPDATE employees SET salary = salary + 1320 WHERE employee_id = 39;
COMMIT;

-- UPDATING EMPLOYEE SALARY 174 --
BEGIN;
UPDATE employees SET salary = salary + 5805 WHERE employee_id = 174;
COMMIT;

-- UPDATING EMPLOYEE SALARY 104 --
BEGIN;
UPDATE employees SET salary = salary + 8075 WHERE employee_id = 104;
COMMIT;

-- UPDATING EMPLOYEE SALARY 210 --
BEGIN;
UPDATE employees SET salary = salary + 4450 WHERE employee_id = 210;
COMMIT;

-- UPDATING EMPLOYEE SALARY 253 --
BEGIN;
UPDATE employees SET salary = salary + 7306 WHERE employee_id = 253;
COMMIT;

-- UPDATING EMPLOYEE SALARY 80 --
BEGIN;
UPDATE employees SET salary = salary + 2047 WHERE employee_id = 80;
COMMIT;

-- UPDATING EMPLOYEE SALARY 210 --
BEGIN;
UPDATE employees SET salary = salary + 7851 WHERE employee_id = 210;
COMMIT;

-- UPDATING EMPLOYEE SALARY 204 --
BEGIN;
UPDATE employees SET salary = salary + 8752 WHERE employee_id = 204;
COMMIT;

-- UPDATING EMPLOYEE SALARY 65 --
BEGIN;
UPDATE employees SET salary = salary + 758 WHERE employee_id = 65;
COMMIT;

-- UPDATING EMPLOYEE SALARY 100 --
BEGIN;
UPDATE employees SET salary = salary + 2288 WHERE employee_id = 100;
COMMIT;

-- UPDATING EMPLOYEE SALARY 171 --
BEGIN;
UPDATE employees SET salary = salary + 8372 WHERE employee_id = 171;
COMMIT;

-- UPDATING EMPLOYEE SALARY 171 --
BEGIN;
UPDATE employees SET salary = salary + 2900 WHERE employee_id = 171;
COMMIT;

-- UPDATING EMPLOYEE SALARY 123 --
BEGIN;
UPDATE employees SET salary = salary + 9401 WHERE employee_id = 123;
COMMIT;

-- UPDATING EMPLOYEE SALARY 62 --
BEGIN;
UPDATE employees SET salary = salary + 755 WHERE employee_id = 62;
COMMIT;

-- UPDATING EMPLOYEE SALARY 190 --
BEGIN;
UPDATE employees SET salary = salary + 1671 WHERE employee_id = 190;
COMMIT;

-- UPDATING EMPLOYEE SALARY 62 --
BEGIN;
UPDATE employees SET salary = salary + 3194 WHERE employee_id = 62;
COMMIT;

-- UPDATING EMPLOYEE SALARY 84 --
BEGIN;
UPDATE employees SET salary = salary + 833 WHERE employee_id = 84;
COMMIT;

-- UPDATING EMPLOYEE SALARY 96 --
BEGIN;
UPDATE employees SET salary = salary + 5905 WHERE employee_id = 96;
COMMIT;

-- UPDATING EMPLOYEE SALARY 38 --
BEGIN;
UPDATE employees SET salary = salary + 4160 WHERE employee_id = 38;
COMMIT;

-- UPDATING EMPLOYEE SALARY 190 --
BEGIN;
UPDATE employees SET salary = salary + 888 WHERE employee_id = 190;
COMMIT;

-- UPDATING EMPLOYEE SALARY 210 --
BEGIN;
UPDATE employees SET salary = salary + 5599 WHERE employee_id = 210;
COMMIT;

-- UPDATING EMPLOYEE SALARY 140 --
BEGIN;
UPDATE employees SET salary = salary + 701 WHERE employee_id = 140;
COMMIT;

-- UPDATING EMPLOYEE SALARY 173 --
BEGIN;
UPDATE employees SET salary = salary + 7812 WHERE employee_id = 173;
COMMIT;

-- UPDATING EMPLOYEE SALARY 216 --
BEGIN;
UPDATE employees SET salary = salary + 8585 WHERE employee_id = 216;
COMMIT;

-- UPDATING EMPLOYEE SALARY 49 --
BEGIN;
UPDATE employees SET salary = salary + 5818 WHERE employee_id = 49;
COMMIT;

-- UPDATING EMPLOYEE SALARY 90 --
BEGIN;
UPDATE employees SET salary = salary + 3174 WHERE employee_id = 90;
COMMIT;

-- UPDATING EMPLOYEE SALARY 242 --
BEGIN;
UPDATE employees SET salary = salary + 4779 WHERE employee_id = 242;
COMMIT;

-- UPDATING EMPLOYEE SALARY 186 --
BEGIN;
UPDATE employees SET salary = salary + 3334 WHERE employee_id = 186;
COMMIT;

-- UPDATING EMPLOYEE SALARY 25 --
BEGIN;
UPDATE employees SET salary = salary + 9287 WHERE employee_id = 25;
COMMIT;

-- UPDATING EMPLOYEE SALARY 203 --
BEGIN;
UPDATE employees SET salary = salary + 3179 WHERE employee_id = 203;
COMMIT;

-- UPDATING EMPLOYEE SALARY 187 --
BEGIN;
UPDATE employees SET salary = salary + 5230 WHERE employee_id = 187;
COMMIT;

-- UPDATING EMPLOYEE SALARY 27 --
BEGIN;
UPDATE employees SET salary = salary + 142 WHERE employee_id = 27;
COMMIT;

-- UPDATING EMPLOYEE SALARY 185 --
BEGIN;
UPDATE employees SET salary = salary + 5440 WHERE employee_id = 185;
COMMIT;

-- UPDATING EMPLOYEE SALARY 175 --
BEGIN;
UPDATE employees SET salary = salary + 9932 WHERE employee_id = 175;
COMMIT;

-- UPDATING EMPLOYEE SALARY 190 --
BEGIN;
UPDATE employees SET salary = salary + 1673 WHERE employee_id = 190;
COMMIT;

-- UPDATING EMPLOYEE SALARY 100 --
BEGIN;
UPDATE employees SET salary = salary + 2473 WHERE employee_id = 100;
COMMIT;

-- UPDATING EMPLOYEE SALARY 212 --
BEGIN;
UPDATE employees SET salary = salary + 2269 WHERE employee_id = 212;
COMMIT;

-- UPDATING EMPLOYEE SALARY 141 --
BEGIN;
UPDATE employees SET salary = salary + 5854 WHERE employee_id = 141;
COMMIT;

-- UPDATING EMPLOYEE SALARY 138 --
BEGIN;
UPDATE employees SET salary = salary + 5697 WHERE employee_id = 138;
COMMIT;

-- UPDATING EMPLOYEE SALARY 80 --
BEGIN;
UPDATE employees SET salary = salary + 1249 WHERE employee_id = 80;
COMMIT;

-- UPDATING EMPLOYEE SALARY 243 --
BEGIN;
UPDATE employees SET salary = salary + 5356 WHERE employee_id = 243;
COMMIT;

-- UPDATING EMPLOYEE SALARY 195 --
BEGIN;
UPDATE employees SET salary = salary + 7244 WHERE employee_id = 195;
COMMIT;

-- UPDATING EMPLOYEE SALARY 119 --
BEGIN;
UPDATE employees SET salary = salary + 1549 WHERE employee_id = 119;
COMMIT;

-- UPDATING EMPLOYEE SALARY 87 --
BEGIN;
UPDATE employees SET salary = salary + 8667 WHERE employee_id = 87;
COMMIT;

-- UPDATING EMPLOYEE SALARY 39 --
BEGIN;
UPDATE employees SET salary = salary + 886 WHERE employee_id = 39;
COMMIT;

-- UPDATING EMPLOYEE SALARY 214 --
BEGIN;
UPDATE employees SET salary = salary + 8559 WHERE employee_id = 214;
COMMIT;

-- UPDATING EMPLOYEE SALARY 249 --
BEGIN;
UPDATE employees SET salary = salary + 6284 WHERE employee_id = 249;
COMMIT;

-- UPDATING EMPLOYEE SALARY 131 --
BEGIN;
UPDATE employees SET salary = salary + 8266 WHERE employee_id = 131;
COMMIT;

-- UPDATING EMPLOYEE SALARY 34 --
BEGIN;
UPDATE employees SET salary = salary + 3829 WHERE employee_id = 34;
COMMIT;

-- UPDATING EMPLOYEE SALARY 1 --
BEGIN;
UPDATE employees SET salary = salary + 2140 WHERE employee_id = 1;
COMMIT;

-- UPDATING EMPLOYEE SALARY 226 --
BEGIN;
UPDATE employees SET salary = salary + 8264 WHERE employee_id = 226;
COMMIT;

-- UPDATING EMPLOYEE SALARY 196 --
BEGIN;
UPDATE employees SET salary = salary + 9380 WHERE employee_id = 196;
COMMIT;

-- UPDATING EMPLOYEE SALARY 129 --
BEGIN;
UPDATE employees SET salary = salary + 2825 WHERE employee_id = 129;
COMMIT;

-- UPDATING EMPLOYEE SALARY 216 --
BEGIN;
UPDATE employees SET salary = salary + 5887 WHERE employee_id = 216;
COMMIT;

-- UPDATING EMPLOYEE SALARY 235 --
BEGIN;
UPDATE employees SET salary = salary + 1675 WHERE employee_id = 235;
COMMIT;

-- UPDATING EMPLOYEE SALARY 34 --
BEGIN;
UPDATE employees SET salary = salary + 6930 WHERE employee_id = 34;
COMMIT;

-- UPDATING EMPLOYEE SALARY 93 --
BEGIN;
UPDATE employees SET salary = salary + 6385 WHERE employee_id = 93;
COMMIT;

-- UPDATING EMPLOYEE SALARY 64 --
BEGIN;
UPDATE employees SET salary = salary + 8987 WHERE employee_id = 64;
COMMIT;

-- UPDATING EMPLOYEE SALARY 96 --
BEGIN;
UPDATE employees SET salary = salary + 1461 WHERE employee_id = 96;
COMMIT;

-- UPDATING EMPLOYEE SALARY 45 --
BEGIN;
UPDATE employees SET salary = salary + 414 WHERE employee_id = 45;
COMMIT;

-- UPDATING EMPLOYEE SALARY 78 --
BEGIN;
UPDATE employees SET salary = salary + 869 WHERE employee_id = 78;
COMMIT;

-- UPDATING EMPLOYEE SALARY 164 --
BEGIN;
UPDATE employees SET salary = salary + 6074 WHERE employee_id = 164;
COMMIT;

-- UPDATING EMPLOYEE SALARY 88 --
BEGIN;
UPDATE employees SET salary = salary + 93 WHERE employee_id = 88;
COMMIT;

-- UPDATING EMPLOYEE SALARY 194 --
BEGIN;
UPDATE employees SET salary = salary + 6949 WHERE employee_id = 194;
COMMIT;

-- UPDATING EMPLOYEE SALARY 160 --
BEGIN;
UPDATE employees SET salary = salary + 8925 WHERE employee_id = 160;
COMMIT;

-- UPDATING EMPLOYEE SALARY 180 --
BEGIN;
UPDATE employees SET salary = salary + 2346 WHERE employee_id = 180;
COMMIT;

-- UPDATING EMPLOYEE SALARY 17 --
BEGIN;
UPDATE employees SET salary = salary + 399 WHERE employee_id = 17;
COMMIT;

-- UPDATING EMPLOYEE SALARY 210 --
BEGIN;
UPDATE employees SET salary = salary + 5726 WHERE employee_id = 210;
COMMIT;

-- UPDATING EMPLOYEE SALARY 123 --
BEGIN;
UPDATE employees SET salary = salary + 2439 WHERE employee_id = 123;
COMMIT;

-- UPDATING EMPLOYEE SALARY 225 --
BEGIN;
UPDATE employees SET salary = salary + 6421 WHERE employee_id = 225;
COMMIT;

-- UPDATING EMPLOYEE SALARY 92 --
BEGIN;
UPDATE employees SET salary = salary + 2683 WHERE employee_id = 92;
COMMIT;

-- UPDATING EMPLOYEE SALARY 201 --
BEGIN;
UPDATE employees SET salary = salary + 7235 WHERE employee_id = 201;
COMMIT;

-- UPDATING EMPLOYEE SALARY 49 --
BEGIN;
UPDATE employees SET salary = salary + 2896 WHERE employee_id = 49;
COMMIT;

-- UPDATING EMPLOYEE SALARY 17 --
BEGIN;
UPDATE employees SET salary = salary + 4325 WHERE employee_id = 17;
COMMIT;

-- UPDATING EMPLOYEE SALARY 26 --
BEGIN;
UPDATE employees SET salary = salary + 9809 WHERE employee_id = 26;
COMMIT;

-- UPDATING EMPLOYEE SALARY 125 --
BEGIN;
UPDATE employees SET salary = salary + 1626 WHERE employee_id = 125;
COMMIT;

-- UPDATING EMPLOYEE SALARY 212 --
BEGIN;
UPDATE employees SET salary = salary + 1488 WHERE employee_id = 212;
COMMIT;

-- UPDATING EMPLOYEE SALARY 25 --
BEGIN;
UPDATE employees SET salary = salary + 7390 WHERE employee_id = 25;
COMMIT;

-- UPDATING EMPLOYEE SALARY 151 --
BEGIN;
UPDATE employees SET salary = salary + 2073 WHERE employee_id = 151;
COMMIT;

-- INSERTING EMPLOYEE 254 --
BEGIN;
INSERT INTO employees (employee_id, first_name, last_name, email, phone_number, hire_date, job_id, salary,manager_id,department_id) VALUES (254, 'Zoe', 'Saldana', 'zoe.saldana@gmail.com', '555-5670', '2000-03-31', 9, 380000.00, 139, 247);
COMMIT;

-- INSERTING DEPENDENT 94 --
BEGIN;
INSERT INTO dependents (dependent_id, first_name, last_name, relationship, employee_id) VALUES (763, 'Iris', 'Apfel', 'child', 94);
END;

-- UPDATING EMPLOYEE SALARY 217 --
BEGIN;
UPDATE employees SET salary = salary + 2857 WHERE employee_id = 217;
COMMIT;

-- UPDATING EMPLOYEE SALARY 37 --
BEGIN;
UPDATE employees SET salary = salary + 1740 WHERE employee_id = 37;
COMMIT;

-- UPDATING EMPLOYEE SALARY 38 --
BEGIN;
UPDATE employees SET salary = salary + 846 WHERE employee_id = 38;
COMMIT;

-- UPDATING EMPLOYEE SALARY 104 --
BEGIN;
UPDATE employees SET salary = salary + 6460 WHERE employee_id = 104;
COMMIT;

-- UPDATING EMPLOYEE SALARY 164 --
BEGIN;
UPDATE employees SET salary = salary + 8849 WHERE employee_id = 164;
COMMIT;

-- UPDATING EMPLOYEE SALARY 189 --
BEGIN;
UPDATE employees SET salary = salary + 7063 WHERE employee_id = 189;
COMMIT;

-- UPDATING EMPLOYEE SALARY 103 --
BEGIN;
UPDATE employees SET salary = salary + 1715 WHERE employee_id = 103;
COMMIT;

-- UPDATING EMPLOYEE SALARY 97 --
BEGIN;
UPDATE employees SET salary = salary + 6209 WHERE employee_id = 97;
COMMIT;

-- UPDATING EMPLOYEE SALARY 133 --
BEGIN;
UPDATE employees SET salary = salary + 4721 WHERE employee_id = 133;
COMMIT;

-- UPDATING EMPLOYEE SALARY 135 --
BEGIN;
UPDATE employees SET salary = salary + 5227 WHERE employee_id = 135;
COMMIT;

-- UPDATING EMPLOYEE SALARY 206 --
BEGIN;
UPDATE employees SET salary = salary + 3470 WHERE employee_id = 206;
COMMIT;

-- UPDATING EMPLOYEE SALARY 155 --
BEGIN;
UPDATE employees SET salary = salary + 7547 WHERE employee_id = 155;
COMMIT;

-- UPDATING EMPLOYEE SALARY 164 --
BEGIN;
UPDATE employees SET salary = salary + 152 WHERE employee_id = 164;
COMMIT;

-- UPDATING EMPLOYEE SALARY 80 --
BEGIN;
UPDATE employees SET salary = salary + 8778 WHERE employee_id = 80;
COMMIT;

-- UPDATING EMPLOYEE SALARY 149 --
BEGIN;
UPDATE employees SET salary = salary + 1275 WHERE employee_id = 149;
COMMIT;

-- UPDATING EMPLOYEE SALARY 146 --
BEGIN;
UPDATE employees SET salary = salary + 9003 WHERE employee_id = 146;
COMMIT;

-- UPDATING EMPLOYEE SALARY 176 --
BEGIN;
UPDATE employees SET salary = salary + 9858 WHERE employee_id = 176;
COMMIT;

-- UPDATING EMPLOYEE SALARY 179 --
BEGIN;
UPDATE employees SET salary = salary + 2578 WHERE employee_id = 179;
COMMIT;

-- UPDATING EMPLOYEE SALARY 161 --
BEGIN;
UPDATE employees SET salary = salary + 9415 WHERE employee_id = 161;
COMMIT;

-- UPDATING EMPLOYEE SALARY 134 --
BEGIN;
UPDATE employees SET salary = salary + 3781 WHERE employee_id = 134;
COMMIT;

-- UPDATING EMPLOYEE SALARY 166 --
BEGIN;
UPDATE employees SET salary = salary + 1361 WHERE employee_id = 166;
COMMIT;

-- UPDATING EMPLOYEE SALARY 123 --
BEGIN;
UPDATE employees SET salary = salary + 2480 WHERE employee_id = 123;
COMMIT;

-- UPDATING EMPLOYEE SALARY 140 --
BEGIN;
UPDATE employees SET salary = salary + 4301 WHERE employee_id = 140;
COMMIT;

-- UPDATING EMPLOYEE SALARY 220 --
BEGIN;
UPDATE employees SET salary = salary + 29 WHERE employee_id = 220;
COMMIT;

-- UPDATING EMPLOYEE SALARY 60 --
BEGIN;
UPDATE employees SET salary = salary + 3117 WHERE employee_id = 60;
COMMIT;

-- UPDATING EMPLOYEE SALARY 245 --
BEGIN;
UPDATE employees SET salary = salary + 5294 WHERE employee_id = 245;
COMMIT;

-- UPDATING EMPLOYEE SALARY 71 --
BEGIN;
UPDATE employees SET salary = salary + 2462 WHERE employee_id = 71;
COMMIT;

-- UPDATING EMPLOYEE SALARY 184 --
BEGIN;
UPDATE employees SET salary = salary + 3310 WHERE employee_id = 184;
COMMIT;

-- UPDATING EMPLOYEE SALARY 131 --
BEGIN;
UPDATE employees SET salary = salary + 2143 WHERE employee_id = 131;
COMMIT;

-- UPDATING EMPLOYEE SALARY 27 --
BEGIN;
UPDATE employees SET salary = salary + 5362 WHERE employee_id = 27;
COMMIT;

-- UPDATING EMPLOYEE SALARY 26 --
BEGIN;
UPDATE employees SET salary = salary + 7866 WHERE employee_id = 26;
COMMIT;

-- UPDATING EMPLOYEE SALARY 190 --
BEGIN;
UPDATE employees SET salary = salary + 5588 WHERE employee_id = 190;
COMMIT;

-- UPDATING EMPLOYEE SALARY 198 --
BEGIN;
UPDATE employees SET salary = salary + 8352 WHERE employee_id = 198;
COMMIT;

-- UPDATING EMPLOYEE SALARY 136 --
BEGIN;
UPDATE employees SET salary = salary + 6779 WHERE employee_id = 136;
COMMIT;

-- UPDATING EMPLOYEE SALARY 46 --
BEGIN;
UPDATE employees SET salary = salary + 6080 WHERE employee_id = 46;
COMMIT;

-- UPDATING EMPLOYEE SALARY 36 --
BEGIN;
UPDATE employees SET salary = salary + 5352 WHERE employee_id = 36;
COMMIT;

-- UPDATING EMPLOYEE SALARY 125 --
BEGIN;
UPDATE employees SET salary = salary + 6452 WHERE employee_id = 125;
COMMIT;

-- UPDATING EMPLOYEE SALARY 27 --
BEGIN;
UPDATE employees SET salary = salary + 949 WHERE employee_id = 27;
COMMIT;

-- UPDATING EMPLOYEE SALARY 192 --
BEGIN;
UPDATE employees SET salary = salary + 6477 WHERE employee_id = 192;
COMMIT;

-- UPDATING EMPLOYEE SALARY 39 --
BEGIN;
UPDATE employees SET salary = salary + 7911 WHERE employee_id = 39;
COMMIT;

-- UPDATING EMPLOYEE SALARY 58 --
BEGIN;
UPDATE employees SET salary = salary + 2290 WHERE employee_id = 58;
COMMIT;

-- UPDATING EMPLOYEE SALARY 174 --
BEGIN;
UPDATE employees SET salary = salary + 877 WHERE employee_id = 174;
COMMIT;

-- UPDATING EMPLOYEE SALARY 141 --
BEGIN;
UPDATE employees SET salary = salary + 7450 WHERE employee_id = 141;
COMMIT;

-- UPDATING EMPLOYEE SALARY 34 --
BEGIN;
UPDATE employees SET salary = salary + 2079 WHERE employee_id = 34;
COMMIT;

-- UPDATING EMPLOYEE SALARY 189 --
BEGIN;
UPDATE employees SET salary = salary + 5617 WHERE employee_id = 189;
COMMIT;

-- UPDATING EMPLOYEE SALARY 202 --
BEGIN;
UPDATE employees SET salary = salary + 5682 WHERE employee_id = 202;
COMMIT;

-- UPDATING EMPLOYEE SALARY 130 --
BEGIN;
UPDATE employees SET salary = salary + 7656 WHERE employee_id = 130;
COMMIT;

-- UPDATING EMPLOYEE SALARY 227 --
BEGIN;
UPDATE employees SET salary = salary + 7250 WHERE employee_id = 227;
COMMIT;

-- UPDATING EMPLOYEE SALARY 201 --
BEGIN;
UPDATE employees SET salary = salary + 2273 WHERE employee_id = 201;
COMMIT;

-- UPDATING EMPLOYEE SALARY 45 --
BEGIN;
UPDATE employees SET salary = salary + 7424 WHERE employee_id = 45;
COMMIT;

-- UPDATING EMPLOYEE SALARY 246 --
BEGIN;
UPDATE employees SET salary = salary + 2989 WHERE employee_id = 246;
COMMIT;

-- UPDATING EMPLOYEE SALARY 237 --
BEGIN;
UPDATE employees SET salary = salary + 2078 WHERE employee_id = 237;
COMMIT;

-- UPDATING EMPLOYEE SALARY 246 --
BEGIN;
UPDATE employees SET salary = salary + 7522 WHERE employee_id = 246;
COMMIT;

-- UPDATING EMPLOYEE SALARY 209 --
BEGIN;
UPDATE employees SET salary = salary + 2682 WHERE employee_id = 209;
COMMIT;

-- UPDATING EMPLOYEE SALARY 75 --
BEGIN;
UPDATE employees SET salary = salary + 1289 WHERE employee_id = 75;
COMMIT;

-- UPDATING EMPLOYEE SALARY 121 --
BEGIN;
UPDATE employees SET salary = salary + 4704 WHERE employee_id = 121;
COMMIT;

-- INSERTING EMPLOYEE 255 --
BEGIN;
INSERT INTO employees (employee_id, first_name, last_name, email, phone_number, hire_date, job_id, salary,manager_id,department_id) VALUES (255, 'Ian', 'Malcolm', 'ian.malcolm@gmail.com', '555-3210', '1996-12-26', 19, 150000.00, 174, 572);
COMMIT;

-- INSERTING EMPLOYEE 256 --
BEGIN;
INSERT INTO employees (employee_id, first_name, last_name, email, phone_number, hire_date, job_id, salary,manager_id,department_id) VALUES (256, 'Queen', 'Latifah', 'queen.latifah@gmail.com', '555-2347', '2018-02-04', 1, 550000.00, 234, 458);
INSERT INTO dependents (dependent_id, first_name, last_name, relationship, employee_id) VALUES (764, 'Stephen', 'Hawking', 'spouse', 256);
INSERT INTO dependents (dependent_id, first_name, last_name, relationship, employee_id) VALUES (765, 'David', 'Hilbert', 'parent', 256);
INSERT INTO dependents (dependent_id, first_name, last_name, relationship, employee_id) VALUES (766, 'Rita', 'Levi-Montalcini', 'spouse', 256);
INSERT INTO dependents (dependent_id, first_name, last_name, relationship, employee_id) VALUES (767, 'Kate', 'Winslet', 'child', 256);
COMMIT;

-- DELETING EMPLOYEE 96 --
BEGIN;
UPDATE employees SET manager_id = 135 WHERE employee_id = 205;
DELETE FROM dependents WHERE employee_id = 96;
DELETE FROM employees WHERE employee_id = 96;
COMMIT;

-- INSERTING DEPENDENT 198 --
BEGIN;
INSERT INTO dependents (dependent_id, first_name, last_name, relationship, employee_id) VALUES (768, 'Neil', 'Armstrong', 'parent', 198);
END;

-- INSERTING DEPENDENT 71 --
BEGIN;
INSERT INTO dependents (dependent_id, first_name, last_name, relationship, employee_id) VALUES (769, 'Nikola', 'Tesla', 'child', 71);
END;

-- DELETING DEPENDENT 703 --
BEGIN;
DELETE FROM dependents WHERE dependent_id = 703;
COMMIT;

-- UPDATING EMPLOYEE SALARY 182 --
BEGIN;
UPDATE employees SET salary = salary + 7206 WHERE employee_id = 182;
COMMIT;

-- UPDATING EMPLOYEE SALARY 124 --
BEGIN;
UPDATE employees SET salary = salary + 7687 WHERE employee_id = 124;
COMMIT;

-- UPDATING EMPLOYEE SALARY 255 --
BEGIN;
UPDATE employees SET salary = salary + 5886 WHERE employee_id = 255;
COMMIT;

-- UPDATING EMPLOYEE SALARY 229 --
BEGIN;
UPDATE employees SET salary = salary + 1957 WHERE employee_id = 229;
COMMIT;

-- UPDATING EMPLOYEE SALARY 254 --
BEGIN;
UPDATE employees SET salary = salary + 5064 WHERE employee_id = 254;
COMMIT;

-- UPDATING EMPLOYEE SALARY 125 --
BEGIN;
UPDATE employees SET salary = salary + 4364 WHERE employee_id = 125;
COMMIT;

-- UPDATING EMPLOYEE SALARY 160 --
BEGIN;
UPDATE employees SET salary = salary + 1968 WHERE employee_id = 160;
COMMIT;

-- UPDATING EMPLOYEE SALARY 150 --
BEGIN;
UPDATE employees SET salary = salary + 9296 WHERE employee_id = 150;
COMMIT;

-- UPDATING EMPLOYEE SALARY 119 --
BEGIN;
UPDATE employees SET salary = salary + 4981 WHERE employee_id = 119;
COMMIT;

-- UPDATING EMPLOYEE SALARY 255 --
BEGIN;
UPDATE employees SET salary = salary + 3651 WHERE employee_id = 255;
COMMIT;

-- UPDATING EMPLOYEE SALARY 160 --
BEGIN;
UPDATE employees SET salary = salary + 300 WHERE employee_id = 160;
COMMIT;

-- UPDATING EMPLOYEE SALARY 76 --
BEGIN;
UPDATE employees SET salary = salary + 5371 WHERE employee_id = 76;
COMMIT;

-- UPDATING EMPLOYEE SALARY 50 --
BEGIN;
UPDATE employees SET salary = salary + 8117 WHERE employee_id = 50;
COMMIT;

-- UPDATING EMPLOYEE SALARY 194 --
BEGIN;
UPDATE employees SET salary = salary + 2532 WHERE employee_id = 194;
COMMIT;

-- UPDATING EMPLOYEE SALARY 233 --
BEGIN;
UPDATE employees SET salary = salary + 5988 WHERE employee_id = 233;
COMMIT;

-- UPDATING EMPLOYEE SALARY 17 --
BEGIN;
UPDATE employees SET salary = salary + 8592 WHERE employee_id = 17;
COMMIT;

-- UPDATING EMPLOYEE SALARY 39 --
BEGIN;
UPDATE employees SET salary = salary + 1451 WHERE employee_id = 39;
COMMIT;

-- UPDATING EMPLOYEE SALARY 150 --
BEGIN;
UPDATE employees SET salary = salary + 941 WHERE employee_id = 150;
COMMIT;

-- UPDATING EMPLOYEE SALARY 167 --
BEGIN;
UPDATE employees SET salary = salary + 731 WHERE employee_id = 167;
COMMIT;

-- UPDATING EMPLOYEE SALARY 250 --
BEGIN;
UPDATE employees SET salary = salary + 1033 WHERE employee_id = 250;
COMMIT;

-- UPDATING EMPLOYEE SALARY 192 --
BEGIN;
UPDATE employees SET salary = salary + 9708 WHERE employee_id = 192;
COMMIT;

-- UPDATING EMPLOYEE SALARY 11 --
BEGIN;
UPDATE employees SET salary = salary + 6858 WHERE employee_id = 11;
COMMIT;

-- UPDATING EMPLOYEE SALARY 86 --
BEGIN;
UPDATE employees SET salary = salary + 7349 WHERE employee_id = 86;
COMMIT;

-- UPDATING EMPLOYEE SALARY 194 --
BEGIN;
UPDATE employees SET salary = salary + 475 WHERE employee_id = 194;
COMMIT;

-- UPDATING EMPLOYEE SALARY 149 --
BEGIN;
UPDATE employees SET salary = salary + 5585 WHERE employee_id = 149;
COMMIT;

-- UPDATING EMPLOYEE SALARY 100 --
BEGIN;
UPDATE employees SET salary = salary + 7053 WHERE employee_id = 100;
COMMIT;

-- INSERTING EMPLOYEE 257 --
BEGIN;
INSERT INTO employees (employee_id, first_name, last_name, email, phone_number, hire_date, job_id, salary,manager_id,department_id) VALUES (257, 'Xander', 'Cage', 'xander.cage@gmail.com', '555-7892', '2014-07-26', 20, 300000.00, 219, 1);
INSERT INTO dependents (dependent_id, first_name, last_name, relationship, employee_id) VALUES (770, 'Marie', 'Curie', 'parent', 257);
INSERT INTO dependents (dependent_id, first_name, last_name, relationship, employee_id) VALUES (771, 'Michael', 'Faraday', 'parent', 257);
INSERT INTO dependents (dependent_id, first_name, last_name, relationship, employee_id) VALUES (772, 'Rachel', 'Carson', 'spouse', 257);
COMMIT;

-- INSERTING EMPLOYEE 258 --
BEGIN;
INSERT INTO employees (employee_id, first_name, last_name, email, phone_number, hire_date, job_id, salary,manager_id,department_id) VALUES (258, 'Paula', 'Patton', 'paula.patton@gmail.com', '555-9012', '1992-09-28', 9, 220000.00, 229, 550);
INSERT INTO dependents (dependent_id, first_name, last_name, relationship, employee_id) VALUES (773, 'Louis', 'Pasteur', 'parent', 258);
INSERT INTO dependents (dependent_id, first_name, last_name, relationship, employee_id) VALUES (774, 'Charles', 'Darwin', 'child', 258);
INSERT INTO dependents (dependent_id, first_name, last_name, relationship, employee_id) VALUES (775, 'Grace', 'Kelly', 'child', 258);
INSERT INTO dependents (dependent_id, first_name, last_name, relationship, employee_id) VALUES (776, 'Alex', 'Rodriguez', 'child', 258);
COMMIT;

-- INSERTING EMPLOYEE 259 --
BEGIN;
INSERT INTO employees (employee_id, first_name, last_name, email, phone_number, hire_date, job_id, salary,manager_id,department_id) VALUES (259, 'Eva', 'Mendes', 'eva.mendes@gmail.com', '555-0125', '1994-03-18', 5, 430000.00, 253, 8);
INSERT INTO dependents (dependent_id, first_name, last_name, relationship, employee_id) VALUES (777, 'Emmy', 'Noether', 'parent', 259);
INSERT INTO dependents (dependent_id, first_name, last_name, relationship, employee_id) VALUES (778, 'Dorothy', 'Hodgkin', 'spouse', 259);
INSERT INTO dependents (dependent_id, first_name, last_name, relationship, employee_id) VALUES (779, 'Rita', 'Levi-Montalcini', 'parent', 259);
INSERT INTO dependents (dependent_id, first_name, last_name, relationship, employee_id) VALUES (780, 'Werner', 'Heisenberg', 'spouse', 259);
COMMIT;

-- INSERTING EMPLOYEE 260 --
BEGIN;
INSERT INTO employees (employee_id, first_name, last_name, email, phone_number, hire_date, job_id, salary,manager_id,department_id) VALUES (260, 'Bob', 'Brown', 'bob.brown@gmail.com', '555-4321', '1999-06-08', 46, 80000.00, 134, 190);
COMMIT;

-- INSERTING EMPLOYEE 261 --
BEGIN;
INSERT INTO employees (employee_id, first_name, last_name, email, phone_number, hire_date, job_id, salary,manager_id,department_id) VALUES (261, 'Nina', 'Simone', 'nina.simone@gmail.com', '555-7891', '2003-05-04', 36, 200000.00, 196, 393);
COMMIT;

-- DELETING EMPLOYEE 157 --
BEGIN;
UPDATE employees SET manager_id = 64 WHERE employee_id = 182;
DELETE FROM dependents WHERE employee_id = 157;
DELETE FROM employees WHERE employee_id = 157;
COMMIT;

-- DELETING EMPLOYEE 164 --
BEGIN;
UPDATE employees SET manager_id = 202 WHERE employee_id = 204;
DELETE FROM dependents WHERE employee_id = 164;
DELETE FROM employees WHERE employee_id = 164;
COMMIT;

-- DELETING EMPLOYEE 226 --
BEGIN;
DELETE FROM dependents WHERE employee_id = 226;
DELETE FROM employees WHERE employee_id = 226;
COMMIT;

-- DELETING EMPLOYEE 71 --
BEGIN;
UPDATE employees SET manager_id = 200 WHERE employee_id = 77;
UPDATE employees SET manager_id = 200 WHERE employee_id = 5;
UPDATE employees SET manager_id = 200 WHERE employee_id = 11;
UPDATE employees SET manager_id = 200 WHERE employee_id = 13;
UPDATE employees SET manager_id = 200 WHERE employee_id = 31;
UPDATE employees SET manager_id = 200 WHERE employee_id = 54;
UPDATE employees SET manager_id = 200 WHERE employee_id = 58;
UPDATE employees SET manager_id = 200 WHERE employee_id = 90;
DELETE FROM dependents WHERE employee_id = 71;
DELETE FROM employees WHERE employee_id = 71;
COMMIT;

-- INSERTING DEPENDENT 155 --
BEGIN;
INSERT INTO dependents (dependent_id, first_name, last_name, relationship, employee_id) VALUES (781, 'Grace', 'Kelly', 'child', 155);
END;

-- INSERTING DEPENDENT 151 --
BEGIN;
INSERT INTO dependents (dependent_id, first_name, last_name, relationship, employee_id) VALUES (782, 'Rita', 'Levi-Montalcini', 'parent', 151);
END;

-- INSERTING DEPENDENT 209 --
BEGIN;
INSERT INTO dependents (dependent_id, first_name, last_name, relationship, employee_id) VALUES (783, 'Jane', 'Goodall', 'parent', 209);
END;

-- INSERTING DEPENDENT 94 --
BEGIN;
INSERT INTO dependents (dependent_id, first_name, last_name, relationship, employee_id) VALUES (784, 'Grace', 'Hopper', 'parent', 94);
END;

-- INSERTING DEPENDENT 85 --
BEGIN;
INSERT INTO dependents (dependent_id, first_name, last_name, relationship, employee_id) VALUES (785, 'Nikola', 'Tesla', 'spouse', 85);
END;

-- DELETING DEPENDENT 44 --
BEGIN;
DELETE FROM dependents WHERE dependent_id = 44;
COMMIT;

-- DELETING DEPENDENT 693 --
BEGIN;
DELETE FROM dependents WHERE dependent_id = 693;
COMMIT;

-- DELETING DEPENDENT 309 --
BEGIN;
DELETE FROM dependents WHERE dependent_id = 309;
COMMIT;

-- DELETING DEPENDENT 448 --
BEGIN;
DELETE FROM dependents WHERE dependent_id = 448;
COMMIT;

-- UPDATING EMPLOYEE SALARY 144 --
BEGIN;
UPDATE employees SET salary = salary + 4051 WHERE employee_id = 144;
COMMIT;

-- UPDATING EMPLOYEE SALARY 50 --
BEGIN;
UPDATE employees SET salary = salary + 3865 WHERE employee_id = 50;
COMMIT;

-- UPDATING EMPLOYEE SALARY 27 --
BEGIN;
UPDATE employees SET salary = salary + 3395 WHERE employee_id = 27;
COMMIT;

-- UPDATING EMPLOYEE SALARY 252 --
BEGIN;
UPDATE employees SET salary = salary + 8113 WHERE employee_id = 252;
COMMIT;

-- UPDATING EMPLOYEE SALARY 131 --
BEGIN;
UPDATE employees SET salary = salary + 2922 WHERE employee_id = 131;
COMMIT;

-- UPDATING EMPLOYEE SALARY 178 --
BEGIN;
UPDATE employees SET salary = salary + 6828 WHERE employee_id = 178;
COMMIT;

-- UPDATING EMPLOYEE SALARY 210 --
BEGIN;
UPDATE employees SET salary = salary + 4127 WHERE employee_id = 210;
COMMIT;

-- UPDATING EMPLOYEE SALARY 126 --
BEGIN;
UPDATE employees SET salary = salary + 3382 WHERE employee_id = 126;
COMMIT;

-- UPDATING EMPLOYEE SALARY 176 --
BEGIN;
UPDATE employees SET salary = salary + 8092 WHERE employee_id = 176;
COMMIT;

-- UPDATING EMPLOYEE SALARY 125 --
BEGIN;
UPDATE employees SET salary = salary + 7609 WHERE employee_id = 125;
COMMIT;

-- UPDATING EMPLOYEE SALARY 243 --
BEGIN;
UPDATE employees SET salary = salary + 5415 WHERE employee_id = 243;
COMMIT;

-- UPDATING EMPLOYEE SALARY 64 --
BEGIN;
UPDATE employees SET salary = salary + 8188 WHERE employee_id = 64;
COMMIT;

-- UPDATING EMPLOYEE SALARY 188 --
BEGIN;
UPDATE employees SET salary = salary + 3726 WHERE employee_id = 188;
COMMIT;

-- UPDATING EMPLOYEE SALARY 133 --
BEGIN;
UPDATE employees SET salary = salary + 2207 WHERE employee_id = 133;
COMMIT;

-- UPDATING EMPLOYEE SALARY 230 --
BEGIN;
UPDATE employees SET salary = salary + 3832 WHERE employee_id = 230;
COMMIT;

-- UPDATING EMPLOYEE SALARY 94 --
BEGIN;
UPDATE employees SET salary = salary + 5879 WHERE employee_id = 94;
COMMIT;

-- UPDATING EMPLOYEE SALARY 241 --
BEGIN;
UPDATE employees SET salary = salary + 7264 WHERE employee_id = 241;
COMMIT;

-- UPDATING EMPLOYEE SALARY 134 --
BEGIN;
UPDATE employees SET salary = salary + 7463 WHERE employee_id = 134;
COMMIT;

-- UPDATING EMPLOYEE SALARY 209 --
BEGIN;
UPDATE employees SET salary = salary + 5191 WHERE employee_id = 209;
COMMIT;

-- UPDATING EMPLOYEE SALARY 232 --
BEGIN;
UPDATE employees SET salary = salary + 6832 WHERE employee_id = 232;
COMMIT;

-- UPDATING EMPLOYEE SALARY 158 --
BEGIN;
UPDATE employees SET salary = salary + 1174 WHERE employee_id = 158;
COMMIT;

-- UPDATING EMPLOYEE SALARY 143 --
BEGIN;
UPDATE employees SET salary = salary + 2771 WHERE employee_id = 143;
COMMIT;

-- UPDATING EMPLOYEE SALARY 213 --
BEGIN;
UPDATE employees SET salary = salary + 8899 WHERE employee_id = 213;
COMMIT;

-- UPDATING EMPLOYEE SALARY 136 --
BEGIN;
UPDATE employees SET salary = salary + 6762 WHERE employee_id = 136;
COMMIT;

-- UPDATING EMPLOYEE SALARY 139 --
BEGIN;
UPDATE employees SET salary = salary + 8360 WHERE employee_id = 139;
COMMIT;

-- UPDATING EMPLOYEE SALARY 188 --
BEGIN;
UPDATE employees SET salary = salary + 3980 WHERE employee_id = 188;
COMMIT;

-- UPDATING EMPLOYEE SALARY 44 --
BEGIN;
UPDATE employees SET salary = salary + 1542 WHERE employee_id = 44;
COMMIT;

-- UPDATING EMPLOYEE SALARY 67 --
BEGIN;
UPDATE employees SET salary = salary + 7628 WHERE employee_id = 67;
COMMIT;

-- UPDATING EMPLOYEE SALARY 173 --
BEGIN;
UPDATE employees SET salary = salary + 7010 WHERE employee_id = 173;
COMMIT;

-- UPDATING EMPLOYEE SALARY 178 --
BEGIN;
UPDATE employees SET salary = salary + 8099 WHERE employee_id = 178;
COMMIT;

-- UPDATING EMPLOYEE SALARY 173 --
BEGIN;
UPDATE employees SET salary = salary + 3399 WHERE employee_id = 173;
COMMIT;

-- UPDATING EMPLOYEE SALARY 86 --
BEGIN;
UPDATE employees SET salary = salary + 2832 WHERE employee_id = 86;
COMMIT;

-- UPDATING EMPLOYEE SALARY 219 --
BEGIN;
UPDATE employees SET salary = salary + 7172 WHERE employee_id = 219;
COMMIT;

-- UPDATING EMPLOYEE SALARY 123 --
BEGIN;
UPDATE employees SET salary = salary + 898 WHERE employee_id = 123;
COMMIT;

-- UPDATING EMPLOYEE SALARY 173 --
BEGIN;
UPDATE employees SET salary = salary + 8321 WHERE employee_id = 173;
COMMIT;

-- UPDATING EMPLOYEE SALARY 229 --
BEGIN;
UPDATE employees SET salary = salary + 4424 WHERE employee_id = 229;
COMMIT;

-- UPDATING EMPLOYEE SALARY 237 --
BEGIN;
UPDATE employees SET salary = salary + 3211 WHERE employee_id = 237;
COMMIT;

-- UPDATING EMPLOYEE SALARY 94 --
BEGIN;
UPDATE employees SET salary = salary + 7447 WHERE employee_id = 94;
COMMIT;

-- UPDATING EMPLOYEE SALARY 197 --
BEGIN;
UPDATE employees SET salary = salary + 4195 WHERE employee_id = 197;
COMMIT;

-- UPDATING EMPLOYEE SALARY 1 --
BEGIN;
UPDATE employees SET salary = salary + 5606 WHERE employee_id = 1;
COMMIT;

-- UPDATING EMPLOYEE SALARY 80 --
BEGIN;
UPDATE employees SET salary = salary + 7191 WHERE employee_id = 80;
COMMIT;

-- UPDATING EMPLOYEE SALARY 173 --
BEGIN;
UPDATE employees SET salary = salary + 672 WHERE employee_id = 173;
COMMIT;

-- UPDATING EMPLOYEE SALARY 90 --
BEGIN;
UPDATE employees SET salary = salary + 9812 WHERE employee_id = 90;
COMMIT;

-- UPDATING EMPLOYEE SALARY 61 --
BEGIN;
UPDATE employees SET salary = salary + 8077 WHERE employee_id = 61;
COMMIT;

-- UPDATING EMPLOYEE SALARY 147 --
BEGIN;
UPDATE employees SET salary = salary + 8658 WHERE employee_id = 147;
COMMIT;

-- UPDATING EMPLOYEE SALARY 231 --
BEGIN;
UPDATE employees SET salary = salary + 5491 WHERE employee_id = 231;
COMMIT;

-- UPDATING EMPLOYEE SALARY 11 --
BEGIN;
UPDATE employees SET salary = salary + 8177 WHERE employee_id = 11;
COMMIT;

-- UPDATING EMPLOYEE SALARY 150 --
BEGIN;
UPDATE employees SET salary = salary + 9449 WHERE employee_id = 150;
COMMIT;

-- UPDATING EMPLOYEE SALARY 34 --
BEGIN;
UPDATE employees SET salary = salary + 5110 WHERE employee_id = 34;
COMMIT;

-- UPDATING EMPLOYEE SALARY 37 --
BEGIN;
UPDATE employees SET salary = salary + 8224 WHERE employee_id = 37;
COMMIT;

-- UPDATING EMPLOYEE SALARY 180 --
BEGIN;
UPDATE employees SET salary = salary + 9260 WHERE employee_id = 180;
COMMIT;

-- UPDATING EMPLOYEE SALARY 80 --
BEGIN;
UPDATE employees SET salary = salary + 2882 WHERE employee_id = 80;
COMMIT;

-- UPDATING EMPLOYEE SALARY 212 --
BEGIN;
UPDATE employees SET salary = salary + 3398 WHERE employee_id = 212;
COMMIT;

-- UPDATING EMPLOYEE SALARY 11 --
BEGIN;
UPDATE employees SET salary = salary + 8565 WHERE employee_id = 11;
COMMIT;

-- UPDATING EMPLOYEE SALARY 222 --
BEGIN;
UPDATE employees SET salary = salary + 8662 WHERE employee_id = 222;
COMMIT;

-- UPDATING EMPLOYEE SALARY 220 --
BEGIN;
UPDATE employees SET salary = salary + 7544 WHERE employee_id = 220;
COMMIT;

-- UPDATING EMPLOYEE SALARY 151 --
BEGIN;
UPDATE employees SET salary = salary + 2279 WHERE employee_id = 151;
COMMIT;

-- UPDATING EMPLOYEE SALARY 67 --
BEGIN;
UPDATE employees SET salary = salary + 7250 WHERE employee_id = 67;
COMMIT;

-- UPDATING EMPLOYEE SALARY 172 --
BEGIN;
UPDATE employees SET salary = salary + 7229 WHERE employee_id = 172;
COMMIT;

-- UPDATING EMPLOYEE SALARY 26 --
BEGIN;
UPDATE employees SET salary = salary + 5805 WHERE employee_id = 26;
COMMIT;

-- UPDATING EMPLOYEE SALARY 22 --
BEGIN;
UPDATE employees SET salary = salary + 1881 WHERE employee_id = 22;
COMMIT;

-- UPDATING EMPLOYEE SALARY 34 --
BEGIN;
UPDATE employees SET salary = salary + 626 WHERE employee_id = 34;
COMMIT;

-- UPDATING EMPLOYEE SALARY 161 --
BEGIN;
UPDATE employees SET salary = salary + 8676 WHERE employee_id = 161;
COMMIT;

-- UPDATING EMPLOYEE SALARY 64 --
BEGIN;
UPDATE employees SET salary = salary + 1683 WHERE employee_id = 64;
COMMIT;

-- UPDATING EMPLOYEE SALARY 68 --
BEGIN;
UPDATE employees SET salary = salary + 6759 WHERE employee_id = 68;
COMMIT;

-- UPDATING EMPLOYEE SALARY 118 --
BEGIN;
UPDATE employees SET salary = salary + 4542 WHERE employee_id = 118;
COMMIT;

-- UPDATING EMPLOYEE SALARY 135 --
BEGIN;
UPDATE employees SET salary = salary + 1257 WHERE employee_id = 135;
COMMIT;

-- UPDATING EMPLOYEE SALARY 240 --
BEGIN;
UPDATE employees SET salary = salary + 6504 WHERE employee_id = 240;
COMMIT;

-- UPDATING EMPLOYEE SALARY 205 --
BEGIN;
UPDATE employees SET salary = salary + 2958 WHERE employee_id = 205;
COMMIT;

-- UPDATING EMPLOYEE SALARY 260 --
BEGIN;
UPDATE employees SET salary = salary + 5923 WHERE employee_id = 260;
COMMIT;

-- UPDATING EMPLOYEE SALARY 91 --
BEGIN;
UPDATE employees SET salary = salary + 6534 WHERE employee_id = 91;
COMMIT;

-- UPDATING EMPLOYEE SALARY 256 --
BEGIN;
UPDATE employees SET salary = salary + 9296 WHERE employee_id = 256;
COMMIT;

-- UPDATING EMPLOYEE SALARY 210 --
BEGIN;
UPDATE employees SET salary = salary + 8767 WHERE employee_id = 210;
COMMIT;

-- UPDATING EMPLOYEE SALARY 175 --
BEGIN;
UPDATE employees SET salary = salary + 7594 WHERE employee_id = 175;
COMMIT;

-- UPDATING EMPLOYEE SALARY 256 --
BEGIN;
UPDATE employees SET salary = salary + 7657 WHERE employee_id = 256;
COMMIT;

-- UPDATING EMPLOYEE SALARY 245 --
BEGIN;
UPDATE employees SET salary = salary + 3415 WHERE employee_id = 245;
COMMIT;

-- UPDATING EMPLOYEE SALARY 64 --
BEGIN;
UPDATE employees SET salary = salary + 2614 WHERE employee_id = 64;
COMMIT;

-- UPDATING EMPLOYEE SALARY 210 --
BEGIN;
UPDATE employees SET salary = salary + 7815 WHERE employee_id = 210;
COMMIT;

-- UPDATING EMPLOYEE SALARY 107 --
BEGIN;
UPDATE employees SET salary = salary + 5637 WHERE employee_id = 107;
COMMIT;

-- UPDATING EMPLOYEE SALARY 178 --
BEGIN;
UPDATE employees SET salary = salary + 1530 WHERE employee_id = 178;
COMMIT;

-- UPDATING EMPLOYEE SALARY 78 --
BEGIN;
UPDATE employees SET salary = salary + 8210 WHERE employee_id = 78;
COMMIT;

-- UPDATING EMPLOYEE SALARY 6 --
BEGIN;
UPDATE employees SET salary = salary + 6233 WHERE employee_id = 6;
COMMIT;

-- UPDATING EMPLOYEE SALARY 254 --
BEGIN;
UPDATE employees SET salary = salary + 5280 WHERE employee_id = 254;
COMMIT;

-- UPDATING EMPLOYEE SALARY 41 --
BEGIN;
UPDATE employees SET salary = salary + 2709 WHERE employee_id = 41;
COMMIT;

-- UPDATING EMPLOYEE SALARY 6 --
BEGIN;
UPDATE employees SET salary = salary + 2713 WHERE employee_id = 6;
COMMIT;

-- UPDATING EMPLOYEE SALARY 193 --
BEGIN;
UPDATE employees SET salary = salary + 204 WHERE employee_id = 193;
COMMIT;

-- UPDATING EMPLOYEE SALARY 232 --
BEGIN;
UPDATE employees SET salary = salary + 4342 WHERE employee_id = 232;
COMMIT;

-- UPDATING EMPLOYEE SALARY 199 --
BEGIN;
UPDATE employees SET salary = salary + 6840 WHERE employee_id = 199;
COMMIT;

-- UPDATING EMPLOYEE SALARY 225 --
BEGIN;
UPDATE employees SET salary = salary + 3705 WHERE employee_id = 225;
COMMIT;

-- UPDATING EMPLOYEE SALARY 234 --
BEGIN;
UPDATE employees SET salary = salary + 1750 WHERE employee_id = 234;
COMMIT;

-- UPDATING EMPLOYEE SALARY 17 --
BEGIN;
UPDATE employees SET salary = salary + 7227 WHERE employee_id = 17;
COMMIT;

-- UPDATING EMPLOYEE SALARY 100 --
BEGIN;
UPDATE employees SET salary = salary + 7351 WHERE employee_id = 100;
COMMIT;

-- UPDATING EMPLOYEE SALARY 169 --
BEGIN;
UPDATE employees SET salary = salary + 4182 WHERE employee_id = 169;
COMMIT;

-- UPDATING EMPLOYEE SALARY 218 --
BEGIN;
UPDATE employees SET salary = salary + 9028 WHERE employee_id = 218;
COMMIT;

-- UPDATING EMPLOYEE SALARY 126 --
BEGIN;
UPDATE employees SET salary = salary + 4293 WHERE employee_id = 126;
COMMIT;

-- UPDATING EMPLOYEE SALARY 202 --
BEGIN;
UPDATE employees SET salary = salary + 8999 WHERE employee_id = 202;
COMMIT;

-- UPDATING EMPLOYEE SALARY 65 --
BEGIN;
UPDATE employees SET salary = salary + 3120 WHERE employee_id = 65;
COMMIT;

-- UPDATING EMPLOYEE SALARY 67 --
BEGIN;
UPDATE employees SET salary = salary + 8596 WHERE employee_id = 67;
COMMIT;

-- UPDATING EMPLOYEE SALARY 128 --
BEGIN;
UPDATE employees SET salary = salary + 2783 WHERE employee_id = 128;
COMMIT;

-- UPDATING EMPLOYEE SALARY 130 --
BEGIN;
UPDATE employees SET salary = salary + 4686 WHERE employee_id = 130;
COMMIT;

-- UPDATING EMPLOYEE SALARY 212 --
BEGIN;
UPDATE employees SET salary = salary + 4217 WHERE employee_id = 212;
COMMIT;

-- UPDATING EMPLOYEE SALARY 65 --
BEGIN;
UPDATE employees SET salary = salary + 7257 WHERE employee_id = 65;
COMMIT;

-- UPDATING EMPLOYEE SALARY 245 --
BEGIN;
UPDATE employees SET salary = salary + 9824 WHERE employee_id = 245;
COMMIT;

-- UPDATING EMPLOYEE SALARY 260 --
BEGIN;
UPDATE employees SET salary = salary + 8377 WHERE employee_id = 260;
COMMIT;

-- UPDATING EMPLOYEE SALARY 223 --
BEGIN;
UPDATE employees SET salary = salary + 8674 WHERE employee_id = 223;
COMMIT;

-- UPDATING EMPLOYEE SALARY 1 --
BEGIN;
UPDATE employees SET salary = salary + 8711 WHERE employee_id = 1;
COMMIT;

-- UPDATING EMPLOYEE SALARY 64 --
BEGIN;
UPDATE employees SET salary = salary + 7718 WHERE employee_id = 64;
COMMIT;

-- UPDATING EMPLOYEE SALARY 41 --
BEGIN;
UPDATE employees SET salary = salary + 593 WHERE employee_id = 41;
COMMIT;

-- UPDATING EMPLOYEE SALARY 46 --
BEGIN;
UPDATE employees SET salary = salary + 6908 WHERE employee_id = 46;
COMMIT;

-- UPDATING EMPLOYEE SALARY 150 --
BEGIN;
UPDATE employees SET salary = salary + 2550 WHERE employee_id = 150;
COMMIT;

-- UPDATING EMPLOYEE SALARY 221 --
BEGIN;
UPDATE employees SET salary = salary + 6828 WHERE employee_id = 221;
COMMIT;

-- UPDATING EMPLOYEE SALARY 173 --
BEGIN;
UPDATE employees SET salary = salary + 7700 WHERE employee_id = 173;
COMMIT;

-- UPDATING EMPLOYEE SALARY 103 --
BEGIN;
UPDATE employees SET salary = salary + 7714 WHERE employee_id = 103;
COMMIT;

-- UPDATING EMPLOYEE SALARY 156 --
BEGIN;
UPDATE employees SET salary = salary + 389 WHERE employee_id = 156;
COMMIT;

-- UPDATING EMPLOYEE SALARY 203 --
BEGIN;
UPDATE employees SET salary = salary + 67 WHERE employee_id = 203;
COMMIT;

-- UPDATING EMPLOYEE SALARY 249 --
BEGIN;
UPDATE employees SET salary = salary + 1972 WHERE employee_id = 249;
COMMIT;

-- UPDATING EMPLOYEE SALARY 100 --
BEGIN;
UPDATE employees SET salary = salary + 4016 WHERE employee_id = 100;
COMMIT;

-- UPDATING EMPLOYEE SALARY 9 --
BEGIN;
UPDATE employees SET salary = salary + 6586 WHERE employee_id = 9;
COMMIT;

-- UPDATING EMPLOYEE SALARY 229 --
BEGIN;
UPDATE employees SET salary = salary + 8863 WHERE employee_id = 229;
COMMIT;

-- UPDATING EMPLOYEE SALARY 228 --
BEGIN;
UPDATE employees SET salary = salary + 6798 WHERE employee_id = 228;
COMMIT;

-- UPDATING EMPLOYEE SALARY 188 --
BEGIN;
UPDATE employees SET salary = salary + 7975 WHERE employee_id = 188;
COMMIT;

-- UPDATING EMPLOYEE SALARY 177 --
BEGIN;
UPDATE employees SET salary = salary + 1308 WHERE employee_id = 177;
COMMIT;

-- UPDATING EMPLOYEE SALARY 205 --
BEGIN;
UPDATE employees SET salary = salary + 2533 WHERE employee_id = 205;
COMMIT;

-- UPDATING EMPLOYEE SALARY 195 --
BEGIN;
UPDATE employees SET salary = salary + 6675 WHERE employee_id = 195;
COMMIT;

-- UPDATING EMPLOYEE SALARY 196 --
BEGIN;
UPDATE employees SET salary = salary + 9822 WHERE employee_id = 196;
COMMIT;

-- UPDATING EMPLOYEE SALARY 180 --
BEGIN;
UPDATE employees SET salary = salary + 5969 WHERE employee_id = 180;
COMMIT;

-- UPDATING EMPLOYEE SALARY 228 --
BEGIN;
UPDATE employees SET salary = salary + 1282 WHERE employee_id = 228;
COMMIT;

-- UPDATING EMPLOYEE SALARY 177 --
BEGIN;
UPDATE employees SET salary = salary + 7174 WHERE employee_id = 177;
COMMIT;

-- UPDATING EMPLOYEE SALARY 173 --
BEGIN;
UPDATE employees SET salary = salary + 6076 WHERE employee_id = 173;
COMMIT;

-- UPDATING EMPLOYEE SALARY 11 --
BEGIN;
UPDATE employees SET salary = salary + 7894 WHERE employee_id = 11;
COMMIT;

-- UPDATING EMPLOYEE SALARY 183 --
BEGIN;
UPDATE employees SET salary = salary + 6282 WHERE employee_id = 183;
COMMIT;

-- UPDATING EMPLOYEE SALARY 215 --
BEGIN;
UPDATE employees SET salary = salary + 9899 WHERE employee_id = 215;
COMMIT;

-- UPDATING EMPLOYEE SALARY 195 --
BEGIN;
UPDATE employees SET salary = salary + 9154 WHERE employee_id = 195;
COMMIT;

-- UPDATING EMPLOYEE SALARY 162 --
BEGIN;
UPDATE employees SET salary = salary + 7000 WHERE employee_id = 162;
COMMIT;

-- UPDATING EMPLOYEE SALARY 22 --
BEGIN;
UPDATE employees SET salary = salary + 2805 WHERE employee_id = 22;
COMMIT;

-- UPDATING EMPLOYEE SALARY 27 --
BEGIN;
UPDATE employees SET salary = salary + 2615 WHERE employee_id = 27;
COMMIT;

-- UPDATING EMPLOYEE SALARY 59 --
BEGIN;
UPDATE employees SET salary = salary + 9639 WHERE employee_id = 59;
COMMIT;

-- UPDATING EMPLOYEE SALARY 124 --
BEGIN;
UPDATE employees SET salary = salary + 1375 WHERE employee_id = 124;
COMMIT;

-- UPDATING EMPLOYEE SALARY 197 --
BEGIN;
UPDATE employees SET salary = salary + 3595 WHERE employee_id = 197;
COMMIT;

-- UPDATING EMPLOYEE SALARY 208 --
BEGIN;
UPDATE employees SET salary = salary + 3262 WHERE employee_id = 208;
COMMIT;

-- UPDATING EMPLOYEE SALARY 182 --
BEGIN;
UPDATE employees SET salary = salary + 1092 WHERE employee_id = 182;
COMMIT;

-- UPDATING EMPLOYEE SALARY 240 --
BEGIN;
UPDATE employees SET salary = salary + 9071 WHERE employee_id = 240;
COMMIT;

-- UPDATING EMPLOYEE SALARY 76 --
BEGIN;
UPDATE employees SET salary = salary + 2211 WHERE employee_id = 76;
COMMIT;

-- UPDATING EMPLOYEE SALARY 158 --
BEGIN;
UPDATE employees SET salary = salary + 4726 WHERE employee_id = 158;
COMMIT;

-- UPDATING EMPLOYEE SALARY 171 --
BEGIN;
UPDATE employees SET salary = salary + 6887 WHERE employee_id = 171;
COMMIT;

-- UPDATING EMPLOYEE SALARY 148 --
BEGIN;
UPDATE employees SET salary = salary + 3973 WHERE employee_id = 148;
COMMIT;

-- UPDATING EMPLOYEE SALARY 155 --
BEGIN;
UPDATE employees SET salary = salary + 2641 WHERE employee_id = 155;
COMMIT;

-- UPDATING EMPLOYEE SALARY 106 --
BEGIN;
UPDATE employees SET salary = salary + 6284 WHERE employee_id = 106;
COMMIT;

-- UPDATING EMPLOYEE SALARY 248 --
BEGIN;
UPDATE employees SET salary = salary + 9744 WHERE employee_id = 248;
COMMIT;

-- UPDATING EMPLOYEE SALARY 107 --
BEGIN;
UPDATE employees SET salary = salary + 9661 WHERE employee_id = 107;
COMMIT;

-- UPDATING EMPLOYEE SALARY 128 --
BEGIN;
UPDATE employees SET salary = salary + 7342 WHERE employee_id = 128;
COMMIT;

-- UPDATING EMPLOYEE SALARY 44 --
BEGIN;
UPDATE employees SET salary = salary + 4800 WHERE employee_id = 44;
COMMIT;

-- UPDATING EMPLOYEE SALARY 65 --
BEGIN;
UPDATE employees SET salary = salary + 5840 WHERE employee_id = 65;
COMMIT;

-- UPDATING EMPLOYEE SALARY 125 --
BEGIN;
UPDATE employees SET salary = salary + 7002 WHERE employee_id = 125;
COMMIT;

-- UPDATING EMPLOYEE SALARY 118 --
BEGIN;
UPDATE employees SET salary = salary + 63 WHERE employee_id = 118;
COMMIT;

-- UPDATING EMPLOYEE SALARY 232 --
BEGIN;
UPDATE employees SET salary = salary + 7065 WHERE employee_id = 232;
COMMIT;

-- UPDATING EMPLOYEE SALARY 200 --
BEGIN;
UPDATE employees SET salary = salary + 8729 WHERE employee_id = 200;
COMMIT;

-- UPDATING EMPLOYEE SALARY 151 --
BEGIN;
UPDATE employees SET salary = salary + 807 WHERE employee_id = 151;
COMMIT;

-- UPDATING EMPLOYEE SALARY 87 --
BEGIN;
UPDATE employees SET salary = salary + 443 WHERE employee_id = 87;
COMMIT;

-- UPDATING EMPLOYEE SALARY 260 --
BEGIN;
UPDATE employees SET salary = salary + 9029 WHERE employee_id = 260;
COMMIT;

-- UPDATING EMPLOYEE SALARY 241 --
BEGIN;
UPDATE employees SET salary = salary + 5638 WHERE employee_id = 241;
COMMIT;

-- UPDATING EMPLOYEE SALARY 133 --
BEGIN;
UPDATE employees SET salary = salary + 1876 WHERE employee_id = 133;
COMMIT;

-- UPDATING EMPLOYEE SALARY 33 --
BEGIN;
UPDATE employees SET salary = salary + 6341 WHERE employee_id = 33;
COMMIT;

-- UPDATING EMPLOYEE SALARY 194 --
BEGIN;
UPDATE employees SET salary = salary + 4744 WHERE employee_id = 194;
COMMIT;

-- UPDATING EMPLOYEE SALARY 86 --
BEGIN;
UPDATE employees SET salary = salary + 7791 WHERE employee_id = 86;
COMMIT;

-- UPDATING EMPLOYEE SALARY 103 --
BEGIN;
UPDATE employees SET salary = salary + 6438 WHERE employee_id = 103;
COMMIT;

-- UPDATING EMPLOYEE SALARY 198 --
BEGIN;
UPDATE employees SET salary = salary + 7773 WHERE employee_id = 198;
COMMIT;

-- INSERTING EMPLOYEE 262 --
BEGIN;
INSERT INTO employees (employee_id, first_name, last_name, email, phone_number, hire_date, job_id, salary,manager_id,department_id) VALUES (262, 'Zoe', 'Saldana', 'zoe.saldana@gmail.com', '555-5670', '2010-10-30', 40, 380000.00, 35, 348);
INSERT INTO dependents (dependent_id, first_name, last_name, relationship, employee_id) VALUES (786, 'Iris', 'Apfel', 'parent', 262);
INSERT INTO dependents (dependent_id, first_name, last_name, relationship, employee_id) VALUES (787, 'Marie', 'Curie', 'child', 262);
INSERT INTO dependents (dependent_id, first_name, last_name, relationship, employee_id) VALUES (788, 'Susan', 'Sarandon', 'spouse', 262);
COMMIT;

-- INSERTING DEPENDENT 207 --
BEGIN;
INSERT INTO dependents (dependent_id, first_name, last_name, relationship, employee_id) VALUES (789, 'Rachel', 'Carson', 'parent', 207);
END;

-- UPDATING EMPLOYEE SALARY 196 --
BEGIN;
UPDATE employees SET salary = salary + 5817 WHERE employee_id = 196;
COMMIT;

-- UPDATING EMPLOYEE SALARY 250 --
BEGIN;
UPDATE employees SET salary = salary + 7088 WHERE employee_id = 250;
COMMIT;

-- UPDATING EMPLOYEE SALARY 64 --
BEGIN;
UPDATE employees SET salary = salary + 3306 WHERE employee_id = 64;
COMMIT;

-- UPDATING EMPLOYEE SALARY 253 --
BEGIN;
UPDATE employees SET salary = salary + 4233 WHERE employee_id = 253;
COMMIT;

-- UPDATING EMPLOYEE SALARY 88 --
BEGIN;
UPDATE employees SET salary = salary + 414 WHERE employee_id = 88;
COMMIT;

-- UPDATING EMPLOYEE SALARY 104 --
BEGIN;
UPDATE employees SET salary = salary + 7809 WHERE employee_id = 104;
COMMIT;

-- UPDATING EMPLOYEE SALARY 184 --
BEGIN;
UPDATE employees SET salary = salary + 3624 WHERE employee_id = 184;
COMMIT;

-- UPDATING EMPLOYEE SALARY 150 --
BEGIN;
UPDATE employees SET salary = salary + 1122 WHERE employee_id = 150;
COMMIT;

-- UPDATING EMPLOYEE SALARY 179 --
BEGIN;
UPDATE employees SET salary = salary + 3414 WHERE employee_id = 179;
COMMIT;

-- UPDATING EMPLOYEE SALARY 195 --
BEGIN;
UPDATE employees SET salary = salary + 2950 WHERE employee_id = 195;
COMMIT;

-- UPDATING EMPLOYEE SALARY 153 --
BEGIN;
UPDATE employees SET salary = salary + 8606 WHERE employee_id = 153;
COMMIT;

-- UPDATING EMPLOYEE SALARY 198 --
BEGIN;
UPDATE employees SET salary = salary + 4956 WHERE employee_id = 198;
COMMIT;

-- UPDATING EMPLOYEE SALARY 158 --
BEGIN;
UPDATE employees SET salary = salary + 9539 WHERE employee_id = 158;
COMMIT;

-- UPDATING EMPLOYEE SALARY 129 --
BEGIN;
UPDATE employees SET salary = salary + 250 WHERE employee_id = 129;
COMMIT;

-- UPDATING EMPLOYEE SALARY 151 --
BEGIN;
UPDATE employees SET salary = salary + 7846 WHERE employee_id = 151;
COMMIT;

-- UPDATING EMPLOYEE SALARY 219 --
BEGIN;
UPDATE employees SET salary = salary + 9950 WHERE employee_id = 219;
COMMIT;

-- UPDATING EMPLOYEE SALARY 234 --
BEGIN;
UPDATE employees SET salary = salary + 2070 WHERE employee_id = 234;
COMMIT;

-- UPDATING EMPLOYEE SALARY 193 --
BEGIN;
UPDATE employees SET salary = salary + 3194 WHERE employee_id = 193;
COMMIT;

-- UPDATING EMPLOYEE SALARY 231 --
BEGIN;
UPDATE employees SET salary = salary + 7427 WHERE employee_id = 231;
COMMIT;

-- UPDATING EMPLOYEE SALARY 258 --
BEGIN;
UPDATE employees SET salary = salary + 3001 WHERE employee_id = 258;
COMMIT;

-- UPDATING EMPLOYEE SALARY 211 --
BEGIN;
UPDATE employees SET salary = salary + 9894 WHERE employee_id = 211;
COMMIT;

-- UPDATING EMPLOYEE SALARY 146 --
BEGIN;
UPDATE employees SET salary = salary + 937 WHERE employee_id = 146;
COMMIT;

-- UPDATING EMPLOYEE SALARY 46 --
BEGIN;
UPDATE employees SET salary = salary + 5927 WHERE employee_id = 46;
COMMIT;

-- UPDATING EMPLOYEE SALARY 22 --
BEGIN;
UPDATE employees SET salary = salary + 907 WHERE employee_id = 22;
COMMIT;

-- UPDATING EMPLOYEE SALARY 255 --
BEGIN;
UPDATE employees SET salary = salary + 9168 WHERE employee_id = 255;
COMMIT;

-- UPDATING EMPLOYEE SALARY 59 --
BEGIN;
UPDATE employees SET salary = salary + 4259 WHERE employee_id = 59;
COMMIT;

-- UPDATING EMPLOYEE SALARY 235 --
BEGIN;
UPDATE employees SET salary = salary + 7248 WHERE employee_id = 235;
COMMIT;

-- UPDATING EMPLOYEE SALARY 246 --
BEGIN;
UPDATE employees SET salary = salary + 6709 WHERE employee_id = 246;
COMMIT;

-- UPDATING EMPLOYEE SALARY 161 --
BEGIN;
UPDATE employees SET salary = salary + 3433 WHERE employee_id = 161;
COMMIT;

-- UPDATING EMPLOYEE SALARY 252 --
BEGIN;
UPDATE employees SET salary = salary + 5629 WHERE employee_id = 252;
COMMIT;

-- UPDATING EMPLOYEE SALARY 106 --
BEGIN;
UPDATE employees SET salary = salary + 9020 WHERE employee_id = 106;
COMMIT;

-- UPDATING EMPLOYEE SALARY 73 --
BEGIN;
UPDATE employees SET salary = salary + 6169 WHERE employee_id = 73;
COMMIT;

-- UPDATING EMPLOYEE SALARY 86 --
BEGIN;
UPDATE employees SET salary = salary + 4151 WHERE employee_id = 86;
COMMIT;

-- UPDATING EMPLOYEE SALARY 251 --
BEGIN;
UPDATE employees SET salary = salary + 8770 WHERE employee_id = 251;
COMMIT;

-- UPDATING EMPLOYEE SALARY 253 --
BEGIN;
UPDATE employees SET salary = salary + 168 WHERE employee_id = 253;
COMMIT;

-- UPDATING EMPLOYEE SALARY 91 --
BEGIN;
UPDATE employees SET salary = salary + 3574 WHERE employee_id = 91;
COMMIT;

-- UPDATING EMPLOYEE SALARY 170 --
BEGIN;
UPDATE employees SET salary = salary + 4474 WHERE employee_id = 170;
COMMIT;

-- UPDATING EMPLOYEE SALARY 22 --
BEGIN;
UPDATE employees SET salary = salary + 528 WHERE employee_id = 22;
COMMIT;

-- UPDATING EMPLOYEE SALARY 100 --
BEGIN;
UPDATE employees SET salary = salary + 4036 WHERE employee_id = 100;
COMMIT;

-- UPDATING EMPLOYEE SALARY 171 --
BEGIN;
UPDATE employees SET salary = salary + 4921 WHERE employee_id = 171;
COMMIT;

-- UPDATING EMPLOYEE SALARY 201 --
BEGIN;
UPDATE employees SET salary = salary + 2714 WHERE employee_id = 201;
COMMIT;

-- UPDATING EMPLOYEE SALARY 201 --
BEGIN;
UPDATE employees SET salary = salary + 192 WHERE employee_id = 201;
COMMIT;

-- UPDATING EMPLOYEE SALARY 25 --
BEGIN;
UPDATE employees SET salary = salary + 2304 WHERE employee_id = 25;
COMMIT;

-- UPDATING EMPLOYEE SALARY 106 --
BEGIN;
UPDATE employees SET salary = salary + 6193 WHERE employee_id = 106;
COMMIT;

-- UPDATING EMPLOYEE SALARY 248 --
BEGIN;
UPDATE employees SET salary = salary + 5789 WHERE employee_id = 248;
COMMIT;

-- UPDATING EMPLOYEE SALARY 194 --
BEGIN;
UPDATE employees SET salary = salary + 4740 WHERE employee_id = 194;
COMMIT;

-- UPDATING EMPLOYEE SALARY 227 --
BEGIN;
UPDATE employees SET salary = salary + 4549 WHERE employee_id = 227;
COMMIT;

-- UPDATING EMPLOYEE SALARY 227 --
BEGIN;
UPDATE employees SET salary = salary + 4410 WHERE employee_id = 227;
COMMIT;

-- UPDATING EMPLOYEE SALARY 86 --
BEGIN;
UPDATE employees SET salary = salary + 1804 WHERE employee_id = 86;
COMMIT;

-- UPDATING EMPLOYEE SALARY 174 --
BEGIN;
UPDATE employees SET salary = salary + 3038 WHERE employee_id = 174;
COMMIT;

-- UPDATING EMPLOYEE SALARY 170 --
BEGIN;
UPDATE employees SET salary = salary + 3226 WHERE employee_id = 170;
COMMIT;

-- UPDATING EMPLOYEE SALARY 190 --
BEGIN;
UPDATE employees SET salary = salary + 2958 WHERE employee_id = 190;
COMMIT;

-- UPDATING EMPLOYEE SALARY 125 --
BEGIN;
UPDATE employees SET salary = salary + 3901 WHERE employee_id = 125;
COMMIT;

-- UPDATING EMPLOYEE SALARY 229 --
BEGIN;
UPDATE employees SET salary = salary + 2369 WHERE employee_id = 229;
COMMIT;

-- UPDATING EMPLOYEE SALARY 176 --
BEGIN;
UPDATE employees SET salary = salary + 8903 WHERE employee_id = 176;
COMMIT;

-- UPDATING EMPLOYEE SALARY 61 --
BEGIN;
UPDATE employees SET salary = salary + 8134 WHERE employee_id = 61;
COMMIT;

-- UPDATING EMPLOYEE SALARY 39 --
BEGIN;
UPDATE employees SET salary = salary + 9773 WHERE employee_id = 39;
COMMIT;

-- UPDATING EMPLOYEE SALARY 232 --
BEGIN;
UPDATE employees SET salary = salary + 6321 WHERE employee_id = 232;
COMMIT;

-- UPDATING EMPLOYEE SALARY 125 --
BEGIN;
UPDATE employees SET salary = salary + 7878 WHERE employee_id = 125;
COMMIT;

-- UPDATING EMPLOYEE SALARY 66 --
BEGIN;
UPDATE employees SET salary = salary + 3458 WHERE employee_id = 66;
COMMIT;

-- UPDATING EMPLOYEE SALARY 177 --
BEGIN;
UPDATE employees SET salary = salary + 108 WHERE employee_id = 177;
COMMIT;

-- UPDATING EMPLOYEE SALARY 149 --
BEGIN;
UPDATE employees SET salary = salary + 5968 WHERE employee_id = 149;
COMMIT;

-- UPDATING EMPLOYEE SALARY 119 --
BEGIN;
UPDATE employees SET salary = salary + 5982 WHERE employee_id = 119;
COMMIT;

-- UPDATING EMPLOYEE SALARY 207 --
BEGIN;
UPDATE employees SET salary = salary + 1316 WHERE employee_id = 207;
COMMIT;

-- UPDATING EMPLOYEE SALARY 242 --
BEGIN;
UPDATE employees SET salary = salary + 4029 WHERE employee_id = 242;
COMMIT;

-- UPDATING EMPLOYEE SALARY 34 --
BEGIN;
UPDATE employees SET salary = salary + 862 WHERE employee_id = 34;
COMMIT;

-- UPDATING EMPLOYEE SALARY 198 --
BEGIN;
UPDATE employees SET salary = salary + 8522 WHERE employee_id = 198;
COMMIT;

-- UPDATING EMPLOYEE SALARY 195 --
BEGIN;
UPDATE employees SET salary = salary + 3814 WHERE employee_id = 195;
COMMIT;

-- UPDATING EMPLOYEE SALARY 107 --
BEGIN;
UPDATE employees SET salary = salary + 8455 WHERE employee_id = 107;
COMMIT;

-- UPDATING EMPLOYEE SALARY 229 --
BEGIN;
UPDATE employees SET salary = salary + 2719 WHERE employee_id = 229;
COMMIT;

-- UPDATING EMPLOYEE SALARY 210 --
BEGIN;
UPDATE employees SET salary = salary + 2642 WHERE employee_id = 210;
COMMIT;

-- UPDATING EMPLOYEE SALARY 208 --
BEGIN;
UPDATE employees SET salary = salary + 9594 WHERE employee_id = 208;
COMMIT;

-- UPDATING EMPLOYEE SALARY 38 --
BEGIN;
UPDATE employees SET salary = salary + 1878 WHERE employee_id = 38;
COMMIT;

-- UPDATING EMPLOYEE SALARY 196 --
BEGIN;
UPDATE employees SET salary = salary + 31 WHERE employee_id = 196;
COMMIT;

-- UPDATING EMPLOYEE SALARY 22 --
BEGIN;
UPDATE employees SET salary = salary + 782 WHERE employee_id = 22;
COMMIT;

-- UPDATING EMPLOYEE SALARY 6 --
BEGIN;
UPDATE employees SET salary = salary + 7014 WHERE employee_id = 6;
COMMIT;

-- UPDATING EMPLOYEE SALARY 45 --
BEGIN;
UPDATE employees SET salary = salary + 6826 WHERE employee_id = 45;
COMMIT;

-- UPDATING EMPLOYEE SALARY 260 --
BEGIN;
UPDATE employees SET salary = salary + 4901 WHERE employee_id = 260;
COMMIT;

-- UPDATING EMPLOYEE SALARY 258 --
BEGIN;
UPDATE employees SET salary = salary + 5674 WHERE employee_id = 258;
COMMIT;

-- UPDATING EMPLOYEE SALARY 168 --
BEGIN;
UPDATE employees SET salary = salary + 6112 WHERE employee_id = 168;
COMMIT;

-- UPDATING EMPLOYEE SALARY 249 --
BEGIN;
UPDATE employees SET salary = salary + 6448 WHERE employee_id = 249;
COMMIT;

-- UPDATING EMPLOYEE SALARY 22 --
BEGIN;
UPDATE employees SET salary = salary + 8300 WHERE employee_id = 22;
COMMIT;

-- UPDATING EMPLOYEE SALARY 62 --
BEGIN;
UPDATE employees SET salary = salary + 6864 WHERE employee_id = 62;
COMMIT;

-- UPDATING EMPLOYEE SALARY 235 --
BEGIN;
UPDATE employees SET salary = salary + 3620 WHERE employee_id = 235;
COMMIT;

-- UPDATING EMPLOYEE SALARY 147 --
BEGIN;
UPDATE employees SET salary = salary + 3060 WHERE employee_id = 147;
COMMIT;

-- UPDATING EMPLOYEE SALARY 97 --
BEGIN;
UPDATE employees SET salary = salary + 1313 WHERE employee_id = 97;
COMMIT;

-- UPDATING EMPLOYEE SALARY 161 --
BEGIN;
UPDATE employees SET salary = salary + 3322 WHERE employee_id = 161;
COMMIT;

-- UPDATING EMPLOYEE SALARY 141 --
BEGIN;
UPDATE employees SET salary = salary + 3899 WHERE employee_id = 141;
COMMIT;

-- UPDATING EMPLOYEE SALARY 207 --
BEGIN;
UPDATE employees SET salary = salary + 9554 WHERE employee_id = 207;
COMMIT;

-- UPDATING EMPLOYEE SALARY 167 --
BEGIN;
UPDATE employees SET salary = salary + 1546 WHERE employee_id = 167;
COMMIT;

-- UPDATING EMPLOYEE SALARY 107 --
BEGIN;
UPDATE employees SET salary = salary + 9619 WHERE employee_id = 107;
COMMIT;

-- UPDATING EMPLOYEE SALARY 162 --
BEGIN;
UPDATE employees SET salary = salary + 7635 WHERE employee_id = 162;
COMMIT;

-- UPDATING EMPLOYEE SALARY 107 --
BEGIN;
UPDATE employees SET salary = salary + 1639 WHERE employee_id = 107;
COMMIT;

-- UPDATING EMPLOYEE SALARY 256 --
BEGIN;
UPDATE employees SET salary = salary + 1426 WHERE employee_id = 256;
COMMIT;

-- UPDATING EMPLOYEE SALARY 179 --
BEGIN;
UPDATE employees SET salary = salary + 6203 WHERE employee_id = 179;
COMMIT;

-- UPDATING EMPLOYEE SALARY 155 --
BEGIN;
UPDATE employees SET salary = salary + 6276 WHERE employee_id = 155;
COMMIT;

-- UPDATING EMPLOYEE SALARY 80 --
BEGIN;
UPDATE employees SET salary = salary + 2911 WHERE employee_id = 80;
COMMIT;

-- UPDATING EMPLOYEE SALARY 158 --
BEGIN;
UPDATE employees SET salary = salary + 7533 WHERE employee_id = 158;
COMMIT;

-- UPDATING EMPLOYEE SALARY 232 --
BEGIN;
UPDATE employees SET salary = salary + 760 WHERE employee_id = 232;
COMMIT;

-- UPDATING EMPLOYEE SALARY 184 --
BEGIN;
UPDATE employees SET salary = salary + 5524 WHERE employee_id = 184;
COMMIT;

-- UPDATING EMPLOYEE SALARY 231 --
BEGIN;
UPDATE employees SET salary = salary + 9524 WHERE employee_id = 231;
COMMIT;

-- UPDATING EMPLOYEE SALARY 146 --
BEGIN;
UPDATE employees SET salary = salary + 6980 WHERE employee_id = 146;
COMMIT;

-- UPDATING EMPLOYEE SALARY 59 --
BEGIN;
UPDATE employees SET salary = salary + 4214 WHERE employee_id = 59;
COMMIT;

-- UPDATING EMPLOYEE SALARY 185 --
BEGIN;
UPDATE employees SET salary = salary + 1468 WHERE employee_id = 185;
COMMIT;

-- UPDATING EMPLOYEE SALARY 148 --
BEGIN;
UPDATE employees SET salary = salary + 3092 WHERE employee_id = 148;
COMMIT;

-- UPDATING EMPLOYEE SALARY 192 --
BEGIN;
UPDATE employees SET salary = salary + 9985 WHERE employee_id = 192;
COMMIT;

-- UPDATING EMPLOYEE SALARY 233 --
BEGIN;
UPDATE employees SET salary = salary + 63 WHERE employee_id = 233;
COMMIT;

-- UPDATING EMPLOYEE SALARY 147 --
BEGIN;
UPDATE employees SET salary = salary + 8202 WHERE employee_id = 147;
COMMIT;

-- UPDATING EMPLOYEE SALARY 236 --
BEGIN;
UPDATE employees SET salary = salary + 6338 WHERE employee_id = 236;
COMMIT;

-- UPDATING EMPLOYEE SALARY 190 --
BEGIN;
UPDATE employees SET salary = salary + 690 WHERE employee_id = 190;
COMMIT;

-- UPDATING EMPLOYEE SALARY 166 --
BEGIN;
UPDATE employees SET salary = salary + 2780 WHERE employee_id = 166;
COMMIT;

-- UPDATING EMPLOYEE SALARY 135 --
BEGIN;
UPDATE employees SET salary = salary + 2837 WHERE employee_id = 135;
COMMIT;

-- UPDATING EMPLOYEE SALARY 254 --
BEGIN;
UPDATE employees SET salary = salary + 3153 WHERE employee_id = 254;
COMMIT;

-- UPDATING EMPLOYEE SALARY 200 --
BEGIN;
UPDATE employees SET salary = salary + 7685 WHERE employee_id = 200;
COMMIT;

-- UPDATING EMPLOYEE SALARY 230 --
BEGIN;
UPDATE employees SET salary = salary + 2559 WHERE employee_id = 230;
COMMIT;

-- UPDATING EMPLOYEE SALARY 66 --
BEGIN;
UPDATE employees SET salary = salary + 8057 WHERE employee_id = 66;
COMMIT;

-- UPDATING EMPLOYEE SALARY 194 --
BEGIN;
UPDATE employees SET salary = salary + 2304 WHERE employee_id = 194;
COMMIT;

-- UPDATING EMPLOYEE SALARY 201 --
BEGIN;
UPDATE employees SET salary = salary + 8481 WHERE employee_id = 201;
COMMIT;

-- UPDATING EMPLOYEE SALARY 207 --
BEGIN;
UPDATE employees SET salary = salary + 6455 WHERE employee_id = 207;
COMMIT;

-- UPDATING EMPLOYEE SALARY 185 --
BEGIN;
UPDATE employees SET salary = salary + 9287 WHERE employee_id = 185;
COMMIT;

-- UPDATING EMPLOYEE SALARY 9 --
BEGIN;
UPDATE employees SET salary = salary + 7016 WHERE employee_id = 9;
COMMIT;

-- UPDATING EMPLOYEE SALARY 60 --
BEGIN;
UPDATE employees SET salary = salary + 8528 WHERE employee_id = 60;
COMMIT;

-- UPDATING EMPLOYEE SALARY 100 --
BEGIN;
UPDATE employees SET salary = salary + 7075 WHERE employee_id = 100;
COMMIT;

-- UPDATING EMPLOYEE SALARY 138 --
BEGIN;
UPDATE employees SET salary = salary + 9154 WHERE employee_id = 138;
COMMIT;

-- UPDATING EMPLOYEE SALARY 139 --
BEGIN;
UPDATE employees SET salary = salary + 9707 WHERE employee_id = 139;
COMMIT;

-- UPDATING EMPLOYEE SALARY 214 --
BEGIN;
UPDATE employees SET salary = salary + 2652 WHERE employee_id = 214;
COMMIT;

-- UPDATING EMPLOYEE SALARY 221 --
BEGIN;
UPDATE employees SET salary = salary + 8398 WHERE employee_id = 221;
COMMIT;

-- UPDATING EMPLOYEE SALARY 33 --
BEGIN;
UPDATE employees SET salary = salary + 1956 WHERE employee_id = 33;
COMMIT;

-- UPDATING EMPLOYEE SALARY 198 --
BEGIN;
UPDATE employees SET salary = salary + 9926 WHERE employee_id = 198;
COMMIT;

-- UPDATING EMPLOYEE SALARY 203 --
BEGIN;
UPDATE employees SET salary = salary + 3265 WHERE employee_id = 203;
COMMIT;

-- UPDATING EMPLOYEE SALARY 62 --
BEGIN;
UPDATE employees SET salary = salary + 7017 WHERE employee_id = 62;
COMMIT;

-- UPDATING EMPLOYEE SALARY 211 --
BEGIN;
UPDATE employees SET salary = salary + 2055 WHERE employee_id = 211;
COMMIT;

-- UPDATING EMPLOYEE SALARY 262 --
BEGIN;
UPDATE employees SET salary = salary + 7675 WHERE employee_id = 262;
COMMIT;

-- UPDATING EMPLOYEE SALARY 222 --
BEGIN;
UPDATE employees SET salary = salary + 5137 WHERE employee_id = 222;
COMMIT;

-- UPDATING EMPLOYEE SALARY 240 --
BEGIN;
UPDATE employees SET salary = salary + 7834 WHERE employee_id = 240;
COMMIT;

-- UPDATING EMPLOYEE SALARY 219 --
BEGIN;
UPDATE employees SET salary = salary + 4203 WHERE employee_id = 219;
COMMIT;

-- UPDATING EMPLOYEE SALARY 107 --
BEGIN;
UPDATE employees SET salary = salary + 3963 WHERE employee_id = 107;
COMMIT;

-- UPDATING EMPLOYEE SALARY 158 --
BEGIN;
UPDATE employees SET salary = salary + 4374 WHERE employee_id = 158;
COMMIT;

-- UPDATING EMPLOYEE SALARY 184 --
BEGIN;
UPDATE employees SET salary = salary + 8587 WHERE employee_id = 184;
COMMIT;

-- UPDATING EMPLOYEE SALARY 148 --
BEGIN;
UPDATE employees SET salary = salary + 3518 WHERE employee_id = 148;
COMMIT;

-- UPDATING EMPLOYEE SALARY 236 --
BEGIN;
UPDATE employees SET salary = salary + 7566 WHERE employee_id = 236;
COMMIT;

-- UPDATING EMPLOYEE SALARY 171 --
BEGIN;
UPDATE employees SET salary = salary + 8597 WHERE employee_id = 171;
COMMIT;

-- UPDATING EMPLOYEE SALARY 200 --
BEGIN;
UPDATE employees SET salary = salary + 3160 WHERE employee_id = 200;
COMMIT;

-- UPDATING EMPLOYEE SALARY 174 --
BEGIN;
UPDATE employees SET salary = salary + 956 WHERE employee_id = 174;
COMMIT;

-- UPDATING EMPLOYEE SALARY 194 --
BEGIN;
UPDATE employees SET salary = salary + 8100 WHERE employee_id = 194;
COMMIT;

-- UPDATING EMPLOYEE SALARY 133 --
BEGIN;
UPDATE employees SET salary = salary + 3897 WHERE employee_id = 133;
COMMIT;

-- UPDATING EMPLOYEE SALARY 156 --
BEGIN;
UPDATE employees SET salary = salary + 6106 WHERE employee_id = 156;
COMMIT;

-- UPDATING EMPLOYEE SALARY 257 --
BEGIN;
UPDATE employees SET salary = salary + 8124 WHERE employee_id = 257;
COMMIT;

-- UPDATING EMPLOYEE SALARY 186 --
BEGIN;
UPDATE employees SET salary = salary + 6966 WHERE employee_id = 186;
COMMIT;

-- UPDATING EMPLOYEE SALARY 87 --
BEGIN;
UPDATE employees SET salary = salary + 6194 WHERE employee_id = 87;
COMMIT;

-- UPDATING EMPLOYEE SALARY 174 --
BEGIN;
UPDATE employees SET salary = salary + 7813 WHERE employee_id = 174;
COMMIT;

-- UPDATING EMPLOYEE SALARY 67 --
BEGIN;
UPDATE employees SET salary = salary + 9529 WHERE employee_id = 67;
COMMIT;

-- UPDATING EMPLOYEE SALARY 50 --
BEGIN;
UPDATE employees SET salary = salary + 3083 WHERE employee_id = 50;
COMMIT;

-- UPDATING EMPLOYEE SALARY 239 --
BEGIN;
UPDATE employees SET salary = salary + 3517 WHERE employee_id = 239;
COMMIT;

-- UPDATING EMPLOYEE SALARY 257 --
BEGIN;
UPDATE employees SET salary = salary + 1134 WHERE employee_id = 257;
COMMIT;

-- UPDATING EMPLOYEE SALARY 129 --
BEGIN;
UPDATE employees SET salary = salary + 6008 WHERE employee_id = 129;
COMMIT;

-- UPDATING EMPLOYEE SALARY 143 --
BEGIN;
UPDATE employees SET salary = salary + 4641 WHERE employee_id = 143;
COMMIT;

-- UPDATING EMPLOYEE SALARY 214 --
BEGIN;
UPDATE employees SET salary = salary + 9814 WHERE employee_id = 214;
COMMIT;

-- UPDATING EMPLOYEE SALARY 148 --
BEGIN;
UPDATE employees SET salary = salary + 9423 WHERE employee_id = 148;
COMMIT;

-- UPDATING EMPLOYEE SALARY 232 --
BEGIN;
UPDATE employees SET salary = salary + 9561 WHERE employee_id = 232;
COMMIT;

-- UPDATING EMPLOYEE SALARY 41 --
BEGIN;
UPDATE employees SET salary = salary + 6937 WHERE employee_id = 41;
COMMIT;

-- UPDATING EMPLOYEE SALARY 251 --
BEGIN;
UPDATE employees SET salary = salary + 6793 WHERE employee_id = 251;
COMMIT;

-- UPDATING EMPLOYEE SALARY 64 --
BEGIN;
UPDATE employees SET salary = salary + 9136 WHERE employee_id = 64;
COMMIT;

-- UPDATING EMPLOYEE SALARY 203 --
BEGIN;
UPDATE employees SET salary = salary + 7059 WHERE employee_id = 203;
COMMIT;

-- UPDATING EMPLOYEE SALARY 212 --
BEGIN;
UPDATE employees SET salary = salary + 1695 WHERE employee_id = 212;
COMMIT;

-- UPDATING EMPLOYEE SALARY 137 --
BEGIN;
UPDATE employees SET salary = salary + 9479 WHERE employee_id = 137;
COMMIT;

-- UPDATING EMPLOYEE SALARY 236 --
BEGIN;
UPDATE employees SET salary = salary + 7039 WHERE employee_id = 236;
COMMIT;

-- UPDATING EMPLOYEE SALARY 163 --
BEGIN;
UPDATE employees SET salary = salary + 2109 WHERE employee_id = 163;
COMMIT;

-- INSERTING EMPLOYEE 263 --
BEGIN;
INSERT INTO employees (employee_id, first_name, last_name, email, phone_number, hire_date, job_id, salary,manager_id,department_id) VALUES (263, 'Vin', 'Diesel', 'vin.diesel@gmail.com', '555-5670', '1991-12-19', 28, 280000.00, 232, 627);
COMMIT;

-- INSERTING EMPLOYEE 264 --
BEGIN;
INSERT INTO employees (employee_id, first_name, last_name, email, phone_number, hire_date, job_id, salary,manager_id,department_id) VALUES (264, 'Eva', 'Mendes', 'eva.mendes@gmail.com', '555-0125', '2021-03-04', 47, 430000.00, 210, 153);
COMMIT;

-- INSERTING EMPLOYEE 265 --
BEGIN;
INSERT INTO employees (employee_id, first_name, last_name, email, phone_number, hire_date, job_id, salary,manager_id,department_id) VALUES (265, 'Vin', 'Diesel', 'vin.diesel@gmail.com', '555-5670', '1990-06-03', 11, 280000.00, 238, 19);
INSERT INTO dependents (dependent_id, first_name, last_name, relationship, employee_id) VALUES (790, 'Chris', 'Evans', 'parent', 265);
COMMIT;

-- INSERTING EMPLOYEE 266 --
BEGIN;
INSERT INTO employees (employee_id, first_name, last_name, email, phone_number, hire_date, job_id, salary,manager_id,department_id) VALUES (266, 'Quentin', 'Tarantino', 'quentin.tarantino@gmail.com', '555-0123', '2008-07-28', 46, 230000.00, 60, 644);
INSERT INTO dependents (dependent_id, first_name, last_name, relationship, employee_id) VALUES (791, 'Charles', 'Darwin', 'spouse', 266);
INSERT INTO dependents (dependent_id, first_name, last_name, relationship, employee_id) VALUES (792, 'David', 'Attenborough', 'spouse', 266);
COMMIT;

-- INSERTING DEPENDENT 178 --
BEGIN;
INSERT INTO dependents (dependent_id, first_name, last_name, relationship, employee_id) VALUES (793, 'Charles', 'Darwin', 'spouse', 178);
END;

-- INSERTING DEPENDENT 92 --
BEGIN;
INSERT INTO dependents (dependent_id, first_name, last_name, relationship, employee_id) VALUES (794, 'James', 'Maxwell', 'parent', 92);
END;

-- INSERTING DEPENDENT 141 --
BEGIN;
INSERT INTO dependents (dependent_id, first_name, last_name, relationship, employee_id) VALUES (795, 'Louis', 'Armstrong', 'spouse', 141);
END;

-- INSERTING DEPENDENT 222 --
BEGIN;
INSERT INTO dependents (dependent_id, first_name, last_name, relationship, employee_id) VALUES (796, 'Richard', 'Feynman', 'parent', 222);
END;

-- UPDATING EMPLOYEE SALARY 76 --
BEGIN;
UPDATE employees SET salary = salary + 5019 WHERE employee_id = 76;
COMMIT;

-- UPDATING EMPLOYEE SALARY 240 --
BEGIN;
UPDATE employees SET salary = salary + 3614 WHERE employee_id = 240;
COMMIT;

-- UPDATING EMPLOYEE SALARY 185 --
BEGIN;
UPDATE employees SET salary = salary + 9548 WHERE employee_id = 185;
COMMIT;

-- UPDATING EMPLOYEE SALARY 58 --
BEGIN;
UPDATE employees SET salary = salary + 364 WHERE employee_id = 58;
COMMIT;

-- UPDATING EMPLOYEE SALARY 245 --
BEGIN;
UPDATE employees SET salary = salary + 4652 WHERE employee_id = 245;
COMMIT;

-- UPDATING EMPLOYEE SALARY 131 --
BEGIN;
UPDATE employees SET salary = salary + 2333 WHERE employee_id = 131;
COMMIT;

-- UPDATING EMPLOYEE SALARY 100 --
BEGIN;
UPDATE employees SET salary = salary + 5316 WHERE employee_id = 100;
COMMIT;

-- UPDATING EMPLOYEE SALARY 124 --
BEGIN;
UPDATE employees SET salary = salary + 8225 WHERE employee_id = 124;
COMMIT;

-- UPDATING EMPLOYEE SALARY 65 --
BEGIN;
UPDATE employees SET salary = salary + 4432 WHERE employee_id = 65;
COMMIT;

-- UPDATING EMPLOYEE SALARY 1 --
BEGIN;
UPDATE employees SET salary = salary + 3634 WHERE employee_id = 1;
COMMIT;

-- UPDATING EMPLOYEE SALARY 231 --
BEGIN;
UPDATE employees SET salary = salary + 8184 WHERE employee_id = 231;
COMMIT;

-- UPDATING EMPLOYEE SALARY 50 --
BEGIN;
UPDATE employees SET salary = salary + 5042 WHERE employee_id = 50;
COMMIT;

-- UPDATING EMPLOYEE SALARY 259 --
BEGIN;
UPDATE employees SET salary = salary + 7671 WHERE employee_id = 259;
COMMIT;

-- UPDATING EMPLOYEE SALARY 263 --
BEGIN;
UPDATE employees SET salary = salary + 3133 WHERE employee_id = 263;
COMMIT;

-- UPDATING EMPLOYEE SALARY 204 --
BEGIN;
UPDATE employees SET salary = salary + 4939 WHERE employee_id = 204;
COMMIT;

-- UPDATING EMPLOYEE SALARY 94 --
BEGIN;
UPDATE employees SET salary = salary + 2519 WHERE employee_id = 94;
COMMIT;

-- UPDATING EMPLOYEE SALARY 178 --
BEGIN;
UPDATE employees SET salary = salary + 815 WHERE employee_id = 178;
COMMIT;

-- UPDATING EMPLOYEE SALARY 133 --
BEGIN;
UPDATE employees SET salary = salary + 3246 WHERE employee_id = 133;
COMMIT;

-- UPDATING EMPLOYEE SALARY 22 --
BEGIN;
UPDATE employees SET salary = salary + 9621 WHERE employee_id = 22;
COMMIT;

-- UPDATING EMPLOYEE SALARY 49 --
BEGIN;
UPDATE employees SET salary = salary + 7901 WHERE employee_id = 49;
COMMIT;

-- UPDATING EMPLOYEE SALARY 235 --
BEGIN;
UPDATE employees SET salary = salary + 812 WHERE employee_id = 235;
COMMIT;

-- UPDATING EMPLOYEE SALARY 67 --
BEGIN;
UPDATE employees SET salary = salary + 4391 WHERE employee_id = 67;
COMMIT;

-- UPDATING EMPLOYEE SALARY 209 --
BEGIN;
UPDATE employees SET salary = salary + 4844 WHERE employee_id = 209;
COMMIT;

-- UPDATING EMPLOYEE SALARY 140 --
BEGIN;
UPDATE employees SET salary = salary + 4349 WHERE employee_id = 140;
COMMIT;

-- UPDATING EMPLOYEE SALARY 232 --
BEGIN;
UPDATE employees SET salary = salary + 2534 WHERE employee_id = 232;
COMMIT;

-- UPDATING EMPLOYEE SALARY 104 --
BEGIN;
UPDATE employees SET salary = salary + 6481 WHERE employee_id = 104;
COMMIT;

-- UPDATING EMPLOYEE SALARY 173 --
BEGIN;
UPDATE employees SET salary = salary + 7645 WHERE employee_id = 173;
COMMIT;

-- UPDATING EMPLOYEE SALARY 257 --
BEGIN;
UPDATE employees SET salary = salary + 2215 WHERE employee_id = 257;
COMMIT;

-- UPDATING EMPLOYEE SALARY 50 --
BEGIN;
UPDATE employees SET salary = salary + 6570 WHERE employee_id = 50;
COMMIT;

-- UPDATING EMPLOYEE SALARY 220 --
BEGIN;
UPDATE employees SET salary = salary + 9507 WHERE employee_id = 220;
COMMIT;

-- UPDATING EMPLOYEE SALARY 11 --
BEGIN;
UPDATE employees SET salary = salary + 7163 WHERE employee_id = 11;
COMMIT;

-- UPDATING EMPLOYEE SALARY 259 --
BEGIN;
UPDATE employees SET salary = salary + 1745 WHERE employee_id = 259;
COMMIT;

-- UPDATING EMPLOYEE SALARY 44 --
BEGIN;
UPDATE employees SET salary = salary + 3780 WHERE employee_id = 44;
COMMIT;

-- UPDATING EMPLOYEE SALARY 128 --
BEGIN;
UPDATE employees SET salary = salary + 8359 WHERE employee_id = 128;
COMMIT;

-- UPDATING EMPLOYEE SALARY 254 --
BEGIN;
UPDATE employees SET salary = salary + 158 WHERE employee_id = 254;
COMMIT;

-- UPDATING EMPLOYEE SALARY 1 --
BEGIN;
UPDATE employees SET salary = salary + 8495 WHERE employee_id = 1;
COMMIT;

-- UPDATING EMPLOYEE SALARY 87 --
BEGIN;
UPDATE employees SET salary = salary + 4850 WHERE employee_id = 87;
COMMIT;

-- UPDATING EMPLOYEE SALARY 85 --
BEGIN;
UPDATE employees SET salary = salary + 3474 WHERE employee_id = 85;
COMMIT;

-- UPDATING EMPLOYEE SALARY 59 --
BEGIN;
UPDATE employees SET salary = salary + 5980 WHERE employee_id = 59;
COMMIT;

-- UPDATING EMPLOYEE SALARY 245 --
BEGIN;
UPDATE employees SET salary = salary + 8359 WHERE employee_id = 245;
COMMIT;

-- UPDATING EMPLOYEE SALARY 185 --
BEGIN;
UPDATE employees SET salary = salary + 4085 WHERE employee_id = 185;
COMMIT;

-- UPDATING EMPLOYEE SALARY 156 --
BEGIN;
UPDATE employees SET salary = salary + 9223 WHERE employee_id = 156;
COMMIT;

-- UPDATING EMPLOYEE SALARY 190 --
BEGIN;
UPDATE employees SET salary = salary + 3215 WHERE employee_id = 190;
COMMIT;

-- UPDATING EMPLOYEE SALARY 210 --
BEGIN;
UPDATE employees SET salary = salary + 8671 WHERE employee_id = 210;
COMMIT;

-- INSERTING EMPLOYEE 267 --
BEGIN;
INSERT INTO employees (employee_id, first_name, last_name, email, phone_number, hire_date, job_id, salary,manager_id,department_id) VALUES (267, 'Freddie', 'Mercury', 'freddie.mercury@gmail.com', '555-1236', '1997-09-22', 11, 440000.00, 201, 159);
INSERT INTO dependents (dependent_id, first_name, last_name, relationship, employee_id) VALUES (797, 'Emmy', 'Noether', 'spouse', 267);
INSERT INTO dependents (dependent_id, first_name, last_name, relationship, employee_id) VALUES (798, 'Stephen', 'Hawking', 'spouse', 267);
INSERT INTO dependents (dependent_id, first_name, last_name, relationship, employee_id) VALUES (799, 'Louis', 'Pasteur', 'spouse', 267);
COMMIT;

-- INSERTING EMPLOYEE 268 --
BEGIN;
INSERT INTO employees (employee_id, first_name, last_name, email, phone_number, hire_date, job_id, salary,manager_id,department_id) VALUES (268, 'Isla', 'Fisher', 'isla.fisher@gmail.com', '555-4569', '1990-02-19', 19, 470000.00, 258, 437);
INSERT INTO dependents (dependent_id, first_name, last_name, relationship, employee_id) VALUES (800, 'Ada', 'Lovelace', 'spouse', 268);
INSERT INTO dependents (dependent_id, first_name, last_name, relationship, employee_id) VALUES (801, 'Paul', 'Dirac', 'child', 268);
COMMIT;

-- INSERTING EMPLOYEE 269 --
BEGIN;
INSERT INTO employees (employee_id, first_name, last_name, email, phone_number, hire_date, job_id, salary,manager_id,department_id) VALUES (269, 'Jane', 'Smith', 'jane.smith@gmail.com', '555-5678', '2010-07-29', 18, 60000.00, 46, 210);
INSERT INTO dependents (dependent_id, first_name, last_name, relationship, employee_id) VALUES (802, 'Emmy', 'Noether', 'parent', 269);
COMMIT;

-- DELETING EMPLOYEE 143 --
BEGIN;
UPDATE employees SET manager_id = 197 WHERE employee_id = 161;
UPDATE employees SET manager_id = 197 WHERE employee_id = 193;
DELETE FROM dependents WHERE employee_id = 143;
DELETE FROM employees WHERE employee_id = 143;
COMMIT;

-- INSERTING DEPENDENT 239 --
BEGIN;
INSERT INTO dependents (dependent_id, first_name, last_name, relationship, employee_id) VALUES (803, 'Tom', 'Cruise', 'spouse', 239);
END;

-- INSERTING DEPENDENT 46 --
BEGIN;
INSERT INTO dependents (dependent_id, first_name, last_name, relationship, employee_id) VALUES (804, 'Iris', 'Apfel', 'parent', 46);
END;

-- INSERTING DEPENDENT 97 --
BEGIN;
INSERT INTO dependents (dependent_id, first_name, last_name, relationship, employee_id) VALUES (805, 'Chris', 'Evans', 'child', 97);
END;

-- DELETING DEPENDENT 576 --
BEGIN;
DELETE FROM dependents WHERE dependent_id = 576;
COMMIT;

-- UPDATING EMPLOYEE SALARY 182 --
BEGIN;
UPDATE employees SET salary = salary + 8271 WHERE employee_id = 182;
COMMIT;

-- UPDATING EMPLOYEE SALARY 36 --
BEGIN;
UPDATE employees SET salary = salary + 9782 WHERE employee_id = 36;
COMMIT;

-- UPDATING EMPLOYEE SALARY 246 --
BEGIN;
UPDATE employees SET salary = salary + 6923 WHERE employee_id = 246;
COMMIT;

-- UPDATING EMPLOYEE SALARY 268 --
BEGIN;
UPDATE employees SET salary = salary + 6800 WHERE employee_id = 268;
COMMIT;

-- UPDATING EMPLOYEE SALARY 229 --
BEGIN;
UPDATE employees SET salary = salary + 9461 WHERE employee_id = 229;
COMMIT;

-- UPDATING EMPLOYEE SALARY 117 --
BEGIN;
UPDATE employees SET salary = salary + 4399 WHERE employee_id = 117;
COMMIT;

-- UPDATING EMPLOYEE SALARY 121 --
BEGIN;
UPDATE employees SET salary = salary + 8669 WHERE employee_id = 121;
COMMIT;

-- UPDATING EMPLOYEE SALARY 186 --
BEGIN;
UPDATE employees SET salary = salary + 9154 WHERE employee_id = 186;
COMMIT;

-- UPDATING EMPLOYEE SALARY 25 --
BEGIN;
UPDATE employees SET salary = salary + 5098 WHERE employee_id = 25;
COMMIT;

-- UPDATING EMPLOYEE SALARY 207 --
BEGIN;
UPDATE employees SET salary = salary + 2308 WHERE employee_id = 207;
COMMIT;

-- UPDATING EMPLOYEE SALARY 141 --
BEGIN;
UPDATE employees SET salary = salary + 4977 WHERE employee_id = 141;
COMMIT;

-- UPDATING EMPLOYEE SALARY 269 --
BEGIN;
UPDATE employees SET salary = salary + 9329 WHERE employee_id = 269;
COMMIT;

-- UPDATING EMPLOYEE SALARY 136 --
BEGIN;
UPDATE employees SET salary = salary + 7634 WHERE employee_id = 136;
COMMIT;

-- UPDATING EMPLOYEE SALARY 177 --
BEGIN;
UPDATE employees SET salary = salary + 1833 WHERE employee_id = 177;
COMMIT;

-- UPDATING EMPLOYEE SALARY 167 --
BEGIN;
UPDATE employees SET salary = salary + 6149 WHERE employee_id = 167;
COMMIT;

-- UPDATING EMPLOYEE SALARY 189 --
BEGIN;
UPDATE employees SET salary = salary + 330 WHERE employee_id = 189;
COMMIT;

-- UPDATING EMPLOYEE SALARY 103 --
BEGIN;
UPDATE employees SET salary = salary + 9693 WHERE employee_id = 103;
COMMIT;

-- UPDATING EMPLOYEE SALARY 41 --
BEGIN;
UPDATE employees SET salary = salary + 9094 WHERE employee_id = 41;
COMMIT;

-- UPDATING EMPLOYEE SALARY 202 --
BEGIN;
UPDATE employees SET salary = salary + 1916 WHERE employee_id = 202;
COMMIT;

-- UPDATING EMPLOYEE SALARY 1 --
BEGIN;
UPDATE employees SET salary = salary + 5617 WHERE employee_id = 1;
COMMIT;

-- UPDATING EMPLOYEE SALARY 78 --
BEGIN;
UPDATE employees SET salary = salary + 231 WHERE employee_id = 78;
COMMIT;

-- UPDATING EMPLOYEE SALARY 117 --
BEGIN;
UPDATE employees SET salary = salary + 3854 WHERE employee_id = 117;
COMMIT;

-- UPDATING EMPLOYEE SALARY 257 --
BEGIN;
UPDATE employees SET salary = salary + 2954 WHERE employee_id = 257;
COMMIT;

-- UPDATING EMPLOYEE SALARY 161 --
BEGIN;
UPDATE employees SET salary = salary + 2267 WHERE employee_id = 161;
COMMIT;

-- UPDATING EMPLOYEE SALARY 17 --
BEGIN;
UPDATE employees SET salary = salary + 4731 WHERE employee_id = 17;
COMMIT;

-- UPDATING EMPLOYEE SALARY 254 --
BEGIN;
UPDATE employees SET salary = salary + 2352 WHERE employee_id = 254;
COMMIT;

-- UPDATING EMPLOYEE SALARY 229 --
BEGIN;
UPDATE employees SET salary = salary + 1624 WHERE employee_id = 229;
COMMIT;

-- UPDATING EMPLOYEE SALARY 104 --
BEGIN;
UPDATE employees SET salary = salary + 6340 WHERE employee_id = 104;
COMMIT;

-- UPDATING EMPLOYEE SALARY 253 --
BEGIN;
UPDATE employees SET salary = salary + 3224 WHERE employee_id = 253;
COMMIT;

-- UPDATING EMPLOYEE SALARY 223 --
BEGIN;
UPDATE employees SET salary = salary + 4185 WHERE employee_id = 223;
COMMIT;

-- UPDATING EMPLOYEE SALARY 225 --
BEGIN;
UPDATE employees SET salary = salary + 1718 WHERE employee_id = 225;
COMMIT;

-- UPDATING EMPLOYEE SALARY 121 --
BEGIN;
UPDATE employees SET salary = salary + 6585 WHERE employee_id = 121;
COMMIT;

-- UPDATING EMPLOYEE SALARY 189 --
BEGIN;
UPDATE employees SET salary = salary + 113 WHERE employee_id = 189;
COMMIT;

-- UPDATING EMPLOYEE SALARY 186 --
BEGIN;
UPDATE employees SET salary = salary + 9801 WHERE employee_id = 186;
COMMIT;

-- UPDATING EMPLOYEE SALARY 195 --
BEGIN;
UPDATE employees SET salary = salary + 6588 WHERE employee_id = 195;
COMMIT;

-- UPDATING EMPLOYEE SALARY 168 --
BEGIN;
UPDATE employees SET salary = salary + 9379 WHERE employee_id = 168;
COMMIT;

-- UPDATING EMPLOYEE SALARY 236 --
BEGIN;
UPDATE employees SET salary = salary + 7423 WHERE employee_id = 236;
COMMIT;

-- UPDATING EMPLOYEE SALARY 208 --
BEGIN;
UPDATE employees SET salary = salary + 6702 WHERE employee_id = 208;
COMMIT;

-- UPDATING EMPLOYEE SALARY 126 --
BEGIN;
UPDATE employees SET salary = salary + 3781 WHERE employee_id = 126;
COMMIT;

-- UPDATING EMPLOYEE SALARY 188 --
BEGIN;
UPDATE employees SET salary = salary + 2210 WHERE employee_id = 188;
COMMIT;

-- UPDATING EMPLOYEE SALARY 261 --
BEGIN;
UPDATE employees SET salary = salary + 1628 WHERE employee_id = 261;
COMMIT;

-- UPDATING EMPLOYEE SALARY 97 --
BEGIN;
UPDATE employees SET salary = salary + 4731 WHERE employee_id = 97;
COMMIT;

-- UPDATING EMPLOYEE SALARY 194 --
BEGIN;
UPDATE employees SET salary = salary + 8187 WHERE employee_id = 194;
COMMIT;

-- UPDATING EMPLOYEE SALARY 209 --
BEGIN;
UPDATE employees SET salary = salary + 7319 WHERE employee_id = 209;
COMMIT;

-- UPDATING EMPLOYEE SALARY 224 --
BEGIN;
UPDATE employees SET salary = salary + 9225 WHERE employee_id = 224;
COMMIT;

-- UPDATING EMPLOYEE SALARY 62 --
BEGIN;
UPDATE employees SET salary = salary + 2984 WHERE employee_id = 62;
COMMIT;

-- UPDATING EMPLOYEE SALARY 222 --
BEGIN;
UPDATE employees SET salary = salary + 4080 WHERE employee_id = 222;
COMMIT;

-- UPDATING EMPLOYEE SALARY 103 --
BEGIN;
UPDATE employees SET salary = salary + 3539 WHERE employee_id = 103;
COMMIT;

-- UPDATING EMPLOYEE SALARY 193 --
BEGIN;
UPDATE employees SET salary = salary + 566 WHERE employee_id = 193;
COMMIT;

-- UPDATING EMPLOYEE SALARY 153 --
BEGIN;
UPDATE employees SET salary = salary + 2813 WHERE employee_id = 153;
COMMIT;

-- UPDATING EMPLOYEE SALARY 35 --
BEGIN;
UPDATE employees SET salary = salary + 5088 WHERE employee_id = 35;
COMMIT;

-- UPDATING EMPLOYEE SALARY 199 --
BEGIN;
UPDATE employees SET salary = salary + 2963 WHERE employee_id = 199;
COMMIT;

-- UPDATING EMPLOYEE SALARY 266 --
BEGIN;
UPDATE employees SET salary = salary + 4674 WHERE employee_id = 266;
COMMIT;

-- UPDATING EMPLOYEE SALARY 251 --
BEGIN;
UPDATE employees SET salary = salary + 2265 WHERE employee_id = 251;
COMMIT;

-- UPDATING EMPLOYEE SALARY 218 --
BEGIN;
UPDATE employees SET salary = salary + 5834 WHERE employee_id = 218;
COMMIT;

-- UPDATING EMPLOYEE SALARY 182 --
BEGIN;
UPDATE employees SET salary = salary + 3988 WHERE employee_id = 182;
COMMIT;

-- UPDATING EMPLOYEE SALARY 58 --
BEGIN;
UPDATE employees SET salary = salary + 9535 WHERE employee_id = 58;
COMMIT;

-- UPDATING EMPLOYEE SALARY 108 --
BEGIN;
UPDATE employees SET salary = salary + 4884 WHERE employee_id = 108;
COMMIT;

-- UPDATING EMPLOYEE SALARY 26 --
BEGIN;
UPDATE employees SET salary = salary + 6393 WHERE employee_id = 26;
COMMIT;

-- UPDATING EMPLOYEE SALARY 219 --
BEGIN;
UPDATE employees SET salary = salary + 8902 WHERE employee_id = 219;
COMMIT;

-- UPDATING EMPLOYEE SALARY 131 --
BEGIN;
UPDATE employees SET salary = salary + 4778 WHERE employee_id = 131;
COMMIT;

-- UPDATING EMPLOYEE SALARY 25 --
BEGIN;
UPDATE employees SET salary = salary + 1959 WHERE employee_id = 25;
COMMIT;

-- UPDATING EMPLOYEE SALARY 199 --
BEGIN;
UPDATE employees SET salary = salary + 2931 WHERE employee_id = 199;
COMMIT;

-- UPDATING EMPLOYEE SALARY 219 --
BEGIN;
UPDATE employees SET salary = salary + 1366 WHERE employee_id = 219;
COMMIT;

-- UPDATING EMPLOYEE SALARY 232 --
BEGIN;
UPDATE employees SET salary = salary + 9096 WHERE employee_id = 232;
COMMIT;

-- UPDATING EMPLOYEE SALARY 171 --
BEGIN;
UPDATE employees SET salary = salary + 3770 WHERE employee_id = 171;
COMMIT;

-- UPDATING EMPLOYEE SALARY 86 --
BEGIN;
UPDATE employees SET salary = salary + 5054 WHERE employee_id = 86;
COMMIT;

-- UPDATING EMPLOYEE SALARY 36 --
BEGIN;
UPDATE employees SET salary = salary + 8021 WHERE employee_id = 36;
COMMIT;

-- UPDATING EMPLOYEE SALARY 173 --
BEGIN;
UPDATE employees SET salary = salary + 961 WHERE employee_id = 173;
COMMIT;

-- UPDATING EMPLOYEE SALARY 249 --
BEGIN;
UPDATE employees SET salary = salary + 2785 WHERE employee_id = 249;
COMMIT;

-- UPDATING EMPLOYEE SALARY 129 --
BEGIN;
UPDATE employees SET salary = salary + 7842 WHERE employee_id = 129;
COMMIT;

-- UPDATING EMPLOYEE SALARY 37 --
BEGIN;
UPDATE employees SET salary = salary + 3806 WHERE employee_id = 37;
COMMIT;

-- UPDATING EMPLOYEE SALARY 222 --
BEGIN;
UPDATE employees SET salary = salary + 1580 WHERE employee_id = 222;
COMMIT;

-- UPDATING EMPLOYEE SALARY 185 --
BEGIN;
UPDATE employees SET salary = salary + 3842 WHERE employee_id = 185;
COMMIT;

-- UPDATING EMPLOYEE SALARY 76 --
BEGIN;
UPDATE employees SET salary = salary + 366 WHERE employee_id = 76;
COMMIT;

-- UPDATING EMPLOYEE SALARY 26 --
BEGIN;
UPDATE employees SET salary = salary + 6839 WHERE employee_id = 26;
COMMIT;

-- UPDATING EMPLOYEE SALARY 207 --
BEGIN;
UPDATE employees SET salary = salary + 1434 WHERE employee_id = 207;
COMMIT;

-- UPDATING EMPLOYEE SALARY 176 --
BEGIN;
UPDATE employees SET salary = salary + 5216 WHERE employee_id = 176;
COMMIT;

-- UPDATING EMPLOYEE SALARY 11 --
BEGIN;
UPDATE employees SET salary = salary + 473 WHERE employee_id = 11;
COMMIT;

-- UPDATING EMPLOYEE SALARY 6 --
BEGIN;
UPDATE employees SET salary = salary + 6282 WHERE employee_id = 6;
COMMIT;

-- UPDATING EMPLOYEE SALARY 61 --
BEGIN;
UPDATE employees SET salary = salary + 9895 WHERE employee_id = 61;
COMMIT;

-- UPDATING EMPLOYEE SALARY 131 --
BEGIN;
UPDATE employees SET salary = salary + 4650 WHERE employee_id = 131;
COMMIT;

-- UPDATING EMPLOYEE SALARY 22 --
BEGIN;
UPDATE employees SET salary = salary + 8845 WHERE employee_id = 22;
COMMIT;

-- UPDATING EMPLOYEE SALARY 239 --
BEGIN;
UPDATE employees SET salary = salary + 3003 WHERE employee_id = 239;
COMMIT;

-- UPDATING EMPLOYEE SALARY 163 --
BEGIN;
UPDATE employees SET salary = salary + 4870 WHERE employee_id = 163;
COMMIT;

-- UPDATING EMPLOYEE SALARY 215 --
BEGIN;
UPDATE employees SET salary = salary + 6047 WHERE employee_id = 215;
COMMIT;

-- UPDATING EMPLOYEE SALARY 17 --
BEGIN;
UPDATE employees SET salary = salary + 9417 WHERE employee_id = 17;
COMMIT;

-- UPDATING EMPLOYEE SALARY 85 --
BEGIN;
UPDATE employees SET salary = salary + 272 WHERE employee_id = 85;
COMMIT;

-- UPDATING EMPLOYEE SALARY 49 --
BEGIN;
UPDATE employees SET salary = salary + 3011 WHERE employee_id = 49;
COMMIT;

-- UPDATING EMPLOYEE SALARY 183 --
BEGIN;
UPDATE employees SET salary = salary + 2982 WHERE employee_id = 183;
COMMIT;

-- UPDATING EMPLOYEE SALARY 198 --
BEGIN;
UPDATE employees SET salary = salary + 9341 WHERE employee_id = 198;
COMMIT;

-- UPDATING EMPLOYEE SALARY 248 --
BEGIN;
UPDATE employees SET salary = salary + 118 WHERE employee_id = 248;
COMMIT;

-- UPDATING EMPLOYEE SALARY 210 --
BEGIN;
UPDATE employees SET salary = salary + 5901 WHERE employee_id = 210;
COMMIT;

-- UPDATING EMPLOYEE SALARY 173 --
BEGIN;
UPDATE employees SET salary = salary + 122 WHERE employee_id = 173;
COMMIT;

-- UPDATING EMPLOYEE SALARY 251 --
BEGIN;
UPDATE employees SET salary = salary + 2200 WHERE employee_id = 251;
COMMIT;

-- UPDATING EMPLOYEE SALARY 123 --
BEGIN;
UPDATE employees SET salary = salary + 2920 WHERE employee_id = 123;
COMMIT;

-- UPDATING EMPLOYEE SALARY 67 --
BEGIN;
UPDATE employees SET salary = salary + 1334 WHERE employee_id = 67;
COMMIT;

-- UPDATING EMPLOYEE SALARY 234 --
BEGIN;
UPDATE employees SET salary = salary + 8216 WHERE employee_id = 234;
COMMIT;

-- UPDATING EMPLOYEE SALARY 91 --
BEGIN;
UPDATE employees SET salary = salary + 357 WHERE employee_id = 91;
COMMIT;

-- UPDATING EMPLOYEE SALARY 198 --
BEGIN;
UPDATE employees SET salary = salary + 9872 WHERE employee_id = 198;
COMMIT;

-- UPDATING EMPLOYEE SALARY 258 --
BEGIN;
UPDATE employees SET salary = salary + 6085 WHERE employee_id = 258;
COMMIT;

-- UPDATING EMPLOYEE SALARY 236 --
BEGIN;
UPDATE employees SET salary = salary + 9246 WHERE employee_id = 236;
COMMIT;

-- UPDATING EMPLOYEE SALARY 251 --
BEGIN;
UPDATE employees SET salary = salary + 98 WHERE employee_id = 251;
COMMIT;

-- UPDATING EMPLOYEE SALARY 148 --
BEGIN;
UPDATE employees SET salary = salary + 3586 WHERE employee_id = 148;
COMMIT;

-- UPDATING EMPLOYEE SALARY 253 --
BEGIN;
UPDATE employees SET salary = salary + 7616 WHERE employee_id = 253;
COMMIT;

-- UPDATING EMPLOYEE SALARY 151 --
BEGIN;
UPDATE employees SET salary = salary + 4854 WHERE employee_id = 151;
COMMIT;

-- UPDATING EMPLOYEE SALARY 68 --
BEGIN;
UPDATE employees SET salary = salary + 1609 WHERE employee_id = 68;
COMMIT;

-- UPDATING EMPLOYEE SALARY 195 --
BEGIN;
UPDATE employees SET salary = salary + 9351 WHERE employee_id = 195;
COMMIT;

-- UPDATING EMPLOYEE SALARY 90 --
BEGIN;
UPDATE employees SET salary = salary + 7109 WHERE employee_id = 90;
COMMIT;

-- UPDATING EMPLOYEE SALARY 200 --
BEGIN;
UPDATE employees SET salary = salary + 499 WHERE employee_id = 200;
COMMIT;

-- UPDATING EMPLOYEE SALARY 151 --
BEGIN;
UPDATE employees SET salary = salary + 4085 WHERE employee_id = 151;
COMMIT;

-- UPDATING EMPLOYEE SALARY 39 --
BEGIN;
UPDATE employees SET salary = salary + 7368 WHERE employee_id = 39;
COMMIT;

-- UPDATING EMPLOYEE SALARY 269 --
BEGIN;
UPDATE employees SET salary = salary + 6459 WHERE employee_id = 269;
COMMIT;

-- UPDATING EMPLOYEE SALARY 93 --
BEGIN;
UPDATE employees SET salary = salary + 5099 WHERE employee_id = 93;
COMMIT;

-- UPDATING EMPLOYEE SALARY 66 --
BEGIN;
UPDATE employees SET salary = salary + 7125 WHERE employee_id = 66;
COMMIT;

-- UPDATING EMPLOYEE SALARY 239 --
BEGIN;
UPDATE employees SET salary = salary + 1528 WHERE employee_id = 239;
COMMIT;

-- UPDATING EMPLOYEE SALARY 11 --
BEGIN;
UPDATE employees SET salary = salary + 8242 WHERE employee_id = 11;
COMMIT;

-- UPDATING EMPLOYEE SALARY 252 --
BEGIN;
UPDATE employees SET salary = salary + 6738 WHERE employee_id = 252;
COMMIT;

-- UPDATING EMPLOYEE SALARY 72 --
BEGIN;
UPDATE employees SET salary = salary + 836 WHERE employee_id = 72;
COMMIT;

-- UPDATING EMPLOYEE SALARY 217 --
BEGIN;
UPDATE employees SET salary = salary + 6401 WHERE employee_id = 217;
COMMIT;

-- UPDATING EMPLOYEE SALARY 213 --
BEGIN;
UPDATE employees SET salary = salary + 1977 WHERE employee_id = 213;
COMMIT;

-- UPDATING EMPLOYEE SALARY 269 --
BEGIN;
UPDATE employees SET salary = salary + 5121 WHERE employee_id = 269;
COMMIT;

-- UPDATING EMPLOYEE SALARY 222 --
BEGIN;
UPDATE employees SET salary = salary + 3544 WHERE employee_id = 222;
COMMIT;

-- UPDATING EMPLOYEE SALARY 149 --
BEGIN;
UPDATE employees SET salary = salary + 3557 WHERE employee_id = 149;
COMMIT;

-- UPDATING EMPLOYEE SALARY 92 --
BEGIN;
UPDATE employees SET salary = salary + 3876 WHERE employee_id = 92;
COMMIT;

-- UPDATING EMPLOYEE SALARY 202 --
BEGIN;
UPDATE employees SET salary = salary + 5864 WHERE employee_id = 202;
COMMIT;

-- UPDATING EMPLOYEE SALARY 33 --
BEGIN;
UPDATE employees SET salary = salary + 1559 WHERE employee_id = 33;
COMMIT;

-- UPDATING EMPLOYEE SALARY 267 --
BEGIN;
UPDATE employees SET salary = salary + 1210 WHERE employee_id = 267;
COMMIT;

-- UPDATING EMPLOYEE SALARY 210 --
BEGIN;
UPDATE employees SET salary = salary + 1513 WHERE employee_id = 210;
COMMIT;

-- UPDATING EMPLOYEE SALARY 193 --
BEGIN;
UPDATE employees SET salary = salary + 1924 WHERE employee_id = 193;
COMMIT;

-- UPDATING EMPLOYEE SALARY 260 --
BEGIN;
UPDATE employees SET salary = salary + 4933 WHERE employee_id = 260;
COMMIT;

-- UPDATING EMPLOYEE SALARY 160 --
BEGIN;
UPDATE employees SET salary = salary + 5979 WHERE employee_id = 160;
COMMIT;

-- UPDATING EMPLOYEE SALARY 179 --
BEGIN;
UPDATE employees SET salary = salary + 7694 WHERE employee_id = 179;
COMMIT;

-- UPDATING EMPLOYEE SALARY 80 --
BEGIN;
UPDATE employees SET salary = salary + 7629 WHERE employee_id = 80;
COMMIT;

-- UPDATING EMPLOYEE SALARY 49 --
BEGIN;
UPDATE employees SET salary = salary + 6069 WHERE employee_id = 49;
COMMIT;

-- UPDATING EMPLOYEE SALARY 228 --
BEGIN;
UPDATE employees SET salary = salary + 2103 WHERE employee_id = 228;
COMMIT;

-- UPDATING EMPLOYEE SALARY 81 --
BEGIN;
UPDATE employees SET salary = salary + 6527 WHERE employee_id = 81;
COMMIT;

-- UPDATING EMPLOYEE SALARY 136 --
BEGIN;
UPDATE employees SET salary = salary + 2492 WHERE employee_id = 136;
COMMIT;

-- UPDATING EMPLOYEE SALARY 240 --
BEGIN;
UPDATE employees SET salary = salary + 5423 WHERE employee_id = 240;
COMMIT;

-- UPDATING EMPLOYEE SALARY 239 --
BEGIN;
UPDATE employees SET salary = salary + 7265 WHERE employee_id = 239;
COMMIT;

-- UPDATING EMPLOYEE SALARY 50 --
BEGIN;
UPDATE employees SET salary = salary + 5135 WHERE employee_id = 50;
COMMIT;

-- UPDATING EMPLOYEE SALARY 144 --
BEGIN;
UPDATE employees SET salary = salary + 6985 WHERE employee_id = 144;
COMMIT;

-- UPDATING EMPLOYEE SALARY 147 --
BEGIN;
UPDATE employees SET salary = salary + 9166 WHERE employee_id = 147;
COMMIT;

-- UPDATING EMPLOYEE SALARY 241 --
BEGIN;
UPDATE employees SET salary = salary + 1292 WHERE employee_id = 241;
COMMIT;

-- UPDATING EMPLOYEE SALARY 198 --
BEGIN;
UPDATE employees SET salary = salary + 3651 WHERE employee_id = 198;
COMMIT;

-- UPDATING EMPLOYEE SALARY 176 --
BEGIN;
UPDATE employees SET salary = salary + 5846 WHERE employee_id = 176;
COMMIT;

-- UPDATING EMPLOYEE SALARY 91 --
BEGIN;
UPDATE employees SET salary = salary + 6347 WHERE employee_id = 91;
COMMIT;

-- UPDATING EMPLOYEE SALARY 208 --
BEGIN;
UPDATE employees SET salary = salary + 4587 WHERE employee_id = 208;
COMMIT;

-- UPDATING EMPLOYEE SALARY 62 --
BEGIN;
UPDATE employees SET salary = salary + 5341 WHERE employee_id = 62;
COMMIT;

-- UPDATING EMPLOYEE SALARY 170 --
BEGIN;
UPDATE employees SET salary = salary + 1601 WHERE employee_id = 170;
COMMIT;

-- UPDATING EMPLOYEE SALARY 93 --
BEGIN;
UPDATE employees SET salary = salary + 9641 WHERE employee_id = 93;
COMMIT;

-- UPDATING EMPLOYEE SALARY 263 --
BEGIN;
UPDATE employees SET salary = salary + 8876 WHERE employee_id = 263;
COMMIT;

-- UPDATING EMPLOYEE SALARY 64 --
BEGIN;
UPDATE employees SET salary = salary + 1149 WHERE employee_id = 64;
COMMIT;

-- UPDATING EMPLOYEE SALARY 195 --
BEGIN;
UPDATE employees SET salary = salary + 9402 WHERE employee_id = 195;
COMMIT;

-- UPDATING EMPLOYEE SALARY 134 --
BEGIN;
UPDATE employees SET salary = salary + 3158 WHERE employee_id = 134;
COMMIT;

-- UPDATING EMPLOYEE SALARY 50 --
BEGIN;
UPDATE employees SET salary = salary + 1878 WHERE employee_id = 50;
COMMIT;

-- UPDATING EMPLOYEE SALARY 80 --
BEGIN;
UPDATE employees SET salary = salary + 5750 WHERE employee_id = 80;
COMMIT;

-- UPDATING EMPLOYEE SALARY 167 --
BEGIN;
UPDATE employees SET salary = salary + 4561 WHERE employee_id = 167;
COMMIT;

-- UPDATING EMPLOYEE SALARY 153 --
BEGIN;
UPDATE employees SET salary = salary + 8322 WHERE employee_id = 153;
COMMIT;

-- UPDATING EMPLOYEE SALARY 245 --
BEGIN;
UPDATE employees SET salary = salary + 3170 WHERE employee_id = 245;
COMMIT;

-- UPDATING EMPLOYEE SALARY 162 --
BEGIN;
UPDATE employees SET salary = salary + 9121 WHERE employee_id = 162;
COMMIT;

-- UPDATING EMPLOYEE SALARY 262 --
BEGIN;
UPDATE employees SET salary = salary + 9820 WHERE employee_id = 262;
COMMIT;

-- UPDATING EMPLOYEE SALARY 65 --
BEGIN;
UPDATE employees SET salary = salary + 4266 WHERE employee_id = 65;
COMMIT;

-- UPDATING EMPLOYEE SALARY 218 --
BEGIN;
UPDATE employees SET salary = salary + 8701 WHERE employee_id = 218;
COMMIT;

-- UPDATING EMPLOYEE SALARY 146 --
BEGIN;
UPDATE employees SET salary = salary + 4722 WHERE employee_id = 146;
COMMIT;

-- UPDATING EMPLOYEE SALARY 90 --
BEGIN;
UPDATE employees SET salary = salary + 2840 WHERE employee_id = 90;
COMMIT;

-- UPDATING EMPLOYEE SALARY 118 --
BEGIN;
UPDATE employees SET salary = salary + 6416 WHERE employee_id = 118;
COMMIT;

-- UPDATING EMPLOYEE SALARY 49 --
BEGIN;
UPDATE employees SET salary = salary + 7357 WHERE employee_id = 49;
COMMIT;

-- UPDATING EMPLOYEE SALARY 135 --
BEGIN;
UPDATE employees SET salary = salary + 2257 WHERE employee_id = 135;
COMMIT;

-- UPDATING EMPLOYEE SALARY 49 --
BEGIN;
UPDATE employees SET salary = salary + 8050 WHERE employee_id = 49;
COMMIT;

-- UPDATING EMPLOYEE SALARY 107 --
BEGIN;
UPDATE employees SET salary = salary + 7976 WHERE employee_id = 107;
COMMIT;

-- UPDATING EMPLOYEE SALARY 135 --
BEGIN;
UPDATE employees SET salary = salary + 4353 WHERE employee_id = 135;
COMMIT;

-- UPDATING EMPLOYEE SALARY 171 --
BEGIN;
UPDATE employees SET salary = salary + 3920 WHERE employee_id = 171;
COMMIT;

-- UPDATING EMPLOYEE SALARY 217 --
BEGIN;
UPDATE employees SET salary = salary + 2611 WHERE employee_id = 217;
COMMIT;

-- INSERTING EMPLOYEE 270 --
BEGIN;
INSERT INTO employees (employee_id, first_name, last_name, email, phone_number, hire_date, job_id, salary,manager_id,department_id) VALUES (270, 'Tina', 'Fey', 'tina.fey@gmail.com', '555-3458', '1997-10-22', 16, 260000.00, 252, 389);
INSERT INTO dependents (dependent_id, first_name, last_name, relationship, employee_id) VALUES (806, 'Tom', 'Cruise', 'child', 270);
INSERT INTO dependents (dependent_id, first_name, last_name, relationship, employee_id) VALUES (807, 'Werner', 'Heisenberg', 'child', 270);
INSERT INTO dependents (dependent_id, first_name, last_name, relationship, employee_id) VALUES (808, 'Rachel', 'Carson', 'spouse', 270);
COMMIT;

-- INSERTING DEPENDENT 154 --
BEGIN;
INSERT INTO dependents (dependent_id, first_name, last_name, relationship, employee_id) VALUES (809, 'Ada', 'Lovelace', 'child', 154);
END;

-- UPDATING EMPLOYEE SALARY 129 --
BEGIN;
UPDATE employees SET salary = salary + 781 WHERE employee_id = 129;
COMMIT;

-- UPDATING EMPLOYEE SALARY 26 --
BEGIN;
UPDATE employees SET salary = salary + 6201 WHERE employee_id = 26;
COMMIT;

-- UPDATING EMPLOYEE SALARY 182 --
BEGIN;
UPDATE employees SET salary = salary + 43 WHERE employee_id = 182;
COMMIT;

-- UPDATING EMPLOYEE SALARY 178 --
BEGIN;
UPDATE employees SET salary = salary + 7869 WHERE employee_id = 178;
COMMIT;

-- UPDATING EMPLOYEE SALARY 154 --
BEGIN;
UPDATE employees SET salary = salary + 8119 WHERE employee_id = 154;
COMMIT;

-- UPDATING EMPLOYEE SALARY 193 --
BEGIN;
UPDATE employees SET salary = salary + 321 WHERE employee_id = 193;
COMMIT;

-- UPDATING EMPLOYEE SALARY 108 --
BEGIN;
UPDATE employees SET salary = salary + 2487 WHERE employee_id = 108;
COMMIT;

-- UPDATING EMPLOYEE SALARY 166 --
BEGIN;
UPDATE employees SET salary = salary + 989 WHERE employee_id = 166;
COMMIT;

-- UPDATING EMPLOYEE SALARY 38 --
BEGIN;
UPDATE employees SET salary = salary + 7580 WHERE employee_id = 38;
COMMIT;

-- UPDATING EMPLOYEE SALARY 168 --
BEGIN;
UPDATE employees SET salary = salary + 9897 WHERE employee_id = 168;
COMMIT;

-- UPDATING EMPLOYEE SALARY 188 --
BEGIN;
UPDATE employees SET salary = salary + 2285 WHERE employee_id = 188;
COMMIT;

-- UPDATING EMPLOYEE SALARY 249 --
BEGIN;
UPDATE employees SET salary = salary + 3549 WHERE employee_id = 249;
COMMIT;

-- UPDATING EMPLOYEE SALARY 50 --
BEGIN;
UPDATE employees SET salary = salary + 1277 WHERE employee_id = 50;
COMMIT;

-- UPDATING EMPLOYEE SALARY 9 --
BEGIN;
UPDATE employees SET salary = salary + 3567 WHERE employee_id = 9;
COMMIT;

-- UPDATING EMPLOYEE SALARY 232 --
BEGIN;
UPDATE employees SET salary = salary + 7864 WHERE employee_id = 232;
COMMIT;

-- UPDATING EMPLOYEE SALARY 162 --
BEGIN;
UPDATE employees SET salary = salary + 9623 WHERE employee_id = 162;
COMMIT;

-- UPDATING EMPLOYEE SALARY 123 --
BEGIN;
UPDATE employees SET salary = salary + 979 WHERE employee_id = 123;
COMMIT;

-- UPDATING EMPLOYEE SALARY 75 --
BEGIN;
UPDATE employees SET salary = salary + 975 WHERE employee_id = 75;
COMMIT;

-- UPDATING EMPLOYEE SALARY 245 --
BEGIN;
UPDATE employees SET salary = salary + 8980 WHERE employee_id = 245;
COMMIT;

-- UPDATING EMPLOYEE SALARY 158 --
BEGIN;
UPDATE employees SET salary = salary + 7293 WHERE employee_id = 158;
COMMIT;

-- UPDATING EMPLOYEE SALARY 162 --
BEGIN;
UPDATE employees SET salary = salary + 8079 WHERE employee_id = 162;
COMMIT;

-- UPDATING EMPLOYEE SALARY 225 --
BEGIN;
UPDATE employees SET salary = salary + 1245 WHERE employee_id = 225;
COMMIT;

-- UPDATING EMPLOYEE SALARY 92 --
BEGIN;
UPDATE employees SET salary = salary + 4366 WHERE employee_id = 92;
COMMIT;

-- UPDATING EMPLOYEE SALARY 135 --
BEGIN;
UPDATE employees SET salary = salary + 3924 WHERE employee_id = 135;
COMMIT;

-- UPDATING EMPLOYEE SALARY 103 --
BEGIN;
UPDATE employees SET salary = salary + 1583 WHERE employee_id = 103;
COMMIT;

-- UPDATING EMPLOYEE SALARY 254 --
BEGIN;
UPDATE employees SET salary = salary + 4161 WHERE employee_id = 254;
COMMIT;

-- UPDATING EMPLOYEE SALARY 91 --
BEGIN;
UPDATE employees SET salary = salary + 6339 WHERE employee_id = 91;
COMMIT;

-- UPDATING EMPLOYEE SALARY 201 --
BEGIN;
UPDATE employees SET salary = salary + 9984 WHERE employee_id = 201;
COMMIT;

-- UPDATING EMPLOYEE SALARY 252 --
BEGIN;
UPDATE employees SET salary = salary + 379 WHERE employee_id = 252;
COMMIT;

-- UPDATING EMPLOYEE SALARY 162 --
BEGIN;
UPDATE employees SET salary = salary + 4244 WHERE employee_id = 162;
COMMIT;

-- UPDATING EMPLOYEE SALARY 39 --
BEGIN;
UPDATE employees SET salary = salary + 3375 WHERE employee_id = 39;
COMMIT;

-- UPDATING EMPLOYEE SALARY 177 --
BEGIN;
UPDATE employees SET salary = salary + 6418 WHERE employee_id = 177;
COMMIT;

-- UPDATING EMPLOYEE SALARY 139 --
BEGIN;
UPDATE employees SET salary = salary + 3629 WHERE employee_id = 139;
COMMIT;

-- UPDATING EMPLOYEE SALARY 171 --
BEGIN;
UPDATE employees SET salary = salary + 5756 WHERE employee_id = 171;
COMMIT;

-- UPDATING EMPLOYEE SALARY 85 --
BEGIN;
UPDATE employees SET salary = salary + 6251 WHERE employee_id = 85;
COMMIT;

-- UPDATING EMPLOYEE SALARY 202 --
BEGIN;
UPDATE employees SET salary = salary + 9554 WHERE employee_id = 202;
COMMIT;

-- UPDATING EMPLOYEE SALARY 174 --
BEGIN;
UPDATE employees SET salary = salary + 3952 WHERE employee_id = 174;
COMMIT;

-- UPDATING EMPLOYEE SALARY 257 --
BEGIN;
UPDATE employees SET salary = salary + 9608 WHERE employee_id = 257;
COMMIT;

-- UPDATING EMPLOYEE SALARY 68 --
BEGIN;
UPDATE employees SET salary = salary + 8072 WHERE employee_id = 68;
COMMIT;

-- UPDATING EMPLOYEE SALARY 158 --
BEGIN;
UPDATE employees SET salary = salary + 3030 WHERE employee_id = 158;
COMMIT;

-- UPDATING EMPLOYEE SALARY 234 --
BEGIN;
UPDATE employees SET salary = salary + 8323 WHERE employee_id = 234;
COMMIT;

-- UPDATING EMPLOYEE SALARY 192 --
BEGIN;
UPDATE employees SET salary = salary + 6938 WHERE employee_id = 192;
COMMIT;

-- UPDATING EMPLOYEE SALARY 192 --
BEGIN;
UPDATE employees SET salary = salary + 3997 WHERE employee_id = 192;
COMMIT;

-- UPDATING EMPLOYEE SALARY 180 --
BEGIN;
UPDATE employees SET salary = salary + 6724 WHERE employee_id = 180;
COMMIT;

-- UPDATING EMPLOYEE SALARY 131 --
BEGIN;
UPDATE employees SET salary = salary + 9503 WHERE employee_id = 131;
COMMIT;

-- UPDATING EMPLOYEE SALARY 177 --
BEGIN;
UPDATE employees SET salary = salary + 3337 WHERE employee_id = 177;
COMMIT;

-- UPDATING EMPLOYEE SALARY 156 --
BEGIN;
UPDATE employees SET salary = salary + 7423 WHERE employee_id = 156;
COMMIT;

-- UPDATING EMPLOYEE SALARY 169 --
BEGIN;
UPDATE employees SET salary = salary + 9066 WHERE employee_id = 169;
COMMIT;

-- UPDATING EMPLOYEE SALARY 156 --
BEGIN;
UPDATE employees SET salary = salary + 8550 WHERE employee_id = 156;
COMMIT;

-- UPDATING EMPLOYEE SALARY 269 --
BEGIN;
UPDATE employees SET salary = salary + 8720 WHERE employee_id = 269;
COMMIT;

-- UPDATING EMPLOYEE SALARY 184 --
BEGIN;
UPDATE employees SET salary = salary + 6953 WHERE employee_id = 184;
COMMIT;

-- UPDATING EMPLOYEE SALARY 193 --
BEGIN;
UPDATE employees SET salary = salary + 622 WHERE employee_id = 193;
COMMIT;

-- UPDATING EMPLOYEE SALARY 265 --
BEGIN;
UPDATE employees SET salary = salary + 7619 WHERE employee_id = 265;
COMMIT;

-- UPDATING EMPLOYEE SALARY 203 --
BEGIN;
UPDATE employees SET salary = salary + 2176 WHERE employee_id = 203;
COMMIT;

-- UPDATING EMPLOYEE SALARY 124 --
BEGIN;
UPDATE employees SET salary = salary + 5954 WHERE employee_id = 124;
COMMIT;

-- UPDATING EMPLOYEE SALARY 202 --
BEGIN;
UPDATE employees SET salary = salary + 1396 WHERE employee_id = 202;
COMMIT;

-- UPDATING EMPLOYEE SALARY 102 --
BEGIN;
UPDATE employees SET salary = salary + 4302 WHERE employee_id = 102;
COMMIT;

-- UPDATING EMPLOYEE SALARY 34 --
BEGIN;
UPDATE employees SET salary = salary + 4581 WHERE employee_id = 34;
COMMIT;

-- UPDATING EMPLOYEE SALARY 11 --
BEGIN;
UPDATE employees SET salary = salary + 6759 WHERE employee_id = 11;
COMMIT;

-- UPDATING EMPLOYEE SALARY 202 --
BEGIN;
UPDATE employees SET salary = salary + 9743 WHERE employee_id = 202;
COMMIT;

-- UPDATING EMPLOYEE SALARY 38 --
BEGIN;
UPDATE employees SET salary = salary + 8820 WHERE employee_id = 38;
COMMIT;

-- UPDATING EMPLOYEE SALARY 233 --
BEGIN;
UPDATE employees SET salary = salary + 857 WHERE employee_id = 233;
COMMIT;

-- UPDATING EMPLOYEE SALARY 219 --
BEGIN;
UPDATE employees SET salary = salary + 7580 WHERE employee_id = 219;
COMMIT;

-- UPDATING EMPLOYEE SALARY 215 --
BEGIN;
UPDATE employees SET salary = salary + 7408 WHERE employee_id = 215;
COMMIT;

-- UPDATING EMPLOYEE SALARY 237 --
BEGIN;
UPDATE employees SET salary = salary + 8460 WHERE employee_id = 237;
COMMIT;

-- UPDATING EMPLOYEE SALARY 58 --
BEGIN;
UPDATE employees SET salary = salary + 9812 WHERE employee_id = 58;
COMMIT;

-- UPDATING EMPLOYEE SALARY 135 --
BEGIN;
UPDATE employees SET salary = salary + 861 WHERE employee_id = 135;
COMMIT;

-- UPDATING EMPLOYEE SALARY 196 --
BEGIN;
UPDATE employees SET salary = salary + 1018 WHERE employee_id = 196;
COMMIT;

-- UPDATING EMPLOYEE SALARY 22 --
BEGIN;
UPDATE employees SET salary = salary + 4743 WHERE employee_id = 22;
COMMIT;

-- UPDATING EMPLOYEE SALARY 255 --
BEGIN;
UPDATE employees SET salary = salary + 2396 WHERE employee_id = 255;
COMMIT;

-- UPDATING EMPLOYEE SALARY 212 --
BEGIN;
UPDATE employees SET salary = salary + 1068 WHERE employee_id = 212;
COMMIT;

-- UPDATING EMPLOYEE SALARY 201 --
BEGIN;
UPDATE employees SET salary = salary + 1469 WHERE employee_id = 201;
COMMIT;

-- UPDATING EMPLOYEE SALARY 133 --
BEGIN;
UPDATE employees SET salary = salary + 9852 WHERE employee_id = 133;
COMMIT;

-- UPDATING EMPLOYEE SALARY 192 --
BEGIN;
UPDATE employees SET salary = salary + 8780 WHERE employee_id = 192;
COMMIT;

-- UPDATING EMPLOYEE SALARY 225 --
BEGIN;
UPDATE employees SET salary = salary + 4812 WHERE employee_id = 225;
COMMIT;

-- UPDATING EMPLOYEE SALARY 211 --
BEGIN;
UPDATE employees SET salary = salary + 7879 WHERE employee_id = 211;
COMMIT;

-- UPDATING EMPLOYEE SALARY 255 --
BEGIN;
UPDATE employees SET salary = salary + 2572 WHERE employee_id = 255;
COMMIT;

-- UPDATING EMPLOYEE SALARY 195 --
BEGIN;
UPDATE employees SET salary = salary + 5666 WHERE employee_id = 195;
COMMIT;

-- UPDATING EMPLOYEE SALARY 130 --
BEGIN;
UPDATE employees SET salary = salary + 6575 WHERE employee_id = 130;
COMMIT;

-- UPDATING EMPLOYEE SALARY 237 --
BEGIN;
UPDATE employees SET salary = salary + 5179 WHERE employee_id = 237;
COMMIT;

-- UPDATING EMPLOYEE SALARY 76 --
BEGIN;
UPDATE employees SET salary = salary + 7167 WHERE employee_id = 76;
COMMIT;

-- UPDATING EMPLOYEE SALARY 178 --
BEGIN;
UPDATE employees SET salary = salary + 2998 WHERE employee_id = 178;
COMMIT;

-- UPDATING EMPLOYEE SALARY 179 --
BEGIN;
UPDATE employees SET salary = salary + 2657 WHERE employee_id = 179;
COMMIT;

-- UPDATING EMPLOYEE SALARY 186 --
BEGIN;
UPDATE employees SET salary = salary + 3540 WHERE employee_id = 186;
COMMIT;

-- UPDATING EMPLOYEE SALARY 77 --
BEGIN;
UPDATE employees SET salary = salary + 6157 WHERE employee_id = 77;
COMMIT;

-- UPDATING EMPLOYEE SALARY 185 --
BEGIN;
UPDATE employees SET salary = salary + 3765 WHERE employee_id = 185;
COMMIT;

-- UPDATING EMPLOYEE SALARY 262 --
BEGIN;
UPDATE employees SET salary = salary + 9880 WHERE employee_id = 262;
COMMIT;

-- UPDATING EMPLOYEE SALARY 203 --
BEGIN;
UPDATE employees SET salary = salary + 8439 WHERE employee_id = 203;
COMMIT;

-- UPDATING EMPLOYEE SALARY 197 --
BEGIN;
UPDATE employees SET salary = salary + 3332 WHERE employee_id = 197;
COMMIT;

-- UPDATING EMPLOYEE SALARY 80 --
BEGIN;
UPDATE employees SET salary = salary + 4911 WHERE employee_id = 80;
COMMIT;

-- UPDATING EMPLOYEE SALARY 64 --
BEGIN;
UPDATE employees SET salary = salary + 3996 WHERE employee_id = 64;
COMMIT;

-- UPDATING EMPLOYEE SALARY 170 --
BEGIN;
UPDATE employees SET salary = salary + 3947 WHERE employee_id = 170;
COMMIT;

-- UPDATING EMPLOYEE SALARY 137 --
BEGIN;
UPDATE employees SET salary = salary + 2858 WHERE employee_id = 137;
COMMIT;

-- UPDATING EMPLOYEE SALARY 216 --
BEGIN;
UPDATE employees SET salary = salary + 6459 WHERE employee_id = 216;
COMMIT;

-- UPDATING EMPLOYEE SALARY 179 --
BEGIN;
UPDATE employees SET salary = salary + 5067 WHERE employee_id = 179;
COMMIT;

-- UPDATING EMPLOYEE SALARY 202 --
BEGIN;
UPDATE employees SET salary = salary + 1951 WHERE employee_id = 202;
COMMIT;

-- UPDATING EMPLOYEE SALARY 170 --
BEGIN;
UPDATE employees SET salary = salary + 6867 WHERE employee_id = 170;
COMMIT;

-- UPDATING EMPLOYEE SALARY 208 --
BEGIN;
UPDATE employees SET salary = salary + 4211 WHERE employee_id = 208;
COMMIT;

-- UPDATING EMPLOYEE SALARY 212 --
BEGIN;
UPDATE employees SET salary = salary + 4956 WHERE employee_id = 212;
COMMIT;

-- UPDATING EMPLOYEE SALARY 66 --
BEGIN;
UPDATE employees SET salary = salary + 2496 WHERE employee_id = 66;
COMMIT;

-- UPDATING EMPLOYEE SALARY 103 --
BEGIN;
UPDATE employees SET salary = salary + 5545 WHERE employee_id = 103;
COMMIT;

-- INSERTING EMPLOYEE 271 --
BEGIN;
INSERT INTO employees (employee_id, first_name, last_name, email, phone_number, hire_date, job_id, salary,manager_id,department_id) VALUES (271, 'Steve', 'Jobs', 'steve.jobs@gmail.com', '555-2347', '2020-10-24', 7, 250000.00, 175, 445);
INSERT INTO dependents (dependent_id, first_name, last_name, relationship, employee_id) VALUES (810, 'Nikola', 'Tesla', 'child', 271);
INSERT INTO dependents (dependent_id, first_name, last_name, relationship, employee_id) VALUES (811, 'Galileo', 'Galilei', 'child', 271);
INSERT INTO dependents (dependent_id, first_name, last_name, relationship, employee_id) VALUES (812, 'David', 'Hilbert', 'parent', 271);
INSERT INTO dependents (dependent_id, first_name, last_name, relationship, employee_id) VALUES (813, 'Carl', 'Sagan', 'parent', 271);
COMMIT;

-- INSERTING DEPENDENT 142 --
BEGIN;
INSERT INTO dependents (dependent_id, first_name, last_name, relationship, employee_id) VALUES (814, 'Dorothy', 'Hodgkin', 'spouse', 142);
END;

-- UPDATING EMPLOYEE SALARY 149 --
BEGIN;
UPDATE employees SET salary = salary + 9902 WHERE employee_id = 149;
COMMIT;

-- UPDATING EMPLOYEE SALARY 251 --
BEGIN;
UPDATE employees SET salary = salary + 4081 WHERE employee_id = 251;
COMMIT;

-- UPDATING EMPLOYEE SALARY 184 --
BEGIN;
UPDATE employees SET salary = salary + 9235 WHERE employee_id = 184;
COMMIT;

-- UPDATING EMPLOYEE SALARY 87 --
BEGIN;
UPDATE employees SET salary = salary + 9794 WHERE employee_id = 87;
COMMIT;

-- UPDATING EMPLOYEE SALARY 205 --
BEGIN;
UPDATE employees SET salary = salary + 3687 WHERE employee_id = 205;
COMMIT;

-- UPDATING EMPLOYEE SALARY 138 --
BEGIN;
UPDATE employees SET salary = salary + 1208 WHERE employee_id = 138;
COMMIT;

-- UPDATING EMPLOYEE SALARY 239 --
BEGIN;
UPDATE employees SET salary = salary + 437 WHERE employee_id = 239;
COMMIT;

-- UPDATING EMPLOYEE SALARY 139 --
BEGIN;
UPDATE employees SET salary = salary + 7596 WHERE employee_id = 139;
COMMIT;

-- UPDATING EMPLOYEE SALARY 213 --
BEGIN;
UPDATE employees SET salary = salary + 9005 WHERE employee_id = 213;
COMMIT;

-- UPDATING EMPLOYEE SALARY 118 --
BEGIN;
UPDATE employees SET salary = salary + 9851 WHERE employee_id = 118;
COMMIT;

-- UPDATING EMPLOYEE SALARY 59 --
BEGIN;
UPDATE employees SET salary = salary + 9103 WHERE employee_id = 59;
COMMIT;

-- UPDATING EMPLOYEE SALARY 225 --
BEGIN;
UPDATE employees SET salary = salary + 4450 WHERE employee_id = 225;
COMMIT;

-- INSERTING EMPLOYEE 272 --
BEGIN;
INSERT INTO employees (employee_id, first_name, last_name, email, phone_number, hire_date, job_id, salary,manager_id,department_id) VALUES (272, 'Freddie', 'Mercury', 'freddie.mercury@gmail.com', '555-1236', '2019-03-04', 50, 440000.00, 270, 145);
INSERT INTO dependents (dependent_id, first_name, last_name, relationship, employee_id) VALUES (815, 'David', 'Hilbert', 'child', 272);
INSERT INTO dependents (dependent_id, first_name, last_name, relationship, employee_id) VALUES (816, 'James', 'Dean', 'spouse', 272);
COMMIT;

-- INSERTING EMPLOYEE 273 --
BEGIN;
INSERT INTO employees (employee_id, first_name, last_name, email, phone_number, hire_date, job_id, salary,manager_id,department_id) VALUES (273, 'Freddie', 'Mercury', 'freddie.mercury@gmail.com', '555-1236', '1998-04-20', 4, 440000.00, 34, 534);
INSERT INTO dependents (dependent_id, first_name, last_name, relationship, employee_id) VALUES (817, 'David', 'Attenborough', 'child', 273);
INSERT INTO dependents (dependent_id, first_name, last_name, relationship, employee_id) VALUES (818, 'Michael', 'Faraday', 'spouse', 273);
INSERT INTO dependents (dependent_id, first_name, last_name, relationship, employee_id) VALUES (819, 'Ada', 'Lovelace', 'spouse', 273);
COMMIT;

-- INSERTING DEPENDENT 9 --
BEGIN;
INSERT INTO dependents (dependent_id, first_name, last_name, relationship, employee_id) VALUES (820, 'Paul', 'Newman', 'parent', 9);
END;

-- INSERTING DEPENDENT 58 --
BEGIN;
INSERT INTO dependents (dependent_id, first_name, last_name, relationship, employee_id) VALUES (821, 'Tom', 'Cruise', 'spouse', 58);
END;

-- UPDATING EMPLOYEE SALARY 126 --
BEGIN;
UPDATE employees SET salary = salary + 1319 WHERE employee_id = 126;
COMMIT;

-- UPDATING EMPLOYEE SALARY 68 --
BEGIN;
UPDATE employees SET salary = salary + 5527 WHERE employee_id = 68;
COMMIT;

-- UPDATING EMPLOYEE SALARY 33 --
BEGIN;
UPDATE employees SET salary = salary + 391 WHERE employee_id = 33;
COMMIT;

-- UPDATING EMPLOYEE SALARY 203 --
BEGIN;
UPDATE employees SET salary = salary + 7363 WHERE employee_id = 203;
COMMIT;

-- UPDATING EMPLOYEE SALARY 196 --
BEGIN;
UPDATE employees SET salary = salary + 6310 WHERE employee_id = 196;
COMMIT;

-- UPDATING EMPLOYEE SALARY 102 --
BEGIN;
UPDATE employees SET salary = salary + 6149 WHERE employee_id = 102;
COMMIT;

-- UPDATING EMPLOYEE SALARY 9 --
BEGIN;
UPDATE employees SET salary = salary + 535 WHERE employee_id = 9;
COMMIT;

-- UPDATING EMPLOYEE SALARY 35 --
BEGIN;
UPDATE employees SET salary = salary + 6785 WHERE employee_id = 35;
COMMIT;

-- UPDATING EMPLOYEE SALARY 192 --
BEGIN;
UPDATE employees SET salary = salary + 8305 WHERE employee_id = 192;
COMMIT;

-- UPDATING EMPLOYEE SALARY 170 --
BEGIN;
UPDATE employees SET salary = salary + 6237 WHERE employee_id = 170;
COMMIT;

-- UPDATING EMPLOYEE SALARY 231 --
BEGIN;
UPDATE employees SET salary = salary + 1699 WHERE employee_id = 231;
COMMIT;

-- UPDATING EMPLOYEE SALARY 252 --
BEGIN;
UPDATE employees SET salary = salary + 3987 WHERE employee_id = 252;
COMMIT;

-- UPDATING EMPLOYEE SALARY 129 --
BEGIN;
UPDATE employees SET salary = salary + 9463 WHERE employee_id = 129;
COMMIT;

-- UPDATING EMPLOYEE SALARY 228 --
BEGIN;
UPDATE employees SET salary = salary + 9560 WHERE employee_id = 228;
COMMIT;

-- UPDATING EMPLOYEE SALARY 60 --
BEGIN;
UPDATE employees SET salary = salary + 5479 WHERE employee_id = 60;
COMMIT;

-- UPDATING EMPLOYEE SALARY 252 --
BEGIN;
UPDATE employees SET salary = salary + 1244 WHERE employee_id = 252;
COMMIT;

-- UPDATING EMPLOYEE SALARY 107 --
BEGIN;
UPDATE employees SET salary = salary + 9348 WHERE employee_id = 107;
COMMIT;

-- UPDATING EMPLOYEE SALARY 211 --
BEGIN;
UPDATE employees SET salary = salary + 3086 WHERE employee_id = 211;
COMMIT;

-- UPDATING EMPLOYEE SALARY 136 --
BEGIN;
UPDATE employees SET salary = salary + 9148 WHERE employee_id = 136;
COMMIT;

-- UPDATING EMPLOYEE SALARY 240 --
BEGIN;
UPDATE employees SET salary = salary + 4918 WHERE employee_id = 240;
COMMIT;

-- UPDATING EMPLOYEE SALARY 188 --
BEGIN;
UPDATE employees SET salary = salary + 2690 WHERE employee_id = 188;
COMMIT;

-- UPDATING EMPLOYEE SALARY 259 --
BEGIN;
UPDATE employees SET salary = salary + 2504 WHERE employee_id = 259;
COMMIT;

-- UPDATING EMPLOYEE SALARY 203 --
BEGIN;
UPDATE employees SET salary = salary + 6473 WHERE employee_id = 203;
COMMIT;

-- UPDATING EMPLOYEE SALARY 123 --
BEGIN;
UPDATE employees SET salary = salary + 9010 WHERE employee_id = 123;
COMMIT;

-- UPDATING EMPLOYEE SALARY 133 --
BEGIN;
UPDATE employees SET salary = salary + 8443 WHERE employee_id = 133;
COMMIT;

-- UPDATING EMPLOYEE SALARY 64 --
BEGIN;
UPDATE employees SET salary = salary + 2232 WHERE employee_id = 64;
COMMIT;

-- UPDATING EMPLOYEE SALARY 208 --
BEGIN;
UPDATE employees SET salary = salary + 5705 WHERE employee_id = 208;
COMMIT;

-- UPDATING EMPLOYEE SALARY 146 --
BEGIN;
UPDATE employees SET salary = salary + 2211 WHERE employee_id = 146;
COMMIT;

-- UPDATING EMPLOYEE SALARY 242 --
BEGIN;
UPDATE employees SET salary = salary + 4613 WHERE employee_id = 242;
COMMIT;

-- UPDATING EMPLOYEE SALARY 270 --
BEGIN;
UPDATE employees SET salary = salary + 7510 WHERE employee_id = 270;
COMMIT;

-- UPDATING EMPLOYEE SALARY 34 --
BEGIN;
UPDATE employees SET salary = salary + 1202 WHERE employee_id = 34;
COMMIT;

-- UPDATING EMPLOYEE SALARY 76 --
BEGIN;
UPDATE employees SET salary = salary + 9721 WHERE employee_id = 76;
COMMIT;

-- UPDATING EMPLOYEE SALARY 158 --
BEGIN;
UPDATE employees SET salary = salary + 2945 WHERE employee_id = 158;
COMMIT;

-- UPDATING EMPLOYEE SALARY 130 --
BEGIN;
UPDATE employees SET salary = salary + 4616 WHERE employee_id = 130;
COMMIT;

-- UPDATING EMPLOYEE SALARY 268 --
BEGIN;
UPDATE employees SET salary = salary + 1764 WHERE employee_id = 268;
COMMIT;

-- UPDATING EMPLOYEE SALARY 175 --
BEGIN;
UPDATE employees SET salary = salary + 2936 WHERE employee_id = 175;
COMMIT;

-- UPDATING EMPLOYEE SALARY 75 --
BEGIN;
UPDATE employees SET salary = salary + 4894 WHERE employee_id = 75;
COMMIT;

-- UPDATING EMPLOYEE SALARY 151 --
BEGIN;
UPDATE employees SET salary = salary + 8123 WHERE employee_id = 151;
COMMIT;

-- UPDATING EMPLOYEE SALARY 58 --
BEGIN;
UPDATE employees SET salary = salary + 6952 WHERE employee_id = 58;
COMMIT;

-- UPDATING EMPLOYEE SALARY 77 --
BEGIN;
UPDATE employees SET salary = salary + 5593 WHERE employee_id = 77;
COMMIT;

-- UPDATING EMPLOYEE SALARY 158 --
BEGIN;
UPDATE employees SET salary = salary + 7959 WHERE employee_id = 158;
COMMIT;

-- UPDATING EMPLOYEE SALARY 41 --
BEGIN;
UPDATE employees SET salary = salary + 1074 WHERE employee_id = 41;
COMMIT;

-- UPDATING EMPLOYEE SALARY 228 --
BEGIN;
UPDATE employees SET salary = salary + 8056 WHERE employee_id = 228;
COMMIT;

-- UPDATING EMPLOYEE SALARY 137 --
BEGIN;
UPDATE employees SET salary = salary + 339 WHERE employee_id = 137;
COMMIT;

-- UPDATING EMPLOYEE SALARY 85 --
BEGIN;
UPDATE employees SET salary = salary + 5594 WHERE employee_id = 85;
COMMIT;

-- UPDATING EMPLOYEE SALARY 166 --
BEGIN;
UPDATE employees SET salary = salary + 7739 WHERE employee_id = 166;
COMMIT;

-- UPDATING EMPLOYEE SALARY 44 --
BEGIN;
UPDATE employees SET salary = salary + 9074 WHERE employee_id = 44;
COMMIT;

-- UPDATING EMPLOYEE SALARY 255 --
BEGIN;
UPDATE employees SET salary = salary + 9424 WHERE employee_id = 255;
COMMIT;

-- UPDATING EMPLOYEE SALARY 189 --
BEGIN;
UPDATE employees SET salary = salary + 647 WHERE employee_id = 189;
COMMIT;

-- UPDATING EMPLOYEE SALARY 265 --
BEGIN;
UPDATE employees SET salary = salary + 674 WHERE employee_id = 265;
COMMIT;

-- UPDATING EMPLOYEE SALARY 9 --
BEGIN;
UPDATE employees SET salary = salary + 7125 WHERE employee_id = 9;
COMMIT;

-- UPDATING EMPLOYEE SALARY 177 --
BEGIN;
UPDATE employees SET salary = salary + 547 WHERE employee_id = 177;
COMMIT;

-- UPDATING EMPLOYEE SALARY 34 --
BEGIN;
UPDATE employees SET salary = salary + 5883 WHERE employee_id = 34;
COMMIT;

-- UPDATING EMPLOYEE SALARY 162 --
BEGIN;
UPDATE employees SET salary = salary + 9957 WHERE employee_id = 162;
COMMIT;

-- UPDATING EMPLOYEE SALARY 130 --
BEGIN;
UPDATE employees SET salary = salary + 3678 WHERE employee_id = 130;
COMMIT;

-- UPDATING EMPLOYEE SALARY 129 --
BEGIN;
UPDATE employees SET salary = salary + 1128 WHERE employee_id = 129;
COMMIT;

-- UPDATING EMPLOYEE SALARY 243 --
BEGIN;
UPDATE employees SET salary = salary + 8467 WHERE employee_id = 243;
COMMIT;

-- UPDATING EMPLOYEE SALARY 25 --
BEGIN;
UPDATE employees SET salary = salary + 9265 WHERE employee_id = 25;
COMMIT;

-- UPDATING EMPLOYEE SALARY 85 --
BEGIN;
UPDATE employees SET salary = salary + 5138 WHERE employee_id = 85;
COMMIT;

-- UPDATING EMPLOYEE SALARY 141 --
BEGIN;
UPDATE employees SET salary = salary + 6588 WHERE employee_id = 141;
COMMIT;

-- UPDATING EMPLOYEE SALARY 178 --
BEGIN;
UPDATE employees SET salary = salary + 1839 WHERE employee_id = 178;
COMMIT;

-- UPDATING EMPLOYEE SALARY 258 --
BEGIN;
UPDATE employees SET salary = salary + 5273 WHERE employee_id = 258;
COMMIT;

-- UPDATING EMPLOYEE SALARY 97 --
BEGIN;
UPDATE employees SET salary = salary + 7387 WHERE employee_id = 97;
COMMIT;

-- UPDATING EMPLOYEE SALARY 139 --
BEGIN;
UPDATE employees SET salary = salary + 7553 WHERE employee_id = 139;
COMMIT;

-- UPDATING EMPLOYEE SALARY 125 --
BEGIN;
UPDATE employees SET salary = salary + 7170 WHERE employee_id = 125;
COMMIT;

-- UPDATING EMPLOYEE SALARY 223 --
BEGIN;
UPDATE employees SET salary = salary + 2256 WHERE employee_id = 223;
COMMIT;

-- UPDATING EMPLOYEE SALARY 90 --
BEGIN;
UPDATE employees SET salary = salary + 1328 WHERE employee_id = 90;
COMMIT;

-- UPDATING EMPLOYEE SALARY 158 --
BEGIN;
UPDATE employees SET salary = salary + 5027 WHERE employee_id = 158;
COMMIT;

-- UPDATING EMPLOYEE SALARY 58 --
BEGIN;
UPDATE employees SET salary = salary + 9707 WHERE employee_id = 58;
COMMIT;

-- UPDATING EMPLOYEE SALARY 268 --
BEGIN;
UPDATE employees SET salary = salary + 5898 WHERE employee_id = 268;
COMMIT;

-- UPDATING EMPLOYEE SALARY 60 --
BEGIN;
UPDATE employees SET salary = salary + 374 WHERE employee_id = 60;
COMMIT;

-- UPDATING EMPLOYEE SALARY 88 --
BEGIN;
UPDATE employees SET salary = salary + 490 WHERE employee_id = 88;
COMMIT;

-- UPDATING EMPLOYEE SALARY 104 --
BEGIN;
UPDATE employees SET salary = salary + 4188 WHERE employee_id = 104;
COMMIT;

-- UPDATING EMPLOYEE SALARY 49 --
BEGIN;
UPDATE employees SET salary = salary + 518 WHERE employee_id = 49;
COMMIT;

-- UPDATING EMPLOYEE SALARY 221 --
BEGIN;
UPDATE employees SET salary = salary + 6665 WHERE employee_id = 221;
COMMIT;

-- UPDATING EMPLOYEE SALARY 150 --
BEGIN;
UPDATE employees SET salary = salary + 6810 WHERE employee_id = 150;
COMMIT;

-- UPDATING EMPLOYEE SALARY 220 --
BEGIN;
UPDATE employees SET salary = salary + 2235 WHERE employee_id = 220;
COMMIT;

-- UPDATING EMPLOYEE SALARY 182 --
BEGIN;
UPDATE employees SET salary = salary + 7827 WHERE employee_id = 182;
COMMIT;

-- UPDATING EMPLOYEE SALARY 264 --
BEGIN;
UPDATE employees SET salary = salary + 4240 WHERE employee_id = 264;
COMMIT;

-- UPDATING EMPLOYEE SALARY 264 --
BEGIN;
UPDATE employees SET salary = salary + 9746 WHERE employee_id = 264;
COMMIT;

-- UPDATING EMPLOYEE SALARY 213 --
BEGIN;
UPDATE employees SET salary = salary + 8634 WHERE employee_id = 213;
COMMIT;

-- UPDATING EMPLOYEE SALARY 242 --
BEGIN;
UPDATE employees SET salary = salary + 2489 WHERE employee_id = 242;
COMMIT;

-- UPDATING EMPLOYEE SALARY 170 --
BEGIN;
UPDATE employees SET salary = salary + 7279 WHERE employee_id = 170;
COMMIT;

-- UPDATING EMPLOYEE SALARY 26 --
BEGIN;
UPDATE employees SET salary = salary + 9006 WHERE employee_id = 26;
COMMIT;

-- UPDATING EMPLOYEE SALARY 260 --
BEGIN;
UPDATE employees SET salary = salary + 6727 WHERE employee_id = 260;
COMMIT;

-- UPDATING EMPLOYEE SALARY 242 --
BEGIN;
UPDATE employees SET salary = salary + 5356 WHERE employee_id = 242;
COMMIT;

-- UPDATING EMPLOYEE SALARY 197 --
BEGIN;
UPDATE employees SET salary = salary + 4791 WHERE employee_id = 197;
COMMIT;

-- UPDATING EMPLOYEE SALARY 136 --
BEGIN;
UPDATE employees SET salary = salary + 5606 WHERE employee_id = 136;
COMMIT;

-- UPDATING EMPLOYEE SALARY 87 --
BEGIN;
UPDATE employees SET salary = salary + 9552 WHERE employee_id = 87;
COMMIT;

-- UPDATING EMPLOYEE SALARY 245 --
BEGIN;
UPDATE employees SET salary = salary + 6798 WHERE employee_id = 245;
COMMIT;

-- UPDATING EMPLOYEE SALARY 92 --
BEGIN;
UPDATE employees SET salary = salary + 6042 WHERE employee_id = 92;
COMMIT;

-- UPDATING EMPLOYEE SALARY 223 --
BEGIN;
UPDATE employees SET salary = salary + 4762 WHERE employee_id = 223;
COMMIT;

-- UPDATING EMPLOYEE SALARY 198 --
BEGIN;
UPDATE employees SET salary = salary + 1627 WHERE employee_id = 198;
COMMIT;

-- UPDATING EMPLOYEE SALARY 272 --
BEGIN;
UPDATE employees SET salary = salary + 119 WHERE employee_id = 272;
COMMIT;

-- UPDATING EMPLOYEE SALARY 184 --
BEGIN;
UPDATE employees SET salary = salary + 2272 WHERE employee_id = 184;
COMMIT;

-- UPDATING EMPLOYEE SALARY 124 --
BEGIN;
UPDATE employees SET salary = salary + 2392 WHERE employee_id = 124;
COMMIT;

-- UPDATING EMPLOYEE SALARY 119 --
BEGIN;
UPDATE employees SET salary = salary + 6466 WHERE employee_id = 119;
COMMIT;

-- UPDATING EMPLOYEE SALARY 182 --
BEGIN;
UPDATE employees SET salary = salary + 8189 WHERE employee_id = 182;
COMMIT;

-- UPDATING EMPLOYEE SALARY 160 --
BEGIN;
UPDATE employees SET salary = salary + 5281 WHERE employee_id = 160;
COMMIT;

-- UPDATING EMPLOYEE SALARY 103 --
BEGIN;
UPDATE employees SET salary = salary + 5652 WHERE employee_id = 103;
COMMIT;

-- UPDATING EMPLOYEE SALARY 121 --
BEGIN;
UPDATE employees SET salary = salary + 5280 WHERE employee_id = 121;
COMMIT;

-- UPDATING EMPLOYEE SALARY 262 --
BEGIN;
UPDATE employees SET salary = salary + 8700 WHERE employee_id = 262;
COMMIT;

-- UPDATING EMPLOYEE SALARY 184 --
BEGIN;
UPDATE employees SET salary = salary + 6033 WHERE employee_id = 184;
COMMIT;

-- UPDATING EMPLOYEE SALARY 124 --
BEGIN;
UPDATE employees SET salary = salary + 9462 WHERE employee_id = 124;
COMMIT;

-- UPDATING EMPLOYEE SALARY 38 --
BEGIN;
UPDATE employees SET salary = salary + 2117 WHERE employee_id = 38;
COMMIT;

-- UPDATING EMPLOYEE SALARY 135 --
BEGIN;
UPDATE employees SET salary = salary + 6288 WHERE employee_id = 135;
COMMIT;

-- UPDATING EMPLOYEE SALARY 26 --
BEGIN;
UPDATE employees SET salary = salary + 9696 WHERE employee_id = 26;
COMMIT;

-- UPDATING EMPLOYEE SALARY 66 --
BEGIN;
UPDATE employees SET salary = salary + 4431 WHERE employee_id = 66;
COMMIT;

-- UPDATING EMPLOYEE SALARY 158 --
BEGIN;
UPDATE employees SET salary = salary + 4686 WHERE employee_id = 158;
COMMIT;

-- UPDATING EMPLOYEE SALARY 150 --
BEGIN;
UPDATE employees SET salary = salary + 5742 WHERE employee_id = 150;
COMMIT;

-- UPDATING EMPLOYEE SALARY 196 --
BEGIN;
UPDATE employees SET salary = salary + 1687 WHERE employee_id = 196;
COMMIT;

-- UPDATING EMPLOYEE SALARY 220 --
BEGIN;
UPDATE employees SET salary = salary + 1278 WHERE employee_id = 220;
COMMIT;

-- UPDATING EMPLOYEE SALARY 73 --
BEGIN;
UPDATE employees SET salary = salary + 2782 WHERE employee_id = 73;
COMMIT;

-- UPDATING EMPLOYEE SALARY 264 --
BEGIN;
UPDATE employees SET salary = salary + 7760 WHERE employee_id = 264;
COMMIT;

-- UPDATING EMPLOYEE SALARY 184 --
BEGIN;
UPDATE employees SET salary = salary + 6969 WHERE employee_id = 184;
COMMIT;

-- UPDATING EMPLOYEE SALARY 128 --
BEGIN;
UPDATE employees SET salary = salary + 5327 WHERE employee_id = 128;
COMMIT;

-- UPDATING EMPLOYEE SALARY 148 --
BEGIN;
UPDATE employees SET salary = salary + 3028 WHERE employee_id = 148;
COMMIT;

-- UPDATING EMPLOYEE SALARY 128 --
BEGIN;
UPDATE employees SET salary = salary + 7406 WHERE employee_id = 128;
COMMIT;

-- UPDATING EMPLOYEE SALARY 75 --
BEGIN;
UPDATE employees SET salary = salary + 4930 WHERE employee_id = 75;
COMMIT;

-- UPDATING EMPLOYEE SALARY 36 --
BEGIN;
UPDATE employees SET salary = salary + 8485 WHERE employee_id = 36;
COMMIT;

-- UPDATING EMPLOYEE SALARY 204 --
BEGIN;
UPDATE employees SET salary = salary + 2592 WHERE employee_id = 204;
COMMIT;

-- UPDATING EMPLOYEE SALARY 66 --
BEGIN;
UPDATE employees SET salary = salary + 7486 WHERE employee_id = 66;
COMMIT;

-- UPDATING EMPLOYEE SALARY 131 --
BEGIN;
UPDATE employees SET salary = salary + 3349 WHERE employee_id = 131;
COMMIT;

-- UPDATING EMPLOYEE SALARY 214 --
BEGIN;
UPDATE employees SET salary = salary + 2006 WHERE employee_id = 214;
COMMIT;

-- UPDATING EMPLOYEE SALARY 260 --
BEGIN;
UPDATE employees SET salary = salary + 7396 WHERE employee_id = 260;
COMMIT;

-- UPDATING EMPLOYEE SALARY 272 --
BEGIN;
UPDATE employees SET salary = salary + 740 WHERE employee_id = 272;
COMMIT;

-- UPDATING EMPLOYEE SALARY 267 --
BEGIN;
UPDATE employees SET salary = salary + 4294 WHERE employee_id = 267;
COMMIT;

-- UPDATING EMPLOYEE SALARY 97 --
BEGIN;
UPDATE employees SET salary = salary + 918 WHERE employee_id = 97;
COMMIT;

-- UPDATING EMPLOYEE SALARY 177 --
BEGIN;
UPDATE employees SET salary = salary + 2524 WHERE employee_id = 177;
COMMIT;

-- UPDATING EMPLOYEE SALARY 187 --
BEGIN;
UPDATE employees SET salary = salary + 4540 WHERE employee_id = 187;
COMMIT;

-- UPDATING EMPLOYEE SALARY 258 --
BEGIN;
UPDATE employees SET salary = salary + 8572 WHERE employee_id = 258;
COMMIT;

-- UPDATING EMPLOYEE SALARY 102 --
BEGIN;
UPDATE employees SET salary = salary + 3110 WHERE employee_id = 102;
COMMIT;

-- UPDATING EMPLOYEE SALARY 176 --
BEGIN;
UPDATE employees SET salary = salary + 584 WHERE employee_id = 176;
COMMIT;

-- UPDATING EMPLOYEE SALARY 227 --
BEGIN;
UPDATE employees SET salary = salary + 6787 WHERE employee_id = 227;
COMMIT;

-- UPDATING EMPLOYEE SALARY 91 --
BEGIN;
UPDATE employees SET salary = salary + 4512 WHERE employee_id = 91;
COMMIT;

-- UPDATING EMPLOYEE SALARY 88 --
BEGIN;
UPDATE employees SET salary = salary + 7585 WHERE employee_id = 88;
COMMIT;

-- UPDATING EMPLOYEE SALARY 184 --
BEGIN;
UPDATE employees SET salary = salary + 8490 WHERE employee_id = 184;
COMMIT;

-- UPDATING EMPLOYEE SALARY 46 --
BEGIN;
UPDATE employees SET salary = salary + 2376 WHERE employee_id = 46;
COMMIT;

-- UPDATING EMPLOYEE SALARY 273 --
BEGIN;
UPDATE employees SET salary = salary + 7424 WHERE employee_id = 273;
COMMIT;

-- UPDATING EMPLOYEE SALARY 41 --
BEGIN;
UPDATE employees SET salary = salary + 1296 WHERE employee_id = 41;
COMMIT;

-- UPDATING EMPLOYEE SALARY 76 --
BEGIN;
UPDATE employees SET salary = salary + 6738 WHERE employee_id = 76;
COMMIT;

-- UPDATING EMPLOYEE SALARY 68 --
BEGIN;
UPDATE employees SET salary = salary + 3085 WHERE employee_id = 68;
COMMIT;

-- UPDATING EMPLOYEE SALARY 118 --
BEGIN;
UPDATE employees SET salary = salary + 2703 WHERE employee_id = 118;
COMMIT;

-- UPDATING EMPLOYEE SALARY 124 --
BEGIN;
UPDATE employees SET salary = salary + 2025 WHERE employee_id = 124;
COMMIT;

-- UPDATING EMPLOYEE SALARY 231 --
BEGIN;
UPDATE employees SET salary = salary + 6323 WHERE employee_id = 231;
COMMIT;

-- UPDATING EMPLOYEE SALARY 204 --
BEGIN;
UPDATE employees SET salary = salary + 8142 WHERE employee_id = 204;
COMMIT;

-- UPDATING EMPLOYEE SALARY 268 --
BEGIN;
UPDATE employees SET salary = salary + 3643 WHERE employee_id = 268;
COMMIT;

-- UPDATING EMPLOYEE SALARY 62 --
BEGIN;
UPDATE employees SET salary = salary + 2275 WHERE employee_id = 62;
COMMIT;

-- UPDATING EMPLOYEE SALARY 158 --
BEGIN;
UPDATE employees SET salary = salary + 9913 WHERE employee_id = 158;
COMMIT;

-- UPDATING EMPLOYEE SALARY 198 --
BEGIN;
UPDATE employees SET salary = salary + 8351 WHERE employee_id = 198;
COMMIT;

-- UPDATING EMPLOYEE SALARY 150 --
BEGIN;
UPDATE employees SET salary = salary + 340 WHERE employee_id = 150;
COMMIT;

-- UPDATING EMPLOYEE SALARY 258 --
BEGIN;
UPDATE employees SET salary = salary + 4340 WHERE employee_id = 258;
COMMIT;

-- UPDATING EMPLOYEE SALARY 228 --
BEGIN;
UPDATE employees SET salary = salary + 6566 WHERE employee_id = 228;
COMMIT;

-- UPDATING EMPLOYEE SALARY 175 --
BEGIN;
UPDATE employees SET salary = salary + 7717 WHERE employee_id = 175;
COMMIT;

-- UPDATING EMPLOYEE SALARY 108 --
BEGIN;
UPDATE employees SET salary = salary + 17 WHERE employee_id = 108;
COMMIT;

-- UPDATING EMPLOYEE SALARY 41 --
BEGIN;
UPDATE employees SET salary = salary + 5883 WHERE employee_id = 41;
COMMIT;

-- INSERTING EMPLOYEE 274 --
BEGIN;
INSERT INTO employees (employee_id, first_name, last_name, email, phone_number, hire_date, job_id, salary,manager_id,department_id) VALUES (274, 'Aaron', 'Paul', 'aaron.paul@gmail.com', '555-6781', '2010-04-10', 19, 390000.00, 247, 566);
INSERT INTO dependents (dependent_id, first_name, last_name, relationship, employee_id) VALUES (822, 'Kate', 'Winslet', 'parent', 274);
COMMIT;

-- INSERTING EMPLOYEE 275 --
BEGIN;
INSERT INTO employees (employee_id, first_name, last_name, email, phone_number, hire_date, job_id, salary,manager_id,department_id) VALUES (275, 'Samuel', 'Jackson', 'samuel.jackson@gmail.com', '555-8903', '1995-05-27', 28, 310000.00, 241, 404);
INSERT INTO dependents (dependent_id, first_name, last_name, relationship, employee_id) VALUES (823, 'Iris', 'Apfel', 'spouse', 275);
COMMIT;

-- INSERTING DEPENDENT 85 --
BEGIN;
INSERT INTO dependents (dependent_id, first_name, last_name, relationship, employee_id) VALUES (824, 'Maria', 'Mayer', 'spouse', 85);
END;

-- INSERTING DEPENDENT 201 --
BEGIN;
INSERT INTO dependents (dependent_id, first_name, last_name, relationship, employee_id) VALUES (825, 'Rita', 'Levi-Montalcini', 'child', 201);
END;

-- UPDATING EMPLOYEE SALARY 207 --
BEGIN;
UPDATE employees SET salary = salary + 8948 WHERE employee_id = 207;
COMMIT;

-- UPDATING EMPLOYEE SALARY 108 --
BEGIN;
UPDATE employees SET salary = salary + 4137 WHERE employee_id = 108;
COMMIT;

-- UPDATING EMPLOYEE SALARY 201 --
BEGIN;
UPDATE employees SET salary = salary + 4224 WHERE employee_id = 201;
COMMIT;

-- UPDATING EMPLOYEE SALARY 222 --
BEGIN;
UPDATE employees SET salary = salary + 7774 WHERE employee_id = 222;
COMMIT;

-- UPDATING EMPLOYEE SALARY 160 --
BEGIN;
UPDATE employees SET salary = salary + 231 WHERE employee_id = 160;
COMMIT;

-- UPDATING EMPLOYEE SALARY 38 --
BEGIN;
UPDATE employees SET salary = salary + 6108 WHERE employee_id = 38;
COMMIT;

-- UPDATING EMPLOYEE SALARY 257 --
BEGIN;
UPDATE employees SET salary = salary + 5065 WHERE employee_id = 257;
COMMIT;

-- UPDATING EMPLOYEE SALARY 60 --
BEGIN;
UPDATE employees SET salary = salary + 9790 WHERE employee_id = 60;
COMMIT;

-- UPDATING EMPLOYEE SALARY 87 --
BEGIN;
UPDATE employees SET salary = salary + 2309 WHERE employee_id = 87;
COMMIT;

-- UPDATING EMPLOYEE SALARY 163 --
BEGIN;
UPDATE employees SET salary = salary + 4991 WHERE employee_id = 163;
COMMIT;

-- UPDATING EMPLOYEE SALARY 199 --
BEGIN;
UPDATE employees SET salary = salary + 6070 WHERE employee_id = 199;
COMMIT;

-- UPDATING EMPLOYEE SALARY 206 --
BEGIN;
UPDATE employees SET salary = salary + 7896 WHERE employee_id = 206;
COMMIT;

-- UPDATING EMPLOYEE SALARY 133 --
BEGIN;
UPDATE employees SET salary = salary + 8083 WHERE employee_id = 133;
COMMIT;

-- UPDATING EMPLOYEE SALARY 269 --
BEGIN;
UPDATE employees SET salary = salary + 5039 WHERE employee_id = 269;
COMMIT;

-- UPDATING EMPLOYEE SALARY 64 --
BEGIN;
UPDATE employees SET salary = salary + 8133 WHERE employee_id = 64;
COMMIT;

-- UPDATING EMPLOYEE SALARY 170 --
BEGIN;
UPDATE employees SET salary = salary + 4777 WHERE employee_id = 170;
COMMIT;

-- UPDATING EMPLOYEE SALARY 46 --
BEGIN;
UPDATE employees SET salary = salary + 1016 WHERE employee_id = 46;
COMMIT;

-- UPDATING EMPLOYEE SALARY 45 --
BEGIN;
UPDATE employees SET salary = salary + 2213 WHERE employee_id = 45;
COMMIT;

-- UPDATING EMPLOYEE SALARY 263 --
BEGIN;
UPDATE employees SET salary = salary + 6526 WHERE employee_id = 263;
COMMIT;

-- UPDATING EMPLOYEE SALARY 214 --
BEGIN;
UPDATE employees SET salary = salary + 8286 WHERE employee_id = 214;
COMMIT;

-- UPDATING EMPLOYEE SALARY 100 --
BEGIN;
UPDATE employees SET salary = salary + 6273 WHERE employee_id = 100;
COMMIT;

-- UPDATING EMPLOYEE SALARY 238 --
BEGIN;
UPDATE employees SET salary = salary + 954 WHERE employee_id = 238;
COMMIT;

-- UPDATING EMPLOYEE SALARY 267 --
BEGIN;
UPDATE employees SET salary = salary + 3477 WHERE employee_id = 267;
COMMIT;

-- UPDATING EMPLOYEE SALARY 199 --
BEGIN;
UPDATE employees SET salary = salary + 2401 WHERE employee_id = 199;
COMMIT;

-- UPDATING EMPLOYEE SALARY 193 --
BEGIN;
UPDATE employees SET salary = salary + 4390 WHERE employee_id = 193;
COMMIT;

-- UPDATING EMPLOYEE SALARY 94 --
BEGIN;
UPDATE employees SET salary = salary + 9542 WHERE employee_id = 94;
COMMIT;

-- UPDATING EMPLOYEE SALARY 245 --
BEGIN;
UPDATE employees SET salary = salary + 8569 WHERE employee_id = 245;
COMMIT;

-- UPDATING EMPLOYEE SALARY 232 --
BEGIN;
UPDATE employees SET salary = salary + 6347 WHERE employee_id = 232;
COMMIT;

-- UPDATING EMPLOYEE SALARY 196 --
BEGIN;
UPDATE employees SET salary = salary + 2659 WHERE employee_id = 196;
COMMIT;

-- UPDATING EMPLOYEE SALARY 250 --
BEGIN;
UPDATE employees SET salary = salary + 9529 WHERE employee_id = 250;
COMMIT;

-- UPDATING EMPLOYEE SALARY 211 --
BEGIN;
UPDATE employees SET salary = salary + 4329 WHERE employee_id = 211;
COMMIT;

-- UPDATING EMPLOYEE SALARY 148 --
BEGIN;
UPDATE employees SET salary = salary + 745 WHERE employee_id = 148;
COMMIT;

-- UPDATING EMPLOYEE SALARY 117 --
BEGIN;
UPDATE employees SET salary = salary + 4275 WHERE employee_id = 117;
COMMIT;

-- UPDATING EMPLOYEE SALARY 253 --
BEGIN;
UPDATE employees SET salary = salary + 6590 WHERE employee_id = 253;
COMMIT;

-- UPDATING EMPLOYEE SALARY 275 --
BEGIN;
UPDATE employees SET salary = salary + 7899 WHERE employee_id = 275;
COMMIT;

-- UPDATING EMPLOYEE SALARY 245 --
BEGIN;
UPDATE employees SET salary = salary + 5856 WHERE employee_id = 245;
COMMIT;

-- UPDATING EMPLOYEE SALARY 126 --
BEGIN;
UPDATE employees SET salary = salary + 7359 WHERE employee_id = 126;
COMMIT;

-- UPDATING EMPLOYEE SALARY 216 --
BEGIN;
UPDATE employees SET salary = salary + 5330 WHERE employee_id = 216;
COMMIT;

-- UPDATING EMPLOYEE SALARY 252 --
BEGIN;
UPDATE employees SET salary = salary + 949 WHERE employee_id = 252;
COMMIT;

-- UPDATING EMPLOYEE SALARY 180 --
BEGIN;
UPDATE employees SET salary = salary + 3627 WHERE employee_id = 180;
COMMIT;

-- UPDATING EMPLOYEE SALARY 194 --
BEGIN;
UPDATE employees SET salary = salary + 7314 WHERE employee_id = 194;
COMMIT;

-- UPDATING EMPLOYEE SALARY 274 --
BEGIN;
UPDATE employees SET salary = salary + 8810 WHERE employee_id = 274;
COMMIT;

-- UPDATING EMPLOYEE SALARY 60 --
BEGIN;
UPDATE employees SET salary = salary + 7639 WHERE employee_id = 60;
COMMIT;

-- UPDATING EMPLOYEE SALARY 199 --
BEGIN;
UPDATE employees SET salary = salary + 2518 WHERE employee_id = 199;
COMMIT;

-- UPDATING EMPLOYEE SALARY 241 --
BEGIN;
UPDATE employees SET salary = salary + 4509 WHERE employee_id = 241;
COMMIT;

-- UPDATING EMPLOYEE SALARY 149 --
BEGIN;
UPDATE employees SET salary = salary + 8817 WHERE employee_id = 149;
COMMIT;

-- UPDATING EMPLOYEE SALARY 117 --
BEGIN;
UPDATE employees SET salary = salary + 2568 WHERE employee_id = 117;
COMMIT;

-- UPDATING EMPLOYEE SALARY 195 --
BEGIN;
UPDATE employees SET salary = salary + 3619 WHERE employee_id = 195;
COMMIT;

-- UPDATING EMPLOYEE SALARY 257 --
BEGIN;
UPDATE employees SET salary = salary + 6112 WHERE employee_id = 257;
COMMIT;

-- UPDATING EMPLOYEE SALARY 265 --
BEGIN;
UPDATE employees SET salary = salary + 5273 WHERE employee_id = 265;
COMMIT;

-- UPDATING EMPLOYEE SALARY 107 --
BEGIN;
UPDATE employees SET salary = salary + 4304 WHERE employee_id = 107;
COMMIT;

-- UPDATING EMPLOYEE SALARY 59 --
BEGIN;
UPDATE employees SET salary = salary + 1874 WHERE employee_id = 59;
COMMIT;

-- UPDATING EMPLOYEE SALARY 265 --
BEGIN;
UPDATE employees SET salary = salary + 4754 WHERE employee_id = 265;
COMMIT;

-- UPDATING EMPLOYEE SALARY 237 --
BEGIN;
UPDATE employees SET salary = salary + 5582 WHERE employee_id = 237;
COMMIT;

-- UPDATING EMPLOYEE SALARY 271 --
BEGIN;
UPDATE employees SET salary = salary + 6674 WHERE employee_id = 271;
COMMIT;

-- UPDATING EMPLOYEE SALARY 257 --
BEGIN;
UPDATE employees SET salary = salary + 6440 WHERE employee_id = 257;
COMMIT;

-- UPDATING EMPLOYEE SALARY 170 --
BEGIN;
UPDATE employees SET salary = salary + 8672 WHERE employee_id = 170;
COMMIT;

-- UPDATING EMPLOYEE SALARY 90 --
BEGIN;
UPDATE employees SET salary = salary + 7972 WHERE employee_id = 90;
COMMIT;

-- UPDATING EMPLOYEE SALARY 27 --
BEGIN;
UPDATE employees SET salary = salary + 7304 WHERE employee_id = 27;
COMMIT;

-- UPDATING EMPLOYEE SALARY 261 --
BEGIN;
UPDATE employees SET salary = salary + 8880 WHERE employee_id = 261;
COMMIT;

-- UPDATING EMPLOYEE SALARY 86 --
BEGIN;
UPDATE employees SET salary = salary + 4808 WHERE employee_id = 86;
COMMIT;

-- UPDATING EMPLOYEE SALARY 126 --
BEGIN;
UPDATE employees SET salary = salary + 6365 WHERE employee_id = 126;
COMMIT;

-- UPDATING EMPLOYEE SALARY 178 --
BEGIN;
UPDATE employees SET salary = salary + 2778 WHERE employee_id = 178;
COMMIT;

-- UPDATING EMPLOYEE SALARY 222 --
BEGIN;
UPDATE employees SET salary = salary + 148 WHERE employee_id = 222;
COMMIT;

-- UPDATING EMPLOYEE SALARY 175 --
BEGIN;
UPDATE employees SET salary = salary + 5486 WHERE employee_id = 175;
COMMIT;

-- UPDATING EMPLOYEE SALARY 117 --
BEGIN;
UPDATE employees SET salary = salary + 6591 WHERE employee_id = 117;
COMMIT;

-- UPDATING EMPLOYEE SALARY 234 --
BEGIN;
UPDATE employees SET salary = salary + 96 WHERE employee_id = 234;
COMMIT;

-- UPDATING EMPLOYEE SALARY 263 --
BEGIN;
UPDATE employees SET salary = salary + 4316 WHERE employee_id = 263;
COMMIT;

-- UPDATING EMPLOYEE SALARY 126 --
BEGIN;
UPDATE employees SET salary = salary + 8764 WHERE employee_id = 126;
COMMIT;

-- UPDATING EMPLOYEE SALARY 137 --
BEGIN;
UPDATE employees SET salary = salary + 3276 WHERE employee_id = 137;
COMMIT;

-- UPDATING EMPLOYEE SALARY 135 --
BEGIN;
UPDATE employees SET salary = salary + 6699 WHERE employee_id = 135;
COMMIT;

-- UPDATING EMPLOYEE SALARY 194 --
BEGIN;
UPDATE employees SET salary = salary + 3705 WHERE employee_id = 194;
COMMIT;

-- UPDATING EMPLOYEE SALARY 158 --
BEGIN;
UPDATE employees SET salary = salary + 5637 WHERE employee_id = 158;
COMMIT;

-- UPDATING EMPLOYEE SALARY 87 --
BEGIN;
UPDATE employees SET salary = salary + 8632 WHERE employee_id = 87;
COMMIT;

-- UPDATING EMPLOYEE SALARY 125 --
BEGIN;
UPDATE employees SET salary = salary + 6047 WHERE employee_id = 125;
COMMIT;

-- UPDATING EMPLOYEE SALARY 223 --
BEGIN;
UPDATE employees SET salary = salary + 9719 WHERE employee_id = 223;
COMMIT;

-- UPDATING EMPLOYEE SALARY 229 --
BEGIN;
UPDATE employees SET salary = salary + 1677 WHERE employee_id = 229;
COMMIT;

-- UPDATING EMPLOYEE SALARY 215 --
BEGIN;
UPDATE employees SET salary = salary + 4047 WHERE employee_id = 215;
COMMIT;

-- UPDATING EMPLOYEE SALARY 248 --
BEGIN;
UPDATE employees SET salary = salary + 947 WHERE employee_id = 248;
COMMIT;

-- UPDATING EMPLOYEE SALARY 274 --
BEGIN;
UPDATE employees SET salary = salary + 9198 WHERE employee_id = 274;
COMMIT;

-- UPDATING EMPLOYEE SALARY 146 --
BEGIN;
UPDATE employees SET salary = salary + 8379 WHERE employee_id = 146;
COMMIT;

-- UPDATING EMPLOYEE SALARY 168 --
BEGIN;
UPDATE employees SET salary = salary + 8172 WHERE employee_id = 168;
COMMIT;

-- UPDATING EMPLOYEE SALARY 195 --
BEGIN;
UPDATE employees SET salary = salary + 6642 WHERE employee_id = 195;
COMMIT;

-- UPDATING EMPLOYEE SALARY 146 --
BEGIN;
UPDATE employees SET salary = salary + 2607 WHERE employee_id = 146;
COMMIT;

-- UPDATING EMPLOYEE SALARY 49 --
BEGIN;
UPDATE employees SET salary = salary + 6675 WHERE employee_id = 49;
COMMIT;

-- UPDATING EMPLOYEE SALARY 218 --
BEGIN;
UPDATE employees SET salary = salary + 356 WHERE employee_id = 218;
COMMIT;

-- UPDATING EMPLOYEE SALARY 192 --
BEGIN;
UPDATE employees SET salary = salary + 337 WHERE employee_id = 192;
COMMIT;

-- UPDATING EMPLOYEE SALARY 204 --
BEGIN;
UPDATE employees SET salary = salary + 6702 WHERE employee_id = 204;
COMMIT;

-- UPDATING EMPLOYEE SALARY 119 --
BEGIN;
UPDATE employees SET salary = salary + 7875 WHERE employee_id = 119;
COMMIT;

-- UPDATING EMPLOYEE SALARY 148 --
BEGIN;
UPDATE employees SET salary = salary + 6310 WHERE employee_id = 148;
COMMIT;

-- UPDATING EMPLOYEE SALARY 65 --
BEGIN;
UPDATE employees SET salary = salary + 7258 WHERE employee_id = 65;
COMMIT;

-- UPDATING EMPLOYEE SALARY 253 --
BEGIN;
UPDATE employees SET salary = salary + 5405 WHERE employee_id = 253;
COMMIT;

-- UPDATING EMPLOYEE SALARY 108 --
BEGIN;
UPDATE employees SET salary = salary + 9002 WHERE employee_id = 108;
COMMIT;

-- UPDATING EMPLOYEE SALARY 225 --
BEGIN;
UPDATE employees SET salary = salary + 2096 WHERE employee_id = 225;
COMMIT;

-- UPDATING EMPLOYEE SALARY 177 --
BEGIN;
UPDATE employees SET salary = salary + 6570 WHERE employee_id = 177;
COMMIT;

-- UPDATING EMPLOYEE SALARY 67 --
BEGIN;
UPDATE employees SET salary = salary + 9476 WHERE employee_id = 67;
COMMIT;

-- UPDATING EMPLOYEE SALARY 87 --
BEGIN;
UPDATE employees SET salary = salary + 8235 WHERE employee_id = 87;
COMMIT;

-- UPDATING EMPLOYEE SALARY 158 --
BEGIN;
UPDATE employees SET salary = salary + 2168 WHERE employee_id = 158;
COMMIT;

-- UPDATING EMPLOYEE SALARY 250 --
BEGIN;
UPDATE employees SET salary = salary + 6055 WHERE employee_id = 250;
COMMIT;

-- UPDATING EMPLOYEE SALARY 155 --
BEGIN;
UPDATE employees SET salary = salary + 5057 WHERE employee_id = 155;
COMMIT;

-- UPDATING EMPLOYEE SALARY 229 --
BEGIN;
UPDATE employees SET salary = salary + 6847 WHERE employee_id = 229;
COMMIT;

-- UPDATING EMPLOYEE SALARY 189 --
BEGIN;
UPDATE employees SET salary = salary + 2874 WHERE employee_id = 189;
COMMIT;

-- UPDATING EMPLOYEE SALARY 253 --
BEGIN;
UPDATE employees SET salary = salary + 454 WHERE employee_id = 253;
COMMIT;

-- UPDATING EMPLOYEE SALARY 241 --
BEGIN;
UPDATE employees SET salary = salary + 4333 WHERE employee_id = 241;
COMMIT;

-- UPDATING EMPLOYEE SALARY 128 --
BEGIN;
UPDATE employees SET salary = salary + 1383 WHERE employee_id = 128;
COMMIT;

-- UPDATING EMPLOYEE SALARY 133 --
BEGIN;
UPDATE employees SET salary = salary + 5021 WHERE employee_id = 133;
COMMIT;

-- UPDATING EMPLOYEE SALARY 207 --
BEGIN;
UPDATE employees SET salary = salary + 9492 WHERE employee_id = 207;
COMMIT;

-- UPDATING EMPLOYEE SALARY 150 --
BEGIN;
UPDATE employees SET salary = salary + 8935 WHERE employee_id = 150;
COMMIT;

-- INSERTING EMPLOYEE 276 --
BEGIN;
INSERT INTO employees (employee_id, first_name, last_name, email, phone_number, hire_date, job_id, salary,manager_id,department_id) VALUES (276, 'Freddie', 'Mercury', 'freddie.mercury@gmail.com', '555-1236', '1991-01-27', 20, 440000.00, 25, 587);
COMMIT;

-- INSERTING EMPLOYEE 277 --
BEGIN;
INSERT INTO employees (employee_id, first_name, last_name, email, phone_number, hire_date, job_id, salary,manager_id,department_id) VALUES (277, 'Ian', 'Malcolm', 'ian.malcolm@gmail.com', '555-3210', '2017-12-22', 18, 150000.00, 202, 142);
INSERT INTO dependents (dependent_id, first_name, last_name, relationship, employee_id) VALUES (826, 'Lise', 'Meitner', 'child', 277);
INSERT INTO dependents (dependent_id, first_name, last_name, relationship, employee_id) VALUES (827, 'Tom', 'Cruise', 'spouse', 277);
INSERT INTO dependents (dependent_id, first_name, last_name, relationship, employee_id) VALUES (828, 'Michael', 'Faraday', 'child', 277);
COMMIT;

-- INSERTING DEPENDENT 103 --
BEGIN;
INSERT INTO dependents (dependent_id, first_name, last_name, relationship, employee_id) VALUES (829, 'Barbara', 'McClintock', 'parent', 103);
END;

-- INSERTING DEPENDENT 129 --
BEGIN;
INSERT INTO dependents (dependent_id, first_name, last_name, relationship, employee_id) VALUES (830, 'Carl', 'Sagan', 'spouse', 129);
END;

-- UPDATING EMPLOYEE SALARY 84 --
BEGIN;
UPDATE employees SET salary = salary + 8150 WHERE employee_id = 84;
COMMIT;

-- UPDATING EMPLOYEE SALARY 200 --
BEGIN;
UPDATE employees SET salary = salary + 4957 WHERE employee_id = 200;
COMMIT;

-- UPDATING EMPLOYEE SALARY 249 --
BEGIN;
UPDATE employees SET salary = salary + 2741 WHERE employee_id = 249;
COMMIT;

-- UPDATING EMPLOYEE SALARY 44 --
BEGIN;
UPDATE employees SET salary = salary + 4284 WHERE employee_id = 44;
COMMIT;

-- UPDATING EMPLOYEE SALARY 118 --
BEGIN;
UPDATE employees SET salary = salary + 6064 WHERE employee_id = 118;
COMMIT;

-- UPDATING EMPLOYEE SALARY 160 --
BEGIN;
UPDATE employees SET salary = salary + 8764 WHERE employee_id = 160;
COMMIT;

-- UPDATING EMPLOYEE SALARY 130 --
BEGIN;
UPDATE employees SET salary = salary + 9979 WHERE employee_id = 130;
COMMIT;

-- UPDATING EMPLOYEE SALARY 141 --
BEGIN;
UPDATE employees SET salary = salary + 8016 WHERE employee_id = 141;
COMMIT;

-- UPDATING EMPLOYEE SALARY 158 --
BEGIN;
UPDATE employees SET salary = salary + 3513 WHERE employee_id = 158;
COMMIT;

-- UPDATING EMPLOYEE SALARY 92 --
BEGIN;
UPDATE employees SET salary = salary + 9964 WHERE employee_id = 92;
COMMIT;

-- UPDATING EMPLOYEE SALARY 209 --
BEGIN;
UPDATE employees SET salary = salary + 7082 WHERE employee_id = 209;
COMMIT;

-- UPDATING EMPLOYEE SALARY 194 --
BEGIN;
UPDATE employees SET salary = salary + 9000 WHERE employee_id = 194;
COMMIT;

-- UPDATING EMPLOYEE SALARY 243 --
BEGIN;
UPDATE employees SET salary = salary + 1684 WHERE employee_id = 243;
COMMIT;

-- UPDATING EMPLOYEE SALARY 64 --
BEGIN;
UPDATE employees SET salary = salary + 5082 WHERE employee_id = 64;
COMMIT;

-- UPDATING EMPLOYEE SALARY 66 --
BEGIN;
UPDATE employees SET salary = salary + 4822 WHERE employee_id = 66;
COMMIT;

-- UPDATING EMPLOYEE SALARY 177 --
BEGIN;
UPDATE employees SET salary = salary + 7282 WHERE employee_id = 177;
COMMIT;

-- UPDATING EMPLOYEE SALARY 27 --
BEGIN;
UPDATE employees SET salary = salary + 3226 WHERE employee_id = 27;
COMMIT;

-- UPDATING EMPLOYEE SALARY 118 --
BEGIN;
UPDATE employees SET salary = salary + 7729 WHERE employee_id = 118;
COMMIT;

-- UPDATING EMPLOYEE SALARY 231 --
BEGIN;
UPDATE employees SET salary = salary + 6339 WHERE employee_id = 231;
COMMIT;

-- UPDATING EMPLOYEE SALARY 275 --
BEGIN;
UPDATE employees SET salary = salary + 7145 WHERE employee_id = 275;
COMMIT;

-- UPDATING EMPLOYEE SALARY 237 --
BEGIN;
UPDATE employees SET salary = salary + 4012 WHERE employee_id = 237;
COMMIT;

-- UPDATING EMPLOYEE SALARY 256 --
BEGIN;
UPDATE employees SET salary = salary + 4725 WHERE employee_id = 256;
COMMIT;

-- UPDATING EMPLOYEE SALARY 173 --
BEGIN;
UPDATE employees SET salary = salary + 3024 WHERE employee_id = 173;
COMMIT;

-- UPDATING EMPLOYEE SALARY 256 --
BEGIN;
UPDATE employees SET salary = salary + 4908 WHERE employee_id = 256;
COMMIT;

-- UPDATING EMPLOYEE SALARY 72 --
BEGIN;
UPDATE employees SET salary = salary + 9093 WHERE employee_id = 72;
COMMIT;

-- VERIFY --
## verify
SELECT * FROM regions ORDER BY region_id;
SELECT * FROM countries ORDER BY country_id;
SELECT * FROM locations ORDER BY location_id;
SELECT * FROM jobs ORDER BY job_id;
SELECT * FROM departments ORDER BY department_id;
SELECT * FROM employees ORDER BY employee_id;
SELECT * FROM dependents ORDER BY dependent_id;

-- END OF TEST --
## cleanup
BEGIN;
DROP TABLE IF EXISTS dependents CASCADE;
DROP TABLE IF EXISTS employees CASCADE;
DROP TABLE IF EXISTS departments CASCADE;
DROP TABLE IF EXISTS jobs CASCADE;
DROP TABLE IF EXISTS locations CASCADE;
DROP TABLE IF EXISTS countries CASCADE;
DROP TABLE IF EXISTS regions CASCADE;
COMMIT;
